age,income,web_visits,ad_clicks,time_on_site,converted
56,42.95226467851793,11,4,8.199579493630942,1
69,69.50731221384021,13,4,7.243761045976441,1
46,72.64908433284602,20,0,6.782121090601918,1
32,50.5164364979207,6,2,5.538665564685872,0
60,44.5645608521425,9,5,3.7443042197120677,0
25,92.19041331551946,8,4,3.96926867729675,1
38,64.54991751464108,8,2,5.470433969311932,0
56,72.71935501423476,4,2,5.877059706255684,0
36,43.558479763441454,12,3,3.062230423705394,0
40,35.614310669556126,7,2,7.492258978894874,0
28,48.61100451015779,5,3,7.8150420670192755,1
28,57.51957225220006,12,3,6.587833221926864,1
41,38.715599863653026,8,2,8.00707887006305,0
53,59.80310382699234,11,4,6.276504006021692,1
57,26.229896238629998,8,0,5.548303768720503,0
41,37.59905155060255,16,3,5.1024308953434465,1
20,73.4182249655375,8,2,4.366117615166558,1
39,72.07581040555789,10,1,4.989602794678322,0
19,52.162464692262674,8,6,2.918279580136398,1
41,39.64471381846094,11,3,4.8327973710154595,0
61,39.45192896947978,5,2,2.663304012149786,0
47,52.53463508117372,9,2,3.3983579869357974,0
55,72.89036983290583,15,1,7.457103207661418,1
19,78.5649138268865,10,2,7.364337532165344,1
38,50.06936529036062,10,3,3.325534976903298,0
50,36.930151480304325,12,3,6.740208583392061,1
29,65.35687275732667,8,4,3.8232473797393816,1
39,43.52930058748301,10,2,3.6722677520495592,0
61,49.63494722277595,12,1,7.784611725964194,0
42,86.50552180874075,7,0,2.811230251721816,0
66,76.54230857131536,12,4,1.4253874838169338,0
44,63.159486245029036,9,3,3.6689897033688856,0
59,34.56161997774554,10,2,3.796128697621376,0
45,64.22793134941318,7,1,4.253807558189944,0
33,81.25314581575053,12,2,1.5585725877904926,0
32,52.487326684689286,11,4,5.702532084028629,1
64,87.0222817997343,19,1,8.79284267392829,1
68,85.85490579036414,9,6,5.603224950804114,1
61,93.27465664286947,9,2,4.557487088192688,0
69,66.10486253062706,11,6,6.33631502173604,1
20,71.74783399612025,11,5,5.149847284439019,1
54,88.28374576662179,9,6,5.114194825811578,1
68,68.94787874137951,10,2,4.835372090289323,0
24,49.97531784419574,10,5,5.435123496643777,1
38,51.02914326944277,12,4,4.178398563236902,1
26,64.77109907547478,9,3,1.7434544048296954,0
56,34.188771561075626,11,1,8.69749339881875,0
35,57.134821692716145,8,1,6.059962129241503,0
21,81.93094236460507,6,2,3.596868764675037,0
42,16.174922976694376,12,2,5.702306145266638,0
31,90.6896420358903,14,3,2.7400442942831895,1
67,82.4474843740632,9,4,5.7608519608373205,1
26,50.804707683390475,9,2,6.4850501776936325,1
43,70.86781655743619,15,1,7.0658822358790765,1
19,60.06295453812653,14,3,6.137594986850866,1
37,84.59980736877367,7,1,4.620101344608128,0
45,79.65366285539882,9,5,7.0484531134545545,1
64,31.998585536339817,9,2,3.895979440440259,0
24,71.74524826928354,4,2,5.596503164127757,0
61,55.88744292713505,13,2,3.5409855475850653,0
25,61.656651410361995,12,1,5.459545105639929,1
64,45.436561980603685,6,4,7.988298866134224,0
52,94.96274138241671,9,3,6.545705749062564,1
31,80.80123639805151,9,4,6.8441189389617225,1
34,45.20457672054066,8,7,7.227395641641575,1
53,33.30778786179535,7,2,4.859725476961515,0
67,52.28654738044304,6,6,3.2539511407504267,0
57,68.69005292182612,16,3,1.2928154245371588,0
21,64.80411687892446,16,2,2.831937030330591,1
19,85.06265649536488,8,1,5.234012666356938,1
23,75.79839444361704,12,5,1.0,1
59,79.39138051505813,16,2,5.354089142199719,1
21,66.53710801220875,12,4,5.987807855672563,1
46,32.2140253957802,6,4,1.8716377265692965,0
35,56.08602937706197,10,4,6.75846730634447,1
43,81.20179479817331,7,2,4.157155842718884,0
61,58.96954142950708,9,1,1.7293695395104183,0
51,70.06180737247493,6,4,1.614348923324433,0
27,53.625033695077335,12,2,4.888725720508432,1
53,39.4037630291631,11,7,5.169626018226776,1
31,57.53311871907779,15,4,4.970453965443852,1
48,66.18094886065307,3,3,7.073951921923773,0
65,46.88624561077113,4,6,5.124152684058027,0
32,55.28577510286663,9,4,3.839177007903799,1
25,41.21073516028035,6,3,4.359029620016103,0
31,82.38489835128192,8,5,7.163057612725941,1
40,54.11088484823932,9,2,2.758853483512001,0
57,89.05511090252367,16,5,5.318038755674651,1
38,90.57495701081817,10,2,5.4101204775759655,1
33,58.37908070556512,7,2,7.045666285377919,1
62,39.83102534905301,6,1,5.223382391160982,0
35,18.282042445333254,11,4,3.0868515325759383,0
64,30.559258539464167,12,4,5.384357700535964,0
41,32.5233035020268,16,3,6.4386449862855635,1
43,87.56939254923009,11,2,5.279530056434677,1
42,62.31649174453892,10,4,7.192780856471563,1
62,67.79209048183975,8,2,2.3864750822889103,0
58,15.59157982129748,10,2,4.684838865835236,0
46,36.04067141565477,10,1,5.0120103069067845,0
32,77.74159552892574,9,1,6.544842509385781,1
62,65.73548224765173,8,0,6.798982529286009,0
18,57.055894426288056,10,2,5.048462493291873,1
42,71.29684717200246,6,5,4.2782609648391485,1
24,92.7159561227163,13,4,5.376222826947363,1
26,55.57915072925899,16,1,2.718762344453407,0
41,61.38739605316139,7,1,4.021437770291468,0
18,63.8519383746261,9,4,6.139954366592122,1
61,107.84219270547985,8,3,5.707156234695515,1
25,18.01287471161949,8,5,3.6754368523117535,0
41,73.66446029577617,12,3,3.436271128540122,1
28,57.703955024818725,6,4,3.401160560881591,0
68,71.33543452368359,8,3,3.538942719648302,0
34,46.85254892010551,10,1,5.294554405295133,0
25,59.020699382831,5,2,7.402363965485975,1
52,74.22821158930991,18,2,7.644160722204106,1
52,122.25820402087682,8,5,3.1562653619973813,1
50,76.16072378804142,6,4,5.659906674017057,1
22,43.038688039389825,11,1,5.563453488525506,0
59,51.524806359545934,10,4,5.423649581871003,0
56,50.93171783232292,7,2,3.04638237458057,0
58,24.0871365473997,7,10,3.51562957794776,1
45,53.39819616597126,10,2,5.689766129159108,0
24,74.65658163643491,12,2,4.230382217264182,1
26,34.515357618464094,13,0,5.181075912012401,0
25,80.96965302101185,15,2,2.9727680484480627,1
29,69.75549642168676,13,3,4.020766749200185,1
51,45.31533356057924,7,6,2.332120059078881,0
50,57.16940725324305,10,2,5.528610471157098,0
65,91.96643615282066,6,8,4.303652483168328,1
40,74.67095627011732,10,1,5.531457423272954,0
41,60.17567309796296,14,4,4.266780412235601,1
54,55.246333660780316,9,3,5.471327285823242,0
52,61.53218140903319,11,0,8.610304930696493,0
61,49.76472884115393,10,1,3.9524461272302203,0
57,17.905009885619705,14,3,5.982892534467776,0
39,100.84355821069462,11,2,3.6814010481906894,1
44,63.10649998398803,8,2,4.735906301687722,0
52,67.96294530245075,10,0,5.945847279962507,0
18,58.841845002461824,9,2,5.566491178348203,1
52,45.29766398550824,8,0,6.381642992773253,0
54,56.28151038102459,12,3,6.912872024697204,1
64,28.012104756113775,10,4,6.329587666378976,0
31,105.5417299610661,12,2,6.840481081954572,1
20,35.30976003155208,10,4,5.426007864592659,1
18,39.360674323056415,14,4,3.542817822312805,1
22,51.19481591227199,17,4,6.601304717629317,1
43,85.76151449704756,13,2,4.237205642796644,1
31,60.29017998525308,8,3,6.387821479546495,1
56,35.27728407939075,6,0,2.489925315787569,0
44,85.08676721514679,14,4,4.288452593515643,1
26,74.62001253570963,6,2,3.6175997570756495,0
32,70.76869914432905,6,4,5.78492520057686,1
32,74.31468482341681,11,1,3.8457905214166415,0
43,107.88723801164902,9,4,4.969537787132221,1
59,103.70189790072224,15,3,4.709337161511189,1
30,46.26569313993409,3,3,7.0531146588938025,0
68,92.47769985622304,11,4,5.941696457682738,1
49,67.663363795178,12,1,5.57944789613907,0
56,69.98191632275498,11,3,5.04068754271649,1
66,26.154583367133426,14,5,3.465822037679769,0
69,56.59228469223608,17,3,3.246596508916565,0
49,43.7435281932687,10,3,5.554473965638071,0
21,76.56117629786618,8,4,2.1718605359159335,1
47,81.42161000805609,12,2,4.924744382853482,1
54,18.510272979673772,8,4,5.214618266314503,0
40,59.55930271991459,15,7,2.178666614193131,1
56,82.43723009588504,13,2,4.887628975080935,1
62,56.2664207537311,7,3,5.012535620475782,0
32,74.58127290004728,9,2,9.157397877605735,1
60,67.02330935254169,4,2,5.018840177802707,0
46,66.83320463905252,10,2,6.750384099537653,1
53,54.57370043863405,11,2,5.893060647866375,0
30,35.66838391728581,7,2,5.515927152853362,0
49,37.56939705149945,7,4,6.659969070428866,0
24,74.18705028910634,4,2,2.113440431723035,0
68,60.38916511037766,8,0,4.822763994028904,0
39,57.2297551078555,12,1,5.562694212409274,0
45,51.52219915355295,8,2,3.0749777354305636,0
19,53.896223090384964,18,7,4.906574256284561,1
59,80.93823588976278,13,3,5.1881206748539785,1
62,53.295118362639464,8,1,4.662595784320382,0
23,33.17870573396863,12,3,3.224995461777888,0
45,74.87303551080346,13,4,3.492432825743519,1
45,55.902466722705654,8,5,4.358681758014091,1
61,60.627917310655526,11,3,5.769251257413916,0
61,92.15156612799021,15,3,5.190187500896334,1
37,59.58878885298986,9,2,5.39853108706809,0
47,65.78367346237451,9,0,4.537555871982016,0
28,36.42153017403349,6,1,3.319179009336652,0
45,55.606610952980795,8,3,4.386292006584383,0
42,72.19052090417202,12,2,3.3343665895967867,0
56,28.892525323175153,11,4,1.0,0
50,64.01690186231419,13,0,4.97290794016904,0
18,62.01582145289613,6,4,4.479454275118832,1
44,60.825749111748785,10,4,7.473071373553584,1
69,80.74317797316486,11,3,6.378075824560172,1
30,66.68877029697043,10,4,5.952337887793339,1
58,89.56143796712888,10,3,3.0009845583565498,0
20,40.12820968811928,8,0,7.039322321442015,0
56,62.71849134436696,7,1,5.282453170872156,0
23,61.68933572779895,16,3,4.285760322956618,1
25,38.6149101248984,14,5,3.434277148857525,1
44,79.12590004182692,10,4,3.6901110468883545,1
26,106.49346611705636,9,3,4.48688137589585,1
54,59.65987851032338,16,3,2.946571596934653,1
50,70.10042176547535,8,1,5.07665080438446,0
68,61.690369516306546,9,3,4.669577972464958,0
59,45.72830660185648,9,3,6.373196386147612,0
61,23.584794443959673,10,4,4.701562029106293,0
41,45.884530338092695,6,5,1.3580979369154211,0
32,32.160832380965374,7,4,4.3809330130903055,0
49,94.08204156118236,16,2,2.7418281251757484,1
49,57.697806121535216,7,2,3.8067378780199674,0
41,53.08161341905659,9,2,3.1122367152303907,0
58,77.78307649575612,9,3,9.180253892818214,1
69,37.56497794288224,11,7,4.3203059229324525,1
66,44.66271923990895,4,5,6.435167279333902,0
66,61.36144538497242,7,4,4.387259068893862,0
69,80.57537982846961,8,0,4.546288006293332,0
29,70.03370090337576,12,0,4.049555247501397,0
56,64.96650285031764,14,6,3.6078805214880187,1
19,61.56235470472033,14,6,3.6503612535811936,1
20,68.00471711053551,9,2,5.748943598020867,1
66,64.03305810258509,6,2,4.8802544998305795,0
54,39.40055450446128,8,2,7.658284121945841,0
66,60.921584432663025,6,3,4.559566353497032,0
34,38.52622682164495,8,0,4.447478908796661,0
66,61.62165085801647,8,0,5.081354206235668,0
19,50.38704117023517,7,2,6.21170905592424,1
19,110.78763245565723,20,6,5.232043824457856,1
45,59.20211232496576,10,4,7.691451068636853,1
40,31.915208674768223,13,2,10.15596160760133,1
54,57.316395786461506,9,1,6.638464032208,0
49,70.38717491275776,9,4,5.752002016187288,1
50,93.46727892305047,6,5,1.0,0
18,48.210952001225635,11,1,7.7696182945252374,1
36,28.351440519527202,9,3,7.454573719233668,1
19,76.33674022861962,10,2,8.069211118862759,1
61,32.38802588200698,12,4,6.592594172044445,0
43,51.2768911698503,14,5,3.1015089171519836,1
49,54.84759028978012,7,5,3.0695857931495043,0
23,58.60733093399784,9,0,2.8190759185880148,0
49,73.7832891414867,12,5,5.160738956549632,1
21,46.32731435427225,11,1,3.597879544338607,0
28,54.52541495666479,16,1,6.718005248201492,1
34,59.71459294101223,13,5,3.8563933967583317,1
55,62.99195915037576,10,2,4.348393035378541,0
41,61.95654349415845,8,1,5.528688044058943,0
22,68.7201155044516,16,3,4.043784765635457,1
69,76.87679019283475,5,1,3.1837859784449725,0
51,67.85268231301936,11,4,1.3740834778339517,0
23,69.07171047018437,14,3,6.861574880313426,1
39,28.355536665070446,11,0,3.157651195184674,0
28,61.004553983313606,14,2,4.233535324375566,1
65,69.59015096003218,16,3,4.258006786632418,1
33,74.578823891409,12,1,1.0,0
50,46.152984515324114,12,3,5.573740708177566,0
26,46.8192145022271,8,6,7.809990751287751,1
23,48.517986494328035,6,2,6.9191529737515625,0
33,70.72827799782686,9,2,4.247761147533071,0
46,80.67762109848417,5,2,7.109136748223484,0
20,51.850797854167965,14,3,1.5322656270401782,1
37,78.15924627254098,13,4,6.6643453766996,1
53,62.469596183291884,11,8,3.5378825188842717,1
36,57.51428445675128,8,6,6.936194326567968,1
43,55.77231540364062,12,6,5.07120745734843,1
20,74.93222729204314,13,2,2.591674407413995,1
36,66.5115563357414,5,6,5.494299159497166,1
37,105.51650855295276,11,3,5.001900746092354,1
49,42.95550714005351,13,5,5.476600985158245,1
24,70.36203404059951,6,3,3.395973136100582,0
69,49.415979803769744,8,1,2.6576954544532745,0
58,42.61426026022713,12,2,6.227235926004357,0
50,59.78265725930056,7,4,4.865743629131882,0
57,62.74704958814072,10,4,6.145331090486754,1
56,118.36347110120185,15,1,6.109105100917763,1
35,56.317083686335955,12,5,6.41590082426375,1
57,37.396425410306335,3,0,8.237011463775232,0
18,65.4602143498877,12,1,5.3985060958475355,1
28,18.507199249072634,11,1,3.0056309759950954,0
45,58.16086434791468,13,6,3.4526260986830515,1
42,60.32050564590321,8,3,4.419689593106076,0
67,75.89200765890423,7,0,5.422535251934,0
40,79.47244498855693,7,5,7.7579336325889034,1
48,49.92860762184565,12,1,4.7190412513011,0
47,56.98771970740134,9,3,8.358839198719549,1
59,44.677583387786584,15,1,8.53553013155036,1
52,37.43874890384612,9,3,5.861095104912234,0
24,66.19789558761269,7,5,6.2599329365189424,1
33,34.528289028068016,9,4,4.081310014753881,0
43,51.70746198856274,10,3,8.361074922590213,1
65,40.09652080201525,11,5,3.7256014379552074,0
69,70.99366372580519,8,3,7.40393924256343,0
66,96.02860198532976,12,3,2.9350879228032367,0
19,33.968240343933374,10,3,6.280300437782797,1
18,22.939630342048616,9,5,7.228756179207814,1
65,57.50226229299865,14,2,6.816840960320669,1
29,60.31395591915517,20,1,4.065995972454104,1
22,64.37318613514596,11,3,4.460828188132417,1
54,51.0735896953131,10,2,8.076353788636562,0
49,55.98721402349136,14,2,3.9883821094840632,0
26,67.35020821081204,12,6,4.056769272898316,1
58,80.80861785289677,7,3,8.0089783512944,1
52,20.899024593634344,12,4,4.874674482542693,0
36,52.62121121937076,14,1,4.889644959204128,0
65,64.27617587882126,5,4,8.677497615384643,1
33,41.64047790778528,10,1,3.709408691177597,0
20,94.623392635346,14,0,3.5371617193307956,1
37,47.29180239542526,4,7,5.358454016559728,1
41,59.174146259854346,12,2,5.064821008452597,1
50,71.12044193684582,11,2,3.443235372777572,0
41,48.17430422396211,7,5,6.6120613355106075,1
69,23.068539043911656,12,0,5.03056027797936,0
28,51.42690946166933,8,2,5.129829795221562,0
66,80.5888111185408,9,2,4.991854524110518,0
25,53.26209746429723,8,2,2.9078909973091176,0
53,43.07131397082043,10,3,3.365772139181589,0
55,78.51344419005443,9,3,1.835813117744875,0
57,53.38450207953895,15,5,7.277864033336359,1
37,49.796783726995656,10,7,5.00341539249248,1
52,62.98912179326619,10,2,6.98954597664636,1
65,75.41500419237575,8,5,4.099533960339443,0
42,107.63427063465092,6,4,7.296241550971073,1
52,76.54472215314846,10,5,1.766390911973541,1
42,83.19679932776688,10,3,6.944105805409058,1
46,49.880676020242895,9,0,4.8439771416876845,0
35,39.482637880610476,10,1,2.2289682903149806,0
63,61.24662699238246,12,7,1.0,1
35,62.14339830519192,9,0,6.003410589430104,0
19,38.42974517270805,10,1,6.979366480364513,1
52,56.494109401919744,18,4,5.123935101806554,1
33,67.98635203438262,7,4,6.206246275257283,1
58,67.2078679003616,11,1,5.89279690333126,0
53,70.08575706768545,15,1,5.111010938108728,1
50,65.81929460274885,8,2,6.918475042573302,0
21,49.85982681459888,9,2,2.0450373611824944,0
50,49.72198746702314,13,7,5.196905901296875,1
31,36.02097204012248,12,3,6.365528271778466,1
38,95.6955007837019,9,2,4.1079140985152724,1
65,60.26900729238586,8,0,5.511569958707261,0
37,55.50293888410296,5,3,2.6458999144719244,0
25,41.42415837095082,8,0,5.151134470983345,0
24,118.71315804655556,10,2,3.5580478547789958,1
20,38.533439355542086,9,2,3.9656524972681018,0
34,51.423041487878535,5,2,6.143505890927743,0
50,68.31673672572121,10,2,1.4769346961978003,0
65,72.00425931488556,11,3,2.8184056800218364,0
29,79.15864110431369,12,6,6.449677983261642,1
68,96.15217015538526,14,3,4.686328781330041,1
39,70.12315310921424,17,1,3.5306808490271253,1
39,38.87938400066665,10,1,5.900976760710166,0
63,54.86109749756437,7,3,2.785318739828488,0
47,66.1566474502777,11,0,2.720781626266729,0
55,101.36452083011648,11,5,4.584010807096083,1
55,32.04389043151406,15,3,4.723105453761417,0
62,84.05153010450455,10,4,3.5145572293135015,0
68,63.598287390928334,9,8,4.472353846952453,1
25,76.75661070458962,10,0,7.666419614661569,1
44,57.96010566728136,16,2,4.927639285833976,1
44,43.15134739747347,10,1,2.6997827723475534,0
51,75.01745558802664,7,2,5.048701691247519,0
38,73.08862054211242,16,3,1.0,1
47,79.44113931479444,13,2,8.224006118901157,1
50,59.7339072924273,8,3,2.6267743763058227,0
45,48.00355953360301,10,8,5.412812519292716,1
64,28.82426009952317,12,1,5.324334296250694,0
50,76.38746536278813,6,1,3.4385363478722613,0
22,68.47778964887972,9,4,7.598796763038396,1
65,40.68434734272081,4,2,9.115237603760798,0
36,49.22852653406751,8,3,3.503814260130535,0
21,50.66482376097119,17,6,6.422454940654452,1
52,30.340311360351638,9,4,3.0247534484777487,0
66,43.646352067897325,11,2,7.642751728135275,0
34,37.32339286387292,12,4,7.529646874656314,1
61,51.750419762241265,9,3,7.0188060660433,0
45,45.22605003340875,7,1,1.6871025516526719,0
47,27.459901582665026,6,4,3.914858493840282,0
46,100.45180461138963,10,2,3.9429605050450114,1
63,85.05081462058462,12,0,3.8082175020889144,0
23,44.41961156960029,11,3,7.657084896018931,1
52,65.4484279330722,6,5,1.3777563500803565,0
58,68.3493017964259,12,5,5.779453217529379,1
54,83.82171709546954,8,1,6.488387883419369,0
41,43.627899466798425,15,5,3.5952237380168546,1
46,81.84213567964852,7,3,6.009775803586347,1
66,49.041893915861294,6,3,5.88334851426347,0
63,33.28275191662773,5,6,4.456550213322285,0
48,74.48273118628995,8,3,7.173576930756953,1
52,85.81516848244857,10,4,3.9137388193298452,1
50,111.7581794706137,12,3,7.178417503844699,1
69,36.00549469819573,5,3,5.263719614860752,0
38,73.97839370161577,8,1,4.376722746861598,0
49,51.80397512412934,8,4,4.552332922753727,0
40,75.66717421048062,11,2,2.2229201627064037,0
50,30.59020897537499,4,3,4.275804108260378,0
20,34.74460448602872,17,4,2.755706858978882,1
35,44.48250353667032,8,2,5.529514747114089,0
42,61.57928091336169,7,2,6.801046947593543,0
59,47.178374669232895,13,5,5.9139635713989485,1
48,73.18108687826839,9,3,3.573896281103698,0
20,80.53789236515829,5,5,4.469302091211936,1
57,71.99155082490711,9,3,5.553344426050287,0
63,92.37575279321736,8,5,5.658956156835126,1
41,68.31653258910686,10,5,8.274270883580606,1
67,35.66206579319666,11,2,6.246686048089438,0
49,87.2675302707668,9,2,5.296074921769802,1
64,47.89687528788005,10,3,5.208424452892769,0
39,78.2083699937114,6,2,4.304039114613438,0
40,91.47468433110213,12,3,5.000316127775462,1
19,69.13376021460799,11,2,6.434150047536956,1
44,30.076823736707006,8,3,3.5864085192397717,0
59,41.63575666980417,10,1,5.820736962663729,0
19,86.45488933770271,5,3,4.782286112520246,1
43,56.617546287143675,15,4,8.435566164083246,1
34,61.59147069884332,14,5,5.590545806000508,1
57,75.17648832327218,9,4,5.6554304187490665,1
50,73.92645724160647,11,1,3.287679073031983,0
26,65.57599624770921,5,0,7.928626823665405,0
60,55.826632575590686,3,4,6.0139445968512035,0
65,53.74663108535285,9,5,7.728507523562463,1
56,77.15797650582687,12,3,4.631979969008087,1
46,71.07139062135586,8,3,4.996719372926162,0
59,54.85399998764421,10,5,2.2588529191315243,0
43,81.64224625986282,18,3,8.689611730672787,1
52,57.419317697404324,12,4,5.7387932587124615,1
67,42.966756513312134,9,2,8.711424708921015,0
42,44.8205860219331,6,0,4.301545974738246,0
41,40.42518327380468,11,3,5.943694172347003,1
30,54.551799667926254,8,3,6.9855320067652995,1
24,84.67448556672386,8,0,5.659641397045353,0
53,43.89809637938983,10,1,4.334451164107954,0
62,63.76951522036206,6,6,4.050732105870134,0
37,46.86621308745174,7,1,4.305989631562114,0
18,54.79381917457125,13,3,10.340801926718514,1
25,29.799175760294958,12,3,3.7570074902360253,0
63,55.58923541686925,11,5,1.027209513788896,0
33,56.12589240390076,15,5,5.074474036335402,1
31,70.80575888071391,7,2,5.049300003459693,0
29,64.46561826510741,12,3,4.370297779911168,1
68,36.032157500959094,8,3,3.7584659870241355,0
40,81.68396488087086,11,4,4.452260119104709,1
32,64.20606080443991,7,1,2.3606271783242576,0
45,63.967870343549734,15,2,8.557012912488528,1
51,59.81635293229722,9,7,5.4900241574797635,1
19,49.644851055555606,12,3,5.2357611862097935,1
49,64.35604679497452,15,2,7.102208271590585,1
40,69.51176871857164,8,3,10.419818424402955,1
39,25.0620861730889,9,1,4.19643742549201,0
68,49.22478325307809,9,3,5.613395392759407,0
42,54.901060591928214,10,2,6.603874428660636,1
39,65.12341211388556,13,2,6.382127297742344,1
39,83.86622011854251,6,1,6.8095551864904955,0
66,44.56518370806435,13,2,6.835236221314377,0
69,50.04076306364316,12,0,4.177613735351901,0
59,49.749317787068996,5,5,7.390403344019724,0
23,43.96944819790917,7,2,4.775886085967504,0
32,53.05627009775475,10,4,5.561441074807697,1
60,75.41604439975943,12,3,6.229574653746233,1
54,38.92329009271309,12,4,3.577679491397095,0
50,68.55628790305806,11,4,5.867453750810178,1
25,25.96195539963329,9,1,6.240901052887778,0
61,48.77324007115588,17,3,1.2137273709449952,0
61,53.41021399564028,15,4,7.803307367447358,1
22,93.49719345828129,8,3,3.362167324258117,1
56,54.50395390494624,11,1,5.546008545494676,0
21,15.97513053098163,11,2,8.058017338541093,1
23,20.022221862775005,10,3,6.307772137616961,1
62,60.68059172693362,11,5,7.080777781523675,1
49,72.27541711579818,8,3,7.220307464061534,1
69,67.50911715254506,4,4,4.015713148208225,0
47,63.351402116019806,18,6,2.9260950387293194,1
64,83.24519195011334,11,4,5.83040033563871,1
52,49.208175585257365,12,4,6.425433164379189,1
57,77.8982111205365,8,2,7.207271305459901,0
69,27.35970229947165,8,2,6.561643081619009,0
33,41.901043341238676,14,1,4.016608674283498,0
30,23.859172101363676,4,2,6.75942464488387,0
67,54.503093986604156,7,5,1.0,0
59,59.07477565467315,13,2,7.5445012644047615,1
47,62.2820298445304,13,3,3.2213037452757636,0
36,61.237667057742705,10,4,3.1787151144677788,1
34,41.448933383765436,11,1,9.976537490344878,1
36,56.19518311173569,16,1,5.114153186609842,1
45,30.051066627885028,10,3,4.4891329494344685,0
43,87.264579502645,4,5,2.6936347897116226,0
54,53.92747854203998,7,2,5.8852571911141025,0
43,50.222277619126174,7,3,6.586515360735747,0
40,91.77880656888166,10,7,4.297643820957827,1
26,35.15506932901542,7,3,1.0,0
29,37.48825771936062,9,4,8.253236477147386,1
18,38.0755935026287,9,3,4.422044980602428,1
18,58.64257236601036,10,0,4.377495250184285,0
64,68.63263259275195,3,5,4.9292837663291165,0
51,74.79350936235667,9,7,3.3897274459825377,1
49,111.43990634989937,14,2,7.5476948058217,1
65,15.011350915984721,8,3,6.452904044491108,0
42,72.17471178248834,16,4,5.9756420501897205,1
57,48.85738854855538,10,1,9.622896148843392,0
62,48.27169702222453,7,6,3.6052091981207184,0
18,47.60455743492245,12,3,7.553530351657061,1
33,41.824606583840534,11,4,1.0,0
56,93.69049669206903,9,2,6.287523307429567,1
22,76.84594654027805,10,2,9.51667093560221,1
39,60.4639195711475,4,6,2.9004488545260294,0
46,87.02031504974,10,5,8.287998258309186,1
20,29.74942069402249,14,5,2.2345510313925643,1
29,33.385897373381475,13,3,9.15633232655404,1
43,16.440645356106245,11,2,4.078847100741899,0
33,46.01170919753425,7,1,3.5188728656569648,0
68,63.23397053409506,7,2,3.9289181796098545,0
54,62.05717155864668,14,3,5.063746104553454,1
39,62.98683822119761,13,2,4.695948294486734,1
46,31.778863378678363,11,7,4.8953024323759955,1
31,76.06309485228044,11,2,5.632268699596055,1
45,64.79255036477996,7,3,5.479201375697337,0
22,74.66108562931997,12,2,5.0124335822346024,1
64,22.14475644819896,13,2,4.115457322226666,0
66,66.2298171759558,8,2,5.8567282753266126,0
47,36.24469520164946,14,3,5.75160855439958,1
63,52.05353494897276,8,2,5.65764871518612,0
69,70.68729797272766,16,5,4.996592584596598,1
22,61.82187212511826,11,2,3.614226142593325,1
29,42.96920040441363,10,3,5.147897215903606,1
33,60.12546312368836,13,5,4.444840980651172,1
43,29.36929369512714,14,2,1.0,0
43,83.00534791796592,13,5,6.998607722945154,1
65,55.89431961007497,9,4,5.519664312083145,0
38,82.37099888510652,11,7,4.9594970954105,1
56,49.46936625807914,4,3,6.049537107508031,0
53,49.52848023186834,11,4,3.490244120347816,0
50,44.71626426724307,10,2,7.718844197678948,0
47,77.52347863386152,9,4,7.413424603938913,1
54,45.81137685343048,13,1,2.675758990961816,0
40,72.89190864830353,8,4,3.735238952729161,1
27,52.350952046614196,14,2,6.350192908308933,1
22,20.48073400216761,11,2,5.493404322567156,0
53,48.59371864427068,15,1,4.964730648187394,0
51,36.417835712743035,9,5,5.879410766923601,1
69,60.67805447364675,8,3,1.2563001473984619,0
48,36.191845286510194,12,3,3.1564149643548096,0
27,78.51950201429233,14,2,3.796067626805688,1
36,58.178482792939455,14,2,6.525709377478057,1
49,56.44808010482522,11,1,1.0,0
18,73.11784275575165,11,3,5.362186183838616,1
22,79.27813868151725,9,2,4.246603788296636,1
62,59.598024964606964,10,1,6.302429481317614,0
21,44.57599400901419,8,0,6.616251759713759,0
33,24.52060767775741,9,1,8.396240508704013,0
41,46.2790048592964,11,2,2.6525577409441516,0
33,47.65575506704077,9,3,3.357019433993873,0
19,62.14114905984594,7,1,5.097483352226182,0
66,53.09706237723945,6,3,7.820173102768527,0
45,73.75865944102856,11,4,5.8744786681376455,1
49,47.740334574586214,7,7,5.210938666282944,1
44,58.85917666294117,13,6,7.448842143585423,1
37,83.67974886393779,13,3,4.205350256691592,1
41,66.83650427909933,13,4,7.33907054385076,1
29,58.79924916622871,9,2,8.470114027692066,1
67,47.96111116129646,14,5,4.6938316493141885,1
52,47.335372065700454,9,4,1.9008417074245023,0
50,42.98773494096105,17,4,5.291301434294331,1
50,49.17986268434201,8,5,8.288561360940298,1
68,75.11331677488629,8,6,5.987121453085648,1
60,55.56223457415463,10,2,2.2482392784495047,0
54,33.00453861237538,9,3,7.5405387564875905,0
29,95.36338586119567,6,1,6.590793169790023,1
20,66.39930382290326,16,3,6.9992269690045035,1
18,31.861131989736613,5,0,7.265884543868294,0
50,51.163021455183525,13,3,3.9149259916091355,0
57,62.21772765656836,9,1,7.11711049788072,0
27,94.09184186594754,8,1,3.708926892582084,0
60,37.837750834822614,11,4,2.6367287617294792,0
61,79.52081438711893,8,6,3.3421802827199953,1
46,87.98972853944686,11,4,6.385562677052203,1
30,47.426913898508595,15,4,4.1817038193948415,1
29,54.44972762279533,15,2,7.9511611593519165,1
48,39.2738150525246,8,1,7.22892732250995,0
63,55.9307771783939,8,6,6.347910457077347,1
19,59.26820051314138,5,2,7.760111053271627,1
68,73.19299996164742,12,1,2.6498895175635027,0
67,81.80366942040894,9,0,6.913080170549018,0
52,45.03807870756706,15,6,6.148428900063922,1
40,20.65349871548011,12,1,2.453158056343758,0
34,59.575104414475156,7,3,3.5598309016617753,0
43,65.87075059937281,11,2,4.682523231175706,0
25,64.98835375370084,11,1,4.625264173269006,1
46,53.46653504981912,15,2,4.9178104940159315,1
43,62.49504199327869,9,3,3.761165057317341,0
27,90.30889616704495,11,3,7.9582781027786655,1
43,67.63468337925019,16,2,2.5312184032201834,1
51,52.53263149993831,10,4,2.590025324157876,0
68,49.99604365808008,4,0,3.1149786569017825,0
58,56.60295284644539,15,1,3.7292019376149907,0
24,92.73479923661279,10,2,3.5731784828136384,1
21,56.333985809476054,11,3,8.359401548205238,1
67,59.60411310958584,8,2,3.6829099528725875,0
62,50.35372858127394,6,3,4.756847694049751,0
28,81.9796671488393,7,4,2.475428089710104,1
46,99.1967450948935,8,1,4.061610415857595,0
53,69.01226098862776,7,5,6.202741169994979,1
42,61.655458075708516,5,6,6.360953977132079,1
38,60.7356566634847,11,4,6.968322890306313,1
53,15.0,11,5,3.0047228650744042,0
27,74.90301728569635,6,1,3.6532496222524378,0
54,62.68332831991687,9,8,6.63524579494144,1
26,68.5668410132145,10,4,4.951649580459915,1
41,45.770756118325906,9,3,4.879087582648678,0
52,52.310862420458164,22,4,6.180238127804855,1
66,51.77950126993654,10,3,6.99329059145775,0
52,80.43245968146078,9,4,3.6027417536394304,1
65,52.42480326793813,7,7,4.792596430279867,1
53,101.65320644219595,9,3,4.760276486227898,1
35,68.61724838030075,11,4,3.062500809801379,1
66,34.48634680008537,7,6,5.599366359420684,0
56,57.429074134960864,14,6,3.9217743681425006,1
49,46.96649755687169,14,6,4.989602763460408,1
41,16.112350603599516,14,3,6.298949996690043,1
40,91.9894188022758,8,2,5.5371734685544665,1
49,74.06285084440007,13,3,3.225969077310027,1
54,70.66414635798625,20,4,5.407522310299512,1
29,63.308073205994084,4,4,5.277512407598476,1
66,32.35964862615125,9,3,3.8775419702619445,0
30,50.32765720889127,11,1,3.2736997699437644,0
40,76.83561549568026,9,3,5.30796701466189,1
42,38.97559940434995,4,6,2.2055977839265557,0
52,15.0,9,5,2.8640941756933707,0
58,55.45787984438148,11,2,2.4333370859651215,0
47,57.16484891944923,7,4,2.5760231892042036,0
34,62.71126832829418,6,0,4.042250379637773,0
66,74.57037287029073,11,7,7.124025978644446,1
37,72.75211624462418,19,4,6.236669115722424,1
65,65.17539610487843,8,2,7.246316780819461,0
42,83.91062776173419,6,0,3.778418943610368,0
39,29.620604383733706,13,2,1.0,0
30,70.09163628954781,16,1,3.8052841491204976,1
36,72.53076726673885,7,3,7.255294976072484,1
66,35.208754278395205,9,5,4.212873133817571,0
53,29.942587826352213,9,2,4.95634956187089,0
29,45.08115747048797,4,4,4.57068267793006,0
58,46.76917114969416,11,3,6.394785491516227,0
36,75.06838927004861,18,3,6.660762441814323,1
29,47.7092243261781,11,7,1.901752125576356,1
26,42.873029634375925,13,4,1.0,0
24,47.76732526610882,11,3,6.309730759296016,1
45,82.37264668308424,9,2,4.57467582435807,0
31,60.260867487539045,9,3,6.311046311727165,1
48,56.41497949286176,5,2,4.4389363281538605,0
69,57.79989002597897,6,1,6.041657395802328,0
36,85.84120668653046,10,4,4.729429780574337,1
64,45.016565467935166,11,2,3.5609352820051816,0
33,86.31016581880208,12,3,4.206817790668533,1
22,64.20992597843008,9,1,4.663079051548728,0
52,56.79161236049305,12,1,6.22247591157519,0
29,110.01800995868564,16,2,4.6567604600341275,1
42,38.88721020402807,13,1,2.856219100858392,0
69,52.92628480865988,10,3,8.329403244210278,1
38,35.351375216719994,13,0,5.62271218910672,0
53,79.04923941072339,8,4,7.7220248332514085,1
40,93.78377867303358,9,6,2.8149848996622397,1
33,93.39845562809278,8,5,4.492804492014113,1
56,84.47897506292009,14,2,5.381741651488407,1
62,56.047590644080685,10,4,6.315859537044493,1
59,52.69518045020307,10,0,1.2251044887774754,0
56,26.576604550118702,5,1,1.2845398697233628,0
31,100.71747070363585,9,2,3.6772898853610263,1
48,69.37956156296936,14,5,6.0936474254880935,1
22,50.160861902610336,18,2,3.654319888198195,1
52,86.56113777973935,9,3,4.746075095615133,1
40,40.54470966479998,9,5,5.10370378317156,1
46,68.13244068445348,15,2,3.3433458912549825,1
60,56.547417314183306,9,1,7.928406702287555,0
28,72.77354279760601,9,1,3.4098702347427716,0
35,58.72852921627757,10,3,1.0,0
64,30.981442177775516,11,3,3.0353006770927102,0
29,61.51152745340076,9,5,3.3328796372376193,1
26,80.97728283750725,13,1,5.347298410087462,1
27,59.41567188292029,14,2,5.450060659995882,1
61,75.50230243178171,6,3,6.173578525481165,0
34,39.08941028651894,19,0,8.75888190925535,1
55,59.474784134602956,14,5,5.0567429623683635,1
24,47.50979089822845,8,2,6.689008614012773,1
63,74.93961680209419,3,5,4.1099801040686605,0
30,60.62983124523991,7,2,5.5791138084229255,0
57,73.80147352673225,4,5,4.302751094100801,0
59,81.75420852315732,11,4,4.7013840449166695,1
26,73.83237150242776,9,3,5.332699083790546,1
67,65.46236868587289,6,2,6.9677961947521405,0
44,40.035754829771896,7,2,4.892331317671786,0
19,59.94427778666198,12,4,4.886809675699089,1
22,49.338191959683336,7,3,5.626996968983017,1
46,53.11872086591547,14,5,6.7571828769785185,1
54,52.50931698499498,11,1,2.1839112853159754,0
55,40.401488504355115,4,3,5.4878221531127735,0
36,20.8532282173202,11,1,2.3378185038784647,0
25,46.63713903344466,14,3,7.618421408973317,1
65,63.86758903848318,9,4,5.67749256629649,0
62,33.0364590914502,9,5,7.453172116285229,1
18,60.31364472943249,8,7,1.670327164136307,1
39,98.0053684862193,10,2,4.662239358694086,1
69,80.46113110504479,8,4,6.7407138892447795,1
34,92.87083018241059,10,0,7.8082733191893166,1
24,67.82255753865452,14,3,5.700888633283401,1
42,83.35019645972892,12,1,4.14474333099845,0
62,45.52070539064425,8,2,4.460151582384784,0
21,47.113194659560314,14,2,2.9157133211801,1
53,15.0,9,3,7.925560098404471,0
23,83.72290948084597,13,1,6.3026004816412105,1
48,90.80647959639772,10,1,4.641420834171364,0
36,48.936455093054605,10,3,6.087872338938494,1
61,54.9209658720553,9,1,4.779093862559441,0
56,44.92275772618077,5,2,4.397312505042996,0
44,67.65307102954984,5,4,3.489169040268999,0
27,82.49865090606482,13,1,3.524162994827282,1
43,25.14456052237918,14,1,5.761365093869376,0
36,68.18877061284505,18,3,7.0950750141096375,1
56,54.46656456561709,13,2,4.327193897571052,0
20,62.26788783933379,17,1,3.4143251324844472,1
62,69.17988003348582,10,1,6.904911817379695,0
30,56.23595122454358,8,1,5.15807696923979,0
67,57.92826293188439,9,2,1.0,0
45,55.722496648907224,7,1,3.5894664269514136,0
37,79.40632403576564,14,4,5.937134143755375,1
45,68.37519920254994,8,1,3.4205333691162796,0
25,64.41167075474722,9,4,5.102376273279507,1
58,34.58096557815435,15,5,2.511513085137634,0
56,52.42840513573692,8,3,4.177106619852914,0
18,77.97338320678348,10,5,2.8261916394788664,1
20,60.753931462478455,14,1,2.536650406926967,0
30,73.19062939178276,9,5,3.482716369555103,1
45,95.33023600655267,10,3,6.7452675280584975,1
66,80.77212138417633,9,3,5.833877698678504,0
42,61.86316675399485,11,4,9.10364601423695,1
50,49.78021659608546,6,2,3.8044756656815206,0
55,15.0,11,3,7.03837683662927,0
23,56.63230155054295,9,2,8.716417674214052,1
61,53.47975008366302,15,4,7.235918525374764,1
62,67.80732388790751,12,3,7.27141183609951,1
49,56.92189546050625,10,1,5.24160051548604,0
62,53.592298811264115,11,3,5.462985832118918,0
64,24.41202138985559,12,4,3.1577983658604185,0
38,41.20064341699867,16,0,1.0,0
33,69.53302081601115,12,3,5.40877369964877,1
38,94.31815262265388,10,2,3.0809595847301585,1
28,58.049492325087535,10,3,4.149832671739022,1
54,66.55622147148247,15,1,3.347845859588567,0
53,79.0495631390561,10,1,5.648143946648595,0
52,43.78212127599501,9,4,4.600787799047501,0
36,67.33628086570884,6,3,7.514774249787376,1
37,45.19019787335683,10,5,3.553622826290421,1
35,77.29648876982023,10,2,5.361149250036395,1
64,63.028060959034654,16,3,4.617792977331897,1
58,65.9690362796288,14,2,4.4115552787453645,0
66,44.34802805162822,11,1,4.845988680621399,0
31,74.1406471922157,19,3,8.040993306798784,1
32,101.69425842462033,14,1,6.6861744785933395,1
48,39.84176609143588,7,2,4.087387959463861,0
18,53.20481984704952,8,3,3.778489078528188,1
20,64.63214948336184,13,3,3.4353081482342143,1
33,75.72812423991633,13,2,5.231293404653686,1
40,48.80907429421062,10,4,1.9676544992674936,0
28,15.0,7,1,4.568950612859952,0
29,87.1837898832805,15,2,5.764133947329152,1
27,75.21012239168286,10,4,3.549092275246995,1
49,25.1410493902667,14,1,5.081301228400652,0
33,47.84862416440888,8,3,5.530800357801578,0
25,91.36364859054652,6,4,1.4756095442758053,1
55,88.95592836915732,14,4,5.412856907661664,1
29,78.7728004535789,12,3,4.082272745042283,1
41,56.477751320802746,4,2,8.694960240755838,0
45,61.6597483762502,16,3,5.396221716375396,1
25,57.38148389747747,16,1,3.1621908589063077,1
45,82.56479566537675,8,0,1.3658981709151123,0
53,42.4831518700978,13,4,4.900870289607847,1
43,43.8840069023159,14,2,7.612150953130971,1
25,80.20549173672032,15,1,3.789870310674787,1
67,59.11277088976877,14,0,5.629211987911569,0
45,87.56934710907616,7,1,6.480546199607225,0
45,46.56975586038909,13,3,6.375698272298414,1
54,58.9044327932235,7,4,4.991905730742211,0
58,41.55174030312094,14,2,3.683500109189673,0
53,60.14725362847134,10,2,4.480656530945456,0
44,30.42906126002402,13,1,2.860362599600326,0
34,50.24733158090074,9,6,3.114495493673597,1
26,31.274922701437646,12,1,6.979450961483916,0
50,73.87846466382516,10,2,5.670253538775486,0
37,74.33178679519304,12,3,5.575255573898404,1
30,25.394745390313098,10,6,3.5653577270518624,1
45,86.67771491001146,16,2,7.394585661374695,1
65,109.94830252839708,7,3,4.535126494025017,0
46,60.92012773472682,15,1,5.2624498878933865,1
30,47.1777147955071,9,1,7.329721565139115,0
63,116.48661182006093,3,1,3.5546197775227135,0
52,33.62063003394979,11,4,3.72935015351211,0
23,60.402129337381965,11,9,7.067171887012765,1
35,63.59244545263847,9,5,6.627831949405323,1
68,86.9029524090483,13,3,5.687319904694384,1
22,67.19477950253577,12,2,1.0,0
64,50.027322084230974,7,4,7.558238375357873,0
42,40.97631259224087,13,4,3.7800218005388815,1
19,53.16356359507729,8,1,3.840166666295809,0
27,39.861452781097114,14,4,4.599773907556207,1
47,60.95650639569366,17,2,2.60426938917033,0
67,48.71607640279027,16,5,7.436930778533926,1
62,30.119244134204987,12,4,5.344432817357308,0
22,85.10291576749808,11,3,6.3987618120611796,1
50,50.04654953141921,8,1,3.4508135918607126,0
18,34.63726390049375,8,1,6.973234690013998,0
35,56.63481731024917,15,5,7.847373381462115,1
49,61.36743131935317,6,1,2.4509534855552046,0
64,25.07066548841933,15,5,2.7500116885833075,0
66,66.63295334251525,13,3,3.38958541305944,0
28,39.05684862619471,12,3,6.849498258991199,1
38,94.22057618381575,12,5,5.361996372164965,1
43,70.4792102415347,13,4,4.867492864458377,1
42,52.00200019781367,9,3,5.73453155560485,0
39,45.09664459365299,13,2,8.864285892229919,1
44,57.90064584872752,9,2,1.5085324455670213,0
66,72.25581483166579,13,2,4.380130945296156,0
30,59.49011742829601,13,5,1.0,1
50,55.656823857262864,7,3,6.013238651696247,0
51,61.16740581635791,17,0,7.174020425323266,1
58,47.92282137526091,2,1,4.3866741902250235,0
52,53.13588146313925,11,2,6.305561035250232,0
18,18.28415122189992,13,4,1.9281010612127116,0
38,79.47452461704735,7,1,5.957310245677241,0
65,65.97595560643524,11,0,9.909347181109155,0
23,44.5308831193314,8,4,4.236060957653265,1
45,97.97469962710477,10,4,5.834953760180875,1
34,61.740329607847734,9,2,3.8201503106720267,0
22,39.27712856049607,7,2,5.351976289852139,0
48,77.13474842940917,8,1,7.215513972324692,0
22,67.96096433018525,7,2,6.198485923676028,1
55,67.89159970968439,8,6,4.795316233583181,1
20,51.48488790696819,10,1,4.762182886059861,0
40,69.00991447556069,13,2,2.596744919820888,0
54,54.76483419557811,12,3,7.036293961455738,1
54,71.11882903291685,9,2,6.498278852136817,0
27,21.90111091978722,17,4,2.489124544270195,1
27,51.32253074041622,10,6,5.3517708867119556,1
36,94.4431019561639,10,7,3.146269830033132,1
34,44.658650891993986,11,2,4.088906982278836,0
38,47.923234050136266,18,3,6.623221387107978,1
31,51.0407732310005,14,9,6.979263797725193,1
26,35.70387728222713,9,3,6.4222778460606635,1
63,15.834384475434959,8,4,4.458749205561223,0
18,55.38827202952774,11,2,5.92111402774165,1
68,62.71718848163314,11,5,3.4548227361314767,0
62,58.94989862922696,8,4,6.505553767029939,0
30,57.10242876104226,6,1,4.963468155787525,0
21,60.86081741700775,2,4,4.050355271083952,0
18,80.45682943101528,7,4,3.5423945363241094,1
66,56.19107628141566,7,3,6.35687956771039,0
57,48.51834845825461,4,1,4.726227205715669,0
49,54.37749030223827,15,5,4.020815612631518,1
51,71.58693519513551,8,4,4.013161484306606,0
45,88.24053757086499,10,3,2.51332953378729,0
48,47.43712521661644,12,6,5.333050936232847,1
25,61.97867574057767,7,2,5.574652424365659,0
56,66.7671488387192,15,4,2.0366461582349693,1
43,40.14843986542354,13,5,2.8478985449942966,1
51,60.40834334425836,10,1,1.703692087899713,0
20,30.6865228531581,12,0,7.409230824362011,0
67,24.618993925212024,9,6,6.23667193717685,0
29,67.33492815784514,4,4,7.2079882113843405,1
18,52.32250517338434,12,4,8.240539488087581,1
61,64.04560815242438,6,4,5.87848636147691,0
22,59.642100459832996,15,1,4.879837040992994,1
47,40.47199902672405,11,2,5.390431160043744,0
47,59.09491396071327,9,5,3.7105384486007207,1
34,35.337973899702895,8,5,3.3928439051001114,0
65,87.819447160028,9,3,4.15902425756917,0
64,32.880593102800724,10,6,4.503738664924818,0
40,56.084294580628374,8,3,1.6796156805461666,0
32,39.15456823905503,7,4,2.5271516659948596,0
54,71.40842346721591,17,0,2.459384210265255,0
38,53.37137257436994,9,1,2.375566870354884,0
31,49.626665607575795,12,2,6.2746312500539245,1
19,77.06403090103109,6,2,4.331218471680811,0
28,60.58861183355104,13,7,4.6144728205536545,1
68,70.33288891871935,6,3,5.7655768382843755,0
56,40.3734812696507,11,3,6.645667025438131,0
55,31.90366112144986,9,2,5.911296755621671,0
51,62.14415924080267,20,6,8.275440125782447,1
55,53.62307289010538,12,2,5.07915056250123,0
67,72.52869344907889,7,5,5.394566175191251,1
51,58.40183094674901,11,2,3.789501412013472,0
35,64.1015067846926,4,4,1.2115480878055682,0
47,27.532349401175132,12,5,5.157980536371591,1
32,97.76873879228513,11,2,6.727768640361344,1
44,56.71516029935936,10,3,3.515427409070541,0
68,73.95173940678399,14,1,3.9784091382334665,0
51,43.27816659560747,17,3,6.920730944434516,1
69,66.16019804434681,6,3,4.902025656072122,0
55,33.943104729505094,9,2,3.1533123473655476,0
50,69.04135676519343,4,3,3.084122489567897,0
41,52.88051831228334,8,0,6.312606049656713,0
32,60.58381007871135,10,2,4.737654555741565,0
47,73.95948060260196,8,6,4.709324073648705,1
59,35.3491937755944,10,1,2.2405712325977483,0
68,46.310165387744064,13,3,5.954015208168191,0
34,69.14648562173531,12,4,7.064954962362524,1
22,101.96442949093495,14,3,4.275172941355043,1
46,57.238353306770364,7,1,5.818651102401759,0
21,71.82272235847864,12,3,4.186241103995526,1
27,57.8605706028304,6,0,6.187725482061911,0
34,98.84491189512599,9,4,5.9876955432844285,1
27,25.055566660694886,11,2,4.231382022214017,0
34,61.89242089338716,8,2,1.0,0
37,27.489119328758783,9,2,3.4010874954692887,0
41,15.0,9,2,5.689229193639659,0
22,65.94924106235634,12,5,6.767954757490548,1
51,62.789955922949176,12,3,3.790528224672254,0
23,54.30326124515597,12,3,7.6890600063524674,1
19,57.87611819920494,8,2,7.987570069319933,1
30,121.96598868142516,14,2,6.396674470379746,1
60,54.83649723937131,16,0,2.7280246079205046,0
60,70.2024872250015,7,3,6.422719513824212,0
65,47.01270360772238,13,4,3.923196106434734,0
28,65.90465150081207,6,4,3.8135220911633105,1
68,55.23532649888765,7,3,5.905947908020111,0
64,51.7896303454054,9,3,5.857116242091528,0
40,96.3779706440065,6,1,5.9120760169690945,0
33,83.54369926368678,9,4,6.313879632779662,1
48,62.73493294798461,5,3,4.886127007271122,0
28,15.0,10,3,2.1023016342715475,0
33,52.779815534948604,11,4,9.165411564592922,1
25,114.06055128810166,11,3,4.21815991890593,1
21,55.38676666720583,10,3,3.5743870647901055,1
57,82.06435144107317,7,4,2.5702945124571763,0
21,88.83884803905201,8,1,5.303373401377661,1
42,64.3792783171195,11,1,5.071398964560523,0
20,43.163567362636954,8,5,4.759361455520074,1
49,15.0,12,0,7.996761981781347,0
20,73.6832641721791,5,6,6.3171498321225075,1
44,43.704879943529036,17,2,2.9646269877551954,0
46,63.523009037753845,8,4,9.147765256006643,1
49,35.00359320821272,13,1,1.969491258712123,0
67,54.69524919059596,8,8,4.768502989693577,1
68,60.674381098021065,9,1,3.539556855605893,0
36,65.37187162088595,10,7,5.740958697087151,1
38,37.703556252951714,6,1,6.272274909111314,0
22,83.93821897522704,10,0,4.174195942319779,0
35,48.06210430536058,11,1,7.100909383690616,0
45,26.510610790935097,7,5,5.398136828172051,0
59,57.81953160073073,13,2,7.922007771874637,1
39,60.687506180529205,6,3,6.858152041754344,1
38,63.21178866343519,12,4,4.0574988587652365,1
23,87.24264807370159,9,5,7.1103456082410155,1
18,55.271023265282814,7,3,3.7095112903773977,0
22,57.607607512624575,10,2,6.253008850541064,1
58,37.93631237533813,12,2,6.052983694022728,0
29,76.41107005775794,7,2,3.96592400980272,0
43,63.68618128156207,10,4,1.0113345596385765,0
63,51.59944545411675,8,2,7.955422345908673,0
51,21.90650613069073,14,5,5.8376768849318905,1
66,88.88824390110175,7,4,5.041105046089914,0
31,35.446400710878855,16,2,5.037473256395676,1
43,48.17443981260588,7,0,6.949552968108258,0
62,67.16689022152006,12,6,9.370553343762804,1
44,36.06884142766627,10,8,6.805496883352264,1
26,30.12980443493713,8,3,5.7351146673154245,0
43,17.5210483459867,10,2,5.571932036887767,0
64,74.41993905811272,10,2,5.728058350188337,0
39,49.09627510547356,12,2,2.9924279424178595,0
64,118.5454018494666,10,1,6.170064599709576,1
47,40.11289868738253,4,0,2.3788250024358786,0
60,41.57097953142157,10,4,5.883757162445905,0
65,48.69214059429197,7,3,4.056764539821638,0
34,64.86269310276978,5,2,6.731476173554545,0
43,50.59593322429377,10,7,5.761354681702779,1
53,72.24664428005025,14,7,4.298397792935624,1
18,40.428232200226915,10,0,2.978936308479589,0
25,32.36816563072838,12,4,7.95238567512741,1
66,24.03570521181785,14,2,4.827272515237816,0
52,15.528516641256061,11,2,8.479654490461698,0
69,49.638619610498864,10,5,2.5378360290294437,0
32,53.98039375213556,5,1,4.494131557876289,0
64,47.37125945033633,16,2,1.0,0
39,84.86811594374323,15,3,6.512488086031625,1
31,84.5606041921627,12,2,6.67636132966925,1
43,53.303940251109964,6,3,3.789799133439328,0
45,24.121577736160738,13,3,3.691261049255929,0
40,48.66589783889894,10,3,4.223139864315924,0
31,48.00357212165877,8,4,4.520234595923823,1
41,46.85730075443884,10,0,3.881002112510689,0
19,46.0456219220351,15,1,7.161836354887968,1
62,46.93074208550385,10,5,4.062299752893743,0
43,52.2691676820448,8,5,1.2073600525107895,0
31,47.28917802368887,10,3,4.490279694074459,0
68,64.16645017251184,8,5,3.9751703167538235,0
24,67.20737431809722,10,3,2.384386859708492,1
20,41.787098256350205,12,3,5.378199606320326,1
64,85.42130652014066,10,3,1.1478969652634636,0
40,40.398753963187715,15,6,5.761750191301101,1
63,27.643987723693257,14,3,4.933891602807423,0
60,67.61556142730103,14,6,3.873302204709436,1
64,43.65183731171321,12,1,2.7081676243335324,0
62,66.42582941514776,6,6,2.073254002140045,0
35,15.0,12,2,6.7634048902434944,0
55,87.84911882966135,13,3,4.401050353485678,1
52,73.44586816080805,12,3,1.642579734109948,0
68,29.990469016739965,10,0,4.976425808457056,0
32,30.424457523074288,8,4,4.453622895562782,0
42,93.44531808195055,9,2,7.825946529318111,1
54,45.25240193004083,5,2,4.176102044512721,0
45,43.31630302534752,11,3,6.9588040116372,1
27,15.0,12,2,4.5624491675097545,0
56,52.984435887968914,12,4,2.63674444812542,0
34,55.44560770328494,8,3,5.943091650829118,1
56,74.3098619353897,8,3,7.435224767980537,1
39,32.01843143631049,13,6,6.813778431915954,1
43,29.59426415518781,14,7,5.6279243438396,1
61,69.01925269552953,14,4,6.994573247038543,1
42,80.1346014245413,12,3,5.34065045685296,1
34,28.57695297764234,6,3,5.163845479959461,0
30,81.63028172599482,11,5,2.054778891272104,1
37,60.75083682973643,7,3,5.424620368166854,0
42,81.83610678149292,6,0,8.015905746853392,0
21,58.595592769647666,7,2,1.7279648747376406,0
27,15.0,11,1,2.3756571141176384,0
20,56.96065235367922,11,1,4.345834005727937,0
58,81.2028763734254,9,3,2.288554768157883,0
62,42.125079618325714,10,4,6.368560425137129,0
35,52.240700621850955,10,2,1.544915186263276,0
64,56.47732992898043,12,2,6.361192845553562,0
53,15.0,14,5,7.008683093877638,1
64,93.42695150874953,10,2,6.313804946082745,1
39,41.97248640205651,11,5,5.040870123600258,1
51,70.11470864945598,11,6,6.068542037885827,1
64,58.26597727703582,9,1,2.689397654426917,0
25,85.1523811271872,6,4,5.519423745435391,1
57,68.12112244856162,14,1,3.763210980615024,0
66,55.301514569580505,12,2,6.781543440603943,0
61,42.1296981496144,9,1,6.420458221780354,0
36,75.95701402764277,6,5,3.379232276999879,1
59,22.531173920907662,11,2,5.703317478550954,0
58,72.91780840551785,10,3,5.786231753117215,1
54,38.019104968902546,6,5,4.051852899042825,0
23,85.0456732391328,11,4,5.044910855727595,1
69,63.225990853253904,10,4,6.023079834643234,0
43,72.88247535700218,11,1,4.086584171640839,0
51,61.63977627649439,16,4,3.2282844747468467,1
62,24.952458097180063,7,3,5.455686722288479,0
23,42.78541673209323,6,2,7.966780170532719,1
54,73.44778675222764,11,5,4.694846244118362,1
50,63.33311634719688,11,3,4.295646939059047,0
39,83.61979810611345,11,2,3.4147804089450586,1
38,68.06549126074344,11,3,7.300150164029462,1
23,40.6659621859468,17,3,6.75037891059326,1
23,44.07871724558732,12,4,4.70756153360479,1
65,62.058347810464745,10,2,3.42524590848576,0
21,15.0,8,5,3.4067284876861113,0
47,93.4688377124597,13,7,3.289141935120428,1
28,68.83493472755114,9,5,4.013467837096007,1
47,84.54069194097744,5,3,3.8784619875402835,0
48,28.38792118381662,14,4,3.5238270426307885,0
41,84.89130320710511,11,6,7.230254409135618,1
26,104.62997822055497,12,2,8.170529195080762,1
20,33.58243289245365,8,3,2.821356913567124,0
68,75.42803589807534,14,2,3.8572989865060165,0
48,60.022198893745866,7,3,3.1041873729747427,0
57,29.111323035035113,14,1,5.636969454508044,0
54,69.85767943703739,5,3,4.320403278726013,0
53,76.67206409674696,11,4,2.9387535737853425,1
41,47.97746894662306,13,1,8.305224009027224,1
48,83.31833040510446,10,0,5.9754022991710745,0
23,26.664731864216044,6,4,3.0411055177915625,0
19,30.104877071007117,16,3,8.013412477171624,1
37,62.731947911775045,7,2,2.7062956201525323,0
45,60.507705559445434,10,5,6.228903071817181,1
28,45.6685302315179,12,2,9.83568257708188,1
21,76.19188871943771,5,3,4.737614265854818,1
32,70.61788628431898,13,4,4.4234230399804595,1
23,77.16278141868031,12,1,5.335193046837703,1
66,57.53727129295465,6,2,9.450980192359395,0
47,72.05160535956682,11,0,7.952446536340082,1
55,51.08699393940011,8,5,4.113224499370109,0
68,101.0763738017319,10,2,5.609065731183907,1
19,43.749084597560284,8,5,6.845824398215195,1
32,102.10594858916625,15,3,4.14203003490754,1
28,60.69775894178817,15,2,2.736814221374056,1
25,32.489782208625144,10,2,7.168696996112772,1
43,87.36158700977202,13,2,6.019522165718431,1
68,62.51802776789918,14,5,5.637729606780495,1
62,77.02248196760476,13,2,7.213732489819332,1
61,84.47711837085187,8,4,2.709431746318716,0
22,66.7591110829005,9,2,4.536576980612186,1
23,48.15518310374371,10,3,10.276375081327654,1
43,79.514267553385,9,4,6.135300173783235,1
21,60.01511014909191,12,1,6.256026779832007,1
36,73.71715637216838,10,3,5.211684850383262,1
37,16.92538852417077,8,2,1.317745133074649,0
50,68.93963434019705,7,4,3.3640088159945414,0
37,47.2282834970994,9,4,6.8269076113466,1
66,93.06619274357061,8,3,3.916346509780541,0
29,72.4617469577819,5,4,4.660137096861155,1
64,64.79715491698593,13,1,5.582788936319823,0
18,69.72619986700442,9,2,3.046212400039685,0
43,40.031182942465634,4,5,2.435110152167428,0
31,92.46513381056107,17,2,4.974856524801379,1
55,99.8274083683381,10,2,4.258434608089803,1
54,67.85827021096432,9,2,5.455614792195705,0
28,91.80807137147278,12,3,2.1363848895334696,1
53,48.61703602654932,7,2,3.9305676495140416,0
30,44.057728675500385,12,0,6.377863852720611,0
60,60.818494974578456,11,5,10.891611545766516,1
20,68.69882076735797,12,3,5.238622776896348,1
50,52.12026637513759,12,4,6.341684696847651,1
23,70.75536380736968,8,0,5.975170231481658,0
67,66.12778964146828,15,2,5.586917381828637,1
27,40.0338644941789,12,2,6.36405726554777,1
22,70.37586034903443,11,2,3.0822881641548605,1
40,77.27056485043042,10,3,4.285667740022535,1
27,63.42938635180782,6,4,5.499793228354479,1
61,83.05296206523386,6,3,3.067254869819488,0
19,35.65192413006096,8,4,5.866656195781746,1
30,69.35900844263703,11,0,1.1671214081129633,0
57,36.59438587206451,5,2,6.624352918314147,0
19,37.71837283533825,8,2,4.699180022699265,0
37,47.3813833252442,8,2,6.388221649639418,0
18,41.1587963285151,10,2,6.993824960186071,1
54,49.040083625177246,12,3,7.819413979868194,1
26,55.716993785776225,8,6,5.537368662688476,1
34,76.74308972662769,12,6,1.5335165276100655,1
26,53.57681922588595,9,1,1.4773228156688814,0
28,28.287485864608147,9,2,2.470645305754609,0
32,82.8013569299032,10,4,6.4404877198997,1
41,43.25819732769921,9,6,2.1827258719951566,0
55,58.82559145790743,4,4,4.531579578524308,0
52,68.93073013881423,3,4,4.1556070363397755,0
47,63.99220836805566,11,5,5.721717191957962,1
48,81.88359095042951,6,2,6.4304854649090615,0
66,69.58006286785518,10,5,5.189835024472087,1
22,42.77380840605784,11,3,6.603511947501528,1
61,103.57124347983324,10,3,2.798721310307172,0
67,63.88666926676466,10,2,7.041603932831212,0
31,57.05319546756988,11,1,5.262874547956225,0
28,79.27850846111141,10,4,6.519243507599919,1
26,64.98901891860145,10,4,3.9656224155949555,1
51,67.98456385878654,18,5,1.0,1
29,109.84367997201375,10,2,6.331218553606366,1
52,54.497571434899065,15,4,4.713143862022051,1
52,53.644782119652085,6,3,7.403667101769079,0
18,62.33157024024928,11,2,5.843721411763966,1
57,81.43031871162077,14,3,10.903827607044999,1
39,29.86931939619202,17,3,7.541769867701107,1
46,20.688882170469896,12,1,4.502908880289907,0
25,48.25769458759705,4,5,1.8302401764210217,0
28,27.321540818814256,5,3,3.257192212843974,0
58,51.50337304948723,10,2,3.1248020697756385,0
54,70.0499939225858,14,5,3.9579587661352287,1
31,42.18502272895473,12,0,4.7493322514780045,0
47,31.46346846437315,8,1,5.635534885923336,0
52,61.38674323430696,8,1,7.748268545961206,0
38,77.25086969230341,11,1,3.258399498369748,0
54,26.100531229667745,13,3,2.222982028908093,0
22,76.40464796611968,12,3,6.661986593225477,1
36,76.34612407476652,12,7,7.664543721773688,1
31,79.08170204313257,10,3,4.019067131242007,1
43,84.36960429743372,12,3,7.082254125335698,1
21,104.04027849319232,10,5,6.540531722529888,1
42,52.87815902761889,13,2,1.583240674715686,0
62,62.19143160155716,10,0,3.726703279673747,0
59,51.671231335039494,13,2,4.046489683494805,0
42,60.039536895116214,12,3,8.977206368448504,1
35,90.65746711272624,16,2,6.017212212052725,1
57,33.099710321386624,11,5,3.9931997702537574,0
25,42.779006556688486,11,5,3.60571493979449,1
56,87.54361873009123,15,0,1.8601544912509547,0
57,80.4007301380418,4,2,7.132270597171209,0
31,52.73736706365844,7,4,5.791251050742973,1
49,77.08804002241439,9,2,6.238892467575651,1
68,66.82431684984067,15,3,2.4288457577148455,0
55,90.00549218001976,7,0,6.471591760400642,0
50,61.490191876535455,7,5,4.523850443988145,1
40,80.51264227745165,17,4,3.5457439650471176,1
32,112.8402382098524,7,1,6.026200159006394,1
50,71.96198310094933,11,5,2.599822031599119,1
42,60.98656331589687,15,3,5.358076509286818,1
34,74.44893970441959,9,3,4.469098675103669,1
50,52.694382835922305,12,4,7.145050693362516,1
64,107.75935411049464,9,3,6.783782876209702,1
19,63.601420753919626,7,4,5.181732214034607,1
31,54.541333595489746,12,3,5.561849984899901,1
57,43.286219899599274,13,4,6.197209772037987,1
57,81.94440383212877,13,2,4.981798871969927,1
68,77.34374825655478,10,4,3.3646010154534376,0
56,50.05291257171814,11,4,4.034175192565814,0
68,71.52902690244845,11,3,2.5588465632487933,0
23,29.82888063574287,11,4,6.850816866660644,1
23,63.699411501463125,9,2,5.795806548656646,1
20,69.0551270415339,13,4,4.1538481830882485,1
24,94.14659619118446,18,0,3.550277725495956,1
68,44.58362394542621,12,4,5.472643730992868,0
25,34.432947423953514,10,4,2.1740382359814867,0
59,42.091440781499166,8,4,2.862645754731516,0
69,33.2686299937016,10,3,4.960826987893891,0
32,86.73314715517967,16,3,9.882206845086994,1
64,90.97278590048073,10,5,5.904788186915607,1
46,66.40433155897658,9,1,5.370598395489286,0
50,84.42589891370297,12,2,2.65843645707253,0
69,62.679167611604704,12,6,3.133933271280199,1
47,58.09776704598468,12,10,7.712624434723694,1
56,53.339247618924766,6,3,4.076215512435329,0
44,53.79218017244869,15,4,5.141308632912849,1
53,29.043968873819374,13,4,6.1836186506018835,1
46,65.28509527214678,11,2,4.15990745874534,0
55,59.19332179571912,8,3,3.984609339415927,0
50,74.90721448155752,9,3,1.5504403207420676,0
54,61.870469928772195,10,1,2.5683871226788852,0
44,56.74592596861817,7,3,6.1736420463140425,0
50,42.576139399847385,12,5,4.1229223804998485,1
21,61.443064736435225,15,2,6.336994209677422,1
39,74.76474461632324,8,1,1.830421618589853,0
19,37.13322017832279,7,4,6.622651637969605,1
27,61.74947507361478,14,3,4.920690501639622,1
22,64.66085903058968,9,3,2.05867349731803,0
27,45.63870432763471,14,0,7.258381300908603,1
50,48.24287390184,10,2,2.1866796413012284,0
55,64.61221697532429,7,0,7.154602554959167,0
30,37.331579634147545,9,1,4.935370043039384,0
48,66.99847430498785,10,2,3.2126678752886515,0
64,42.092912526816,9,3,8.696808804566349,0
53,81.25707386066432,9,7,5.810459234601522,1
62,106.756554907766,14,1,7.429465114342527,1
41,42.78486396596361,11,3,5.865184256059649,1
69,70.68415724749349,12,5,4.5671122141118365,1
32,45.46516190235961,6,1,3.258514091083416,0
46,80.8190834759558,5,3,4.637600867941936,0
25,34.6948318182957,4,3,5.326839802051756,0
22,69.61173516855425,11,1,6.633230587272575,1
46,42.540220662212946,9,0,4.213717704296428,0
64,55.86030821803263,9,3,6.02708869799519,0
21,39.379494497053855,15,1,8.356989640400492,1
29,76.44700941791507,14,2,5.316415654800711,1
62,43.26039291120826,17,5,1.0818668984775575,0
19,71.03928518663655,13,3,5.097008378994174,1
44,53.11803943475334,10,2,4.810606551391843,0
48,57.71055256402274,14,6,4.747305059893758,1
68,62.95511814800257,9,2,1.808664174911888,0
68,44.763506566823025,8,2,5.552935116296075,0
53,64.20734227081773,7,4,3.936220469155505,0
53,90.60669128708822,10,2,4.788937818610556,1
43,44.438104283345716,8,6,6.896007563452928,1
60,83.4362028654769,13,5,3.3769489117983023,1
44,89.96195266975569,11,4,4.795211514085474,1
22,43.67690021943912,18,2,4.595476705687812,1
37,30.89890789818896,12,4,4.66845527565926,1
28,66.0392180034353,10,1,4.112517846277601,0
27,49.05184954466254,9,4,4.220133210221722,1
57,97.37206438326004,10,3,8.350124687553848,1
55,60.696150809996645,7,4,4.1542550917786825,0
23,43.956011839296416,6,6,5.5414383792434245,1
25,37.05680977976577,8,6,5.209917068714246,1
40,81.79809918181661,7,4,5.145699410680656,1
64,48.576320518316265,13,2,5.960474137034219,0
43,60.87657598920857,8,1,3.7340817859885718,0
63,79.11605490224962,14,3,7.80283367866744,1
60,50.314832961383395,16,1,3.159891408627349,0
29,59.08142342519679,8,2,4.670934989701476,0
43,59.6686318035496,14,2,2.6268751020837047,0
30,73.66649023032184,9,1,6.794079410867295,1
57,71.81488671020651,15,2,3.157635274863935,0
35,55.59772537490343,7,2,6.511399861373648,0
42,61.27298122993035,7,2,5.5297961070857955,0
50,52.56441976953023,7,5,5.352377714822719,1
64,30.447751861611106,5,2,7.23248229380114,0
57,65.15201714796258,11,4,3.7909792573857084,0
60,97.84383521666135,4,2,7.933989198187814,0
29,42.32561718617875,6,1,4.2320503747060245,0
61,44.53940580794594,11,1,5.863419304992675,0
53,42.58544456712517,9,2,4.613246696121832,0
65,74.49183557446246,11,5,6.234476707030955,1
21,68.9697090839288,10,3,2.9945739057592364,1
22,56.829246151670866,6,3,5.214229153226712,1
54,41.639618767220696,4,4,5.036438460827629,0
25,61.847535832798485,7,3,5.8721334835323455,1
59,28.707557453283915,8,0,5.810945851666775,0
66,62.86853133714986,14,2,3.278858843071394,0
45,77.43048772175868,10,3,7.612440199002273,1
48,34.97601726732644,9,1,4.884922123695364,0
26,29.349634463406726,7,2,6.460997363400664,0
68,91.58875783389719,6,3,2.478236038095697,0
46,47.7648072099083,13,4,4.170670032610999,1
31,82.71895691887644,13,4,7.157220029101935,1
57,56.920046696043364,15,3,8.27069870852902,1
58,56.76090366117345,13,1,5.848659594874625,0
39,68.7682539899329,11,3,4.823826706647775,1
28,42.32002286507119,14,0,2.875476019815559,0
40,62.64994286991291,16,3,6.5945767986424455,1
18,52.370211703518144,11,2,5.613048950007641,1
63,33.59013113189937,5,4,1.0,0
54,66.74964149452798,13,4,1.5344206843081043,0
38,54.733843862441674,14,3,5.70053221962353,1
43,56.85950343110584,6,1,3.3356187802093062,0
63,35.79678113171684,12,5,2.9208592634356023,0
53,91.82800735525609,11,2,4.791901690608294,1
40,77.53428372772233,9,2,5.68640700755003,1
18,79.28311768343957,16,2,7.860874334398367,1
68,53.89110595116636,16,2,3.36516591965794,0
57,25.416342209931592,12,1,5.871617401034952,0
32,99.05834764979022,11,3,2.946782721591073,1
38,58.77804983988264,15,1,4.009692854970485,0
64,45.024004079598924,13,7,5.377784857632175,1
26,68.33603148966228,14,5,4.704704600423553,1
26,83.34241576006595,10,1,2.2676665593800127,0
27,59.538988878290674,5,1,6.026911229157707,0
69,85.57150335878748,12,4,6.482478639575014,1
43,81.65999877033737,7,2,9.71855590380401,1
58,38.472376251958835,8,2,5.443827477936241,0
52,46.52419788681047,10,3,5.347472758879382,0
69,79.15074326559535,9,1,5.606523267162643,0
42,15.0,14,9,2.2716745767312823,1
43,57.01088613670022,9,4,2.408704529730091,0
28,31.383375967506563,6,2,4.834779844585487,0
55,50.4689239713295,12,4,1.0,0
19,54.023598219415916,11,4,2.738561032766826,1
24,52.835112441849844,7,7,4.004851334408094,1
35,48.95477495774783,11,1,7.017623596243225,0
44,38.057127007423716,11,2,5.518704343169065,0
51,105.83822533637372,13,7,1.9641457510829992,1
44,97.34924008322702,9,3,4.91945279416615,1
34,36.75868359487434,15,3,6.166881704311726,1
60,91.64233502607135,9,6,6.428351918382618,1
61,52.010690190542945,10,0,7.091019462879847,0
68,62.58374946663421,7,7,7.396105427631326,1
41,58.73452080206168,6,4,6.139806770692155,1
42,46.80502717492068,8,3,5.974187575297398,0
24,79.67704687212293,12,2,5.465109085118842,1
69,62.51773061153315,9,1,6.684761303324734,0
23,50.46897153561517,11,5,3.4243090409152606,1
41,33.90821112399055,15,4,4.591164770121116,1
50,42.12809972561759,12,7,3.601238911977597,1
66,27.17239768795806,11,1,5.867095868388207,0
46,60.24447096830339,14,3,4.482305682680039,1
60,36.06668815431208,10,4,7.026877913162506,0
39,54.68878974962917,4,3,5.104473449963759,0
43,87.40203707220742,10,5,7.127040504221263,1
45,83.98599145843171,7,1,1.0,0
67,59.35446211794764,12,3,3.5603521469951547,0
38,58.258305477137,16,2,6.8763383680927985,1
66,97.59749098842016,10,2,5.0406474993121435,0
24,70.41512240717422,10,4,7.111749962487549,1
34,53.44387080246954,15,8,5.501804985473333,1
37,31.47963765759096,6,2,3.132292456949159,0
58,67.87746436329486,10,5,8.586885671517933,1
66,76.58647545165725,8,3,3.673103529564838,0
37,47.36696950972712,11,3,3.5087187728065845,0
39,65.82405510276065,13,3,6.639378466355665,1
45,52.72853410169942,15,2,3.1771987271559876,0
57,56.31935201601995,17,3,2.413582583725677,0
66,15.0,11,4,3.4646826259092762,0
24,55.56437192567729,11,6,6.640329580839236,1
18,79.38738604816109,11,0,9.279147325696833,1
49,47.37194888866884,10,5,5.009771299766505,1
30,61.050527364306326,10,1,3.551703044455267,0
47,44.880985866161595,8,6,7.469210341295932,1
40,67.20883352585545,11,4,3.769429790974341,1
68,55.66953604927653,7,0,4.111720638329532,0
36,41.21516918635986,15,4,5.8331722054106265,1
49,86.65102935330256,8,6,7.282201629015269,1
47,78.5786402706443,9,2,5.141039506636707,0
46,47.9018647214365,13,1,4.290568184803981,0
66,69.95576618835555,8,0,9.642570666293905,0
62,70.74824005640761,11,9,3.6586160828715206,1
46,72.84602470022352,13,9,3.8805336245294755,1
47,26.114882080098447,18,2,4.223360253973111,0
33,80.13213082065256,8,2,6.102278717523513,1
57,48.60602074148537,11,2,4.065766725568983,0
36,52.84344133117466,14,4,6.634513104230616,1
35,112.757635045204,13,4,4.896400211019492,1
18,66.03746761442024,7,5,4.361880282074604,1
31,52.27355049105649,12,3,3.876013768927267,1
68,15.894112544881878,12,2,4.949735952419837,0
64,87.79528267892711,13,3,5.894237739054248,1
67,33.09580658382795,12,1,4.929734150795083,0
19,39.931221930009926,16,1,5.465038027104912,1
45,53.372954018243014,12,2,3.4496774187655386,0
66,88.32823583400585,9,1,3.568030704248017,0
67,75.46479973331519,17,1,4.990471527900089,0
47,56.8432498031948,9,5,5.239159623408114,1
55,66.16584127277642,9,5,5.095558052259053,1
68,47.99228614257788,7,2,3.8193679428519367,0
21,62.793073791307016,9,4,5.145757671185148,1
18,61.46673489556273,10,3,5.050827940735547,1
25,79.37539791362707,8,5,4.757680410207125,1
46,79.34356244877898,7,1,3.695598952241013,0
56,69.8795476441129,10,1,6.038502704986433,0
20,52.753048849077956,8,4,4.976319601399943,1
49,74.83644588780253,12,2,3.49949428405106,0
27,58.16063067593907,12,5,4.750033828468764,1
27,38.36171262573734,11,4,3.8344881029030105,1
36,51.93424416178122,6,2,5.006312344865798,0
63,61.69053967568649,16,5,7.856525069613029,1
51,78.2043156732949,11,3,5.295741641639016,1
50,56.32943655685694,8,1,5.40295060680108,0
40,35.816025775207876,15,2,7.848648024195924,1
45,61.13483366593639,14,2,5.54214368430007,1
49,62.269120801131045,10,0,5.867464783132648,0
67,63.71675257805506,16,2,5.288660684047068,1
24,78.3974303190886,11,1,4.23052916128467,1
46,80.37846480179797,8,0,5.896175917155762,0
25,48.11578255236667,12,2,8.404330517068633,1
18,47.67713083902113,13,6,2.3583114760481836,1
20,39.19602578089054,9,1,4.08558893527308,0
41,73.97631340560953,13,4,3.294003924942439,1
40,88.97640216675431,14,7,3.517466000005487,1
25,53.69836144182153,10,3,7.4468738207312875,1
64,55.171388705500135,2,3,4.683531408232767,0
54,89.33565113797953,5,6,6.445933635414132,1
20,70.11115706430016,10,6,3.665937109430227,1
68,68.7247140960211,8,4,3.710307020361098,0
50,36.18166988052546,8,3,2.9646239984368377,0
45,73.57456138558838,10,5,7.8900854769003725,1
64,41.41727318980483,11,2,6.550219437834766,0
25,37.31959628130084,5,1,2.8989803280219566,0
51,53.064568464665754,11,2,7.28453620959878,1
52,48.2841455310262,8,3,4.4809999375266045,0
49,55.568006112299216,10,3,5.906435925043585,1
41,31.180367309501626,10,4,5.094023277099701,0
31,79.17632612935344,12,1,2.1267563523469266,0
49,82.55372589032858,8,5,3.3445134400987055,1
63,21.053150517183717,11,0,7.707888221080942,0
60,79.569156113331,10,2,6.87859958205736,1
33,43.78942740356747,13,4,2.9566816650941945,1
21,77.13951073965572,10,4,5.415968445773243,1
69,58.63107014667169,14,1,4.570705424996403,0
54,60.575511281619974,12,3,7.283908229600314,1
38,56.298047011575626,9,3,4.590246544903186,0
31,84.24258408466972,7,5,3.4636700432574448,1
48,35.208239749499434,4,0,6.474177128730427,0
65,72.15680677470017,11,5,7.378209085259205,1
35,82.02660329779101,12,5,5.787082574313037,1
24,74.32680161080822,9,5,6.144204627630504,1
27,106.49397828646835,12,2,2.609648793656799,1
24,49.42106474550602,8,6,2.4441645400990324,1
50,79.14609645187062,9,2,2.3000047088651714,0
40,57.87818729317159,7,4,7.1015869946918695,1
38,84.66812152705339,12,0,4.225534569322835,0
36,59.84622008557261,20,1,6.652600390259555,1
65,52.24248436275061,12,3,3.799489932463695,0
36,86.12144407743259,4,0,4.9709132387859185,0
53,50.1687612196214,10,5,3.3886301701786072,0
46,31.745484821988875,12,8,4.344860312657378,1
35,49.66306233652343,7,4,1.580839231988345,0
19,72.38065893177065,5,3,4.364706418516154,1
18,87.84077503174183,12,3,4.188110446185102,1
64,62.22258750593024,14,2,1.610183975309691,0
22,86.36394134468051,6,2,5.849578189070497,1
37,32.83650157044813,8,8,6.148565828457263,1
28,51.13473070364194,9,3,3.6759197912535786,0
59,54.22849765691798,9,0,2.589527017863714,0
19,57.708811450549604,14,4,8.460802427360715,1
20,61.68188776500393,13,4,5.5123252972114365,1
40,73.81821914784385,9,1,1.0,0
29,51.10386323659019,9,1,4.143345849222788,0
37,62.78057373906251,6,2,3.6968105572264127,0
22,59.09754219351897,9,3,3.549108127375901,1
54,41.482201922177,13,3,7.1843723039187815,1
55,57.72666621837129,10,5,5.5059087145304115,1
47,57.12680940205764,7,3,6.270616307025065,0
26,56.69838869993908,7,1,4.724187748799868,0
51,60.63518913162901,3,4,6.706703038584557,0
61,61.51347081226772,7,4,4.25339320802234,0
52,51.3540964178534,5,6,5.4656924394498105,1
69,85.45429467942529,11,6,5.974605469585178,1
39,36.61038741593967,10,6,3.7541439613299525,1
61,45.58059783060207,8,6,1.0,0
41,115.59927248447111,8,2,1.6135928787739529,0
34,39.2401729002154,10,3,9.623809999409165,1
27,32.92490650580483,10,7,6.302247713377962,1
47,74.68953490002436,12,1,6.396376189821249,1
63,18.45760292452252,10,4,7.842955793671603,0
40,55.29452180055122,12,6,2.7501828769629215,1
49,102.91649850152977,12,1,3.5513913165490676,0
34,29.10128155693199,10,3,2.7904152080006974,0
67,20.360710285225736,15,2,9.713172826614276,1
68,30.016375960846034,9,3,3.0043259102365285,0
34,77.96719136693972,17,4,7.508495076077962,1
31,82.49553439971625,10,3,3.6821883614137256,1
26,49.74822406042982,9,1,5.170598848025589,0
57,73.66424808002138,15,3,7.540629262779729,1
19,87.8051065502398,10,0,5.571985670542416,1
62,95.74692828859651,8,2,4.736699987989217,0
42,55.073294376403034,8,5,9.536761262606898,1
56,15.0,8,3,1.3321800144038245,0
26,43.58242155180626,9,0,3.1118418915076327,0
39,51.46391610129485,9,1,4.380779774985692,0
60,54.82122406843219,13,3,7.0885548650110515,1
63,56.24281197982561,10,6,3.992742619063109,1
21,82.37789195861339,15,2,6.935432706502807,1
43,85.48856853375163,10,0,1.5551476252853766,0
46,56.566526921504334,8,2,7.2965674500551945,0
62,81.96969752103638,9,4,6.7871322492969135,1
51,67.15322733262178,5,2,2.850504224589754,0
40,61.290119457251436,10,6,4.931010916360661,1
54,78.13088314219928,10,9,4.461182969287141,1
28,61.44504096475831,6,4,5.9003280202302495,1
23,101.15622354195524,11,3,7.322349670780466,1
35,31.231776664108818,11,3,3.633928523760882,0
38,49.696582018159646,7,6,5.738943980447315,1
59,57.469622060921,13,3,5.491262026846638,1
53,68.78905380915981,9,2,5.249953953122334,0
58,85.35920974206178,5,0,7.910680757527221,0
55,59.512028655276865,12,4,5.32108590219449,1
51,31.555407009875857,11,1,2.5700091660557693,0
34,76.85027792910009,15,0,6.475678972384978,1
54,75.09917532283929,14,4,8.201917629494595,1
42,21.16282681241188,9,1,5.279996443619226,0
55,59.92391732658401,12,3,7.704105764311336,1
29,28.197163386394042,8,1,4.161335189608658,0
40,46.70697804995875,9,2,5.8285440588436295,0
59,41.943821460744005,11,2,1.874557462902954,0
39,76.18529396483972,6,4,3.780358125978678,0
38,62.336603483443675,9,2,5.33732562407863,0
44,34.28817998487945,8,3,6.339456849876289,0
48,77.60131925914685,5,6,5.873265857032548,1
23,31.32388352143171,13,3,7.560642359716452,1
44,66.60227580941887,13,1,1.9420379320172105,0
57,43.71978661416888,9,2,7.9394928646720615,0
51,52.6864583493896,12,3,3.572614432352668,0
29,70.08541496076768,12,3,2.542775963856834,1
62,70.42898798119057,5,2,7.073996154867528,0
24,86.7393814711192,12,3,2.7750997132242956,1
27,58.354926006570935,10,7,7.827181561444482,1
62,66.12901725926682,11,2,1.0,0
34,51.24525355191351,12,3,3.488613004623687,1
43,63.639797652455954,13,6,6.75415031274628,1
38,68.78972096017023,11,7,6.34465901301643,1
45,58.03380305091248,13,0,1.0,0
63,23.924990318150073,12,5,3.6724957512051986,0
19,66.6294179266179,13,5,1.5684764441979198,1
60,67.29122954710914,9,4,5.2770123652480745,1
18,46.39653047304098,13,4,5.102334662792238,1
68,34.31225927854972,12,1,4.504605501116159,0
53,89.5175830100793,9,0,4.786574673832384,0
68,69.82891021788804,4,4,2.7969487266721242,0
43,55.418379381565806,8,2,3.531974898235911,0
46,37.259342337050256,6,6,7.133387037643849,1
38,43.56370343157308,12,5,4.0206248849824275,1
28,86.05180793572464,12,2,3.8569940834019127,1
57,62.75323881736092,6,6,7.279596467638447,1
28,48.98825865998587,5,0,2.6422003767361995,0
53,70.19378462449312,8,3,7.95930072490008,1
66,43.71203625107353,8,3,8.129545586910126,0
56,90.01686060560758,9,7,2.9689404598743043,1
57,87.05601069793451,11,5,6.841313721590319,1
52,50.66851857594447,8,1,1.0,0
51,47.42659505938279,9,5,5.203474022814921,1
64,15.0,11,4,2.9828640846248855,0
41,30.36838456897264,8,2,6.010601529730273,0
39,33.21060450084488,7,5,5.62971917844462,1
22,62.70380681974772,4,3,4.446640502207157,0
50,53.47532591117281,11,2,2.813925098576322,0
53,33.09329025169517,3,4,6.834593281554767,0
64,54.37671915070885,13,7,4.937388773821312,1
37,70.10674295294697,7,3,3.5851713433338785,0
36,70.55678699831174,10,1,3.973414436225679,0
52,22.006594382822378,4,2,4.808836893147118,0
69,57.43473039032338,13,3,4.8014208018104245,0
60,32.33318446056779,12,4,5.619803250683129,0
34,78.03457394280548,15,7,6.911673131362052,1
62,75.68292832706997,7,2,7.094991262805111,0
60,42.03945547351083,9,4,4.5471567542984275,0
51,44.679095951992004,6,5,5.850067140070054,0
26,50.774658990033856,8,0,4.59872614037258,0
43,15.0,13,4,7.426958138549242,1
19,66.71936346881154,10,5,4.735192918116467,1
26,54.543109073197385,8,5,5.241936113522941,1
26,79.40350165135717,12,4,4.948420915522836,1
57,38.031815640748945,8,2,5.92212623498927,0
34,47.617541035001366,6,4,6.262968461530049,1
18,29.869494839217694,13,1,7.770119867416339,1
42,39.91418873011494,7,1,7.422865845290566,0
60,36.36036007863562,12,4,5.086479498285875,0
57,79.91947357692891,8,1,4.913882886583548,0
59,46.03476302497215,9,1,4.549989241767836,0
42,62.48351369489227,12,1,7.016380825906094,1
56,52.38473192276391,7,4,5.490634001766632,0
52,34.610694679743744,6,2,9.923393019544118,0
20,56.633991536567144,13,2,4.872896999878848,1
67,71.9820666372719,18,1,8.042988248766902,1
54,35.844812149132956,10,1,8.060379450213484,0
61,76.18225581462758,10,3,8.007086799342687,1
61,43.005581570446076,9,2,4.340832200038414,0
68,50.34032147854319,12,5,4.831379254394222,1
47,70.61366246020096,11,6,4.675813950920835,1
55,46.73127685561024,6,3,7.947157086885287,0
51,60.75149718671731,15,1,4.099641199321832,0
29,53.70618342423815,7,2,3.8433397947690837,0
36,62.58736013407637,10,6,6.387619224981049,1
54,15.0,8,6,2.3444860591147667,0
61,23.406363695838344,4,1,6.536343176327295,0
66,72.31934012093676,10,4,2.717564465058102,0
34,80.74362811298101,14,6,4.176633710668183,1
27,41.790265929369575,12,4,7.3108470147836755,1
66,55.11943295657731,9,2,3.8884827159505746,0
64,65.89438505804603,10,6,5.613085932244692,1
29,73.86435203317409,10,1,7.4173531003308675,1
33,19.44645456658303,13,5,2.7224433057549207,1
41,42.27919506043246,11,3,5.346215244006066,0
36,53.3484124030025,17,2,6.293698829416382,1
25,74.06280394472098,11,1,2.160259985471763,0
48,109.9686096744299,9,3,2.9245935926293067,1
38,55.439885463805645,14,1,8.231584732251095,1
34,31.860450757920226,12,2,2.7078623326206013,0
40,68.04536154402597,10,0,4.300855568960895,0
54,86.4199157908142,7,2,1.0,0
33,62.16028241959002,9,1,3.4283630799717972,0
23,41.867029096914145,9,5,6.552333703210992,1
25,79.15987882960039,12,4,6.91713712345798,1
42,73.2709123699687,13,5,6.587550874160851,1
35,39.478383116087514,9,8,4.9303032104206785,1
42,67.62851235068683,13,1,2.8498771820662165,0
29,79.94531135317746,12,1,5.827000144583895,1
32,83.63780085117787,6,2,4.116885396362487,0
43,58.67102049381088,17,1,1.7835961457479432,0
58,52.83841107641362,10,3,5.057778195185293,0
62,84.54547644162525,12,0,7.5401278299097,0
43,35.7967899403823,13,4,7.220663613516328,1
64,68.7715858184201,6,3,7.355029675086312,0
49,32.599467452711416,5,2,5.60557722951996,0
27,81.30752544519206,14,3,3.1407472422520706,1
33,54.83908968777677,6,1,6.174226025285826,0
24,85.37166471294938,19,2,5.30219612926611,1
34,69.82825512711054,7,1,4.485783528590972,0
40,35.5355953987614,9,4,6.333534320343597,1
43,88.49255464154487,7,2,5.91366273244966,1
38,91.02490532855458,10,5,3.760504839192251,1
39,77.64572985198431,14,1,3.6673711243976905,1
24,44.7682426992756,7,3,2.6945087429038694,0
31,53.87972091285182,13,3,5.5132833468639575,1
32,62.908544348115186,10,6,6.814346403984923,1
24,45.925792013371336,10,4,3.8172935970755364,1
26,93.8469314492641,8,1,2.8678559670069275,0
68,62.88652943452074,16,5,6.006792534261806,1
65,15.0,6,2,8.157693385085372,0
25,66.7871162551244,13,2,8.980368436938827,1
67,53.03685206365374,12,3,8.030724713905437,1
40,58.50146887763104,14,1,4.9012645473385135,0
46,52.62761268428601,12,1,3.198551569414243,0
35,76.14092833213374,12,3,6.2153865590449815,1
48,82.39375557106763,11,2,4.858756930534178,1
47,65.66106324517307,6,4,4.601626603242654,0
69,53.213776257236816,14,1,8.801174114840224,0
56,59.173255903816596,4,4,7.770894903822277,0
52,60.391992331552565,12,2,6.27375685192558,1
35,43.951399202703264,8,3,4.807085836881445,0
59,71.57857297142469,9,3,5.0151394901340325,0
56,69.20084647720932,8,4,1.9118258418536285,0
34,90.80882479553347,11,5,7.092057359060387,1
31,85.1069956057695,11,1,7.594554625188855,1
48,46.286501648197394,16,2,3.4710249416558137,0
41,76.4059674901793,12,4,3.7439642944238436,1
52,40.98093233811056,10,3,6.950304200232875,0
61,73.918642018817,6,7,4.3512044821387486,1
62,49.66771602479784,11,6,7.271248794766193,1
51,39.53493553248831,10,4,3.4361201185998507,0
20,65.60090685394809,11,5,4.376318149592563,1
54,15.0,9,0,6.037205084776326,0
60,24.980488511895437,5,6,4.35262659518611,0
57,56.45016232451434,9,4,4.236981481534823,0
43,61.64883533269685,6,1,4.192004656583223,0
40,52.613624596836225,11,4,6.389973092382249,1
61,28.411274025648027,10,2,6.9258083993128166,0
56,43.64216315722989,13,4,5.985503164044275,1
32,67.82418654474787,10,3,3.604887134567017,1
66,71.63563541256725,9,4,7.735765411182497,1
21,59.675537648081175,12,0,5.510684666566728,1
46,83.13667562073978,6,1,7.10106583737374,0
39,67.94794046918469,15,5,2.419810526229442,1
42,45.05088692083575,19,2,7.335030602680188,1
30,54.38995893176765,15,3,4.255372472207301,1
35,31.942676855842905,7,5,4.115152140205408,0
50,57.837220192171664,6,5,5.810464943569418,1
33,82.24201238442677,21,1,1.0,1
62,73.70580169421936,10,0,5.699861366659042,0
59,88.04018651838244,12,1,4.4465477686850186,0
61,53.942295124020134,7,1,7.828176670201444,0
19,86.92199589028516,10,4,5.542501076889153,1
52,56.1339154710406,10,6,3.0135760872261286,1
59,89.43170165139787,11,4,3.397678684844447,1
51,59.56286505115752,6,2,1.0,0
47,74.14462747608553,7,1,9.857652236867297,1
30,89.5022472861971,11,1,1.0,0
30,56.131447428375886,7,5,3.918708836804095,1
35,64.36777975088349,19,3,6.482546073365134,1
49,85.77726850412604,15,2,7.935052076064042,1
49,57.33993672139873,6,6,8.608433048845463,1
52,33.582154349876774,17,6,4.800781013464718,1
56,102.8601410916982,14,3,6.004584974994456,1
63,50.60471071325726,15,8,4.3890401788249,1
69,63.17512101875086,11,5,1.888021319976584,0
46,83.12013338902254,7,4,2.909208658977843,0
66,47.83012192537596,5,2,1.5668371750924446,0
46,39.84264173555739,12,4,5.632154809135418,1
61,65.07474593549667,10,5,4.3155124075572475,1
33,24.13847204175221,5,1,4.62500599089243,0
61,54.241878462641594,12,3,6.344378039504045,1
64,64.90077328630812,10,2,5.494907917031775,0
27,54.600962063496716,11,3,6.324695402656706,1
47,29.130981136285058,6,2,8.623073916481143,0
42,91.88355912408025,6,2,3.411699728123794,0
56,62.07076307898351,13,4,1.2530785818513772,0
37,88.62304235523482,11,3,3.839352011372636,1
22,54.799274996391105,9,2,4.586623483443033,0
18,42.39976036618472,12,4,5.871217999620722,1
47,65.38361840510319,9,2,6.448191744415717,0
66,55.68425747343561,10,1,2.8707905100886846,0
20,36.444770840172836,13,1,2.5748606029112167,0
62,89.39568517574992,9,3,7.7290040534635995,1
31,47.55459554212008,8,4,5.637339847162369,1
47,23.194672304088627,9,2,5.706627888944816,0
67,86.56332107914665,9,4,5.528665789160373,1
21,49.91403968374753,12,3,5.2957820092658325,1
35,47.843522147687516,13,2,4.550828193284681,0
54,24.69224825940052,7,1,3.5819634290641167,0
42,94.81882973193981,7,4,3.921034956661578,1
65,34.21038825580625,6,2,9.33224982622939,0
18,61.168989614112995,11,2,8.60883490556824,1
63,78.2524064508088,14,2,6.854278957569997,1
32,68.43433866006194,15,2,4.865599791618111,1
26,58.80691376015617,15,2,6.130501921192369,1
32,25.966682834251678,10,5,2.1514202467747903,0
66,43.80550328465432,13,7,6.992979911343248,1
41,63.75600676085044,13,2,4.519414318865744,1
21,44.25651860026007,9,2,5.03070896465218,0
29,64.06718919997536,10,2,5.196003207238014,1
54,73.63486817630283,9,6,4.6418608606300005,1
54,79.25005771600203,10,2,6.607407437870152,1
60,35.47641284374633,10,4,8.189603621019081,1
23,103.93292109957909,8,3,6.713951671354085,1
56,75.34958689108261,6,3,5.131845702862354,0
63,59.96571692661872,11,0,2.867948057622082,0
41,81.79073166153282,10,0,5.0791072784505955,0
28,107.30815543999947,9,2,4.84552720608412,1
30,31.22559797886261,9,2,6.648955118998532,0
51,55.49474715017293,5,2,3.7108793156659825,0
42,15.0,15,2,3.2238588634453738,0
24,63.85303065296049,13,0,5.596789656236595,1
69,67.30788483850282,9,3,6.8407514352483005,0
21,59.216757691144814,6,3,5.305839542703308,1
25,46.9093285800338,4,3,6.93269293542876,0
37,19.0097096762335,14,7,2.4481755102096954,1
46,67.47067366823538,10,2,5.947039930887128,1
68,89.1086896783065,13,7,2.4362397259015944,1
62,48.17963088533136,12,2,10.334629986232363,1
63,68.8011985804629,7,2,7.681533796866171,0
27,28.637113731598987,13,3,5.76999789631239,1
60,69.14426127385028,7,2,1.7921549091887,0
51,52.13235404510686,12,2,2.249842174411385,0
43,44.75164098794171,14,1,8.790849630140974,1
58,44.792727175677385,9,4,2.68476570115854,0
66,52.127768359339804,14,2,6.000278347304911,0
20,67.64866631385071,9,2,8.64666568708271,1
23,33.756735976089644,8,4,5.211855940677971,1
22,52.057693368642944,9,3,2.610027480386463,0
22,59.170564440017046,8,5,1.449373780716395,1
64,38.019215509362816,9,1,5.765675047868915,0
40,95.93330403350035,12,4,2.792077367936478,1
66,42.93009039877317,15,2,5.004573978792589,0
26,46.61126172733019,12,6,2.8693195401612326,1
52,40.43384100355004,13,1,3.797114671581693,0
37,95.96960174276235,12,4,3.8611875900683676,1
66,71.05810457198963,4,5,4.47753520281567,0
59,41.268159875127154,11,8,3.5192027957935146,1
52,82.12463117719938,3,2,5.5695628652539915,0
67,64.01397388577756,10,5,6.994637818898672,1
35,65.14506842223004,6,1,4.279556200203055,0
34,53.11045582495095,11,1,5.521710814341116,0
41,45.01168026086053,10,2,3.129527614642617,0
20,66.75532198109202,16,5,1.8650388988403157,1
49,49.09825540008819,5,2,5.803370131745316,0
52,96.3351125915021,11,3,6.759267464487275,1
55,34.614177895137914,8,7,1.1727674780025388,0
30,90.7231354570989,5,4,4.817354147433866,1
64,57.773623024043985,14,3,5.864472178448141,1
42,65.98171468042212,15,2,5.578690519412262,1
26,76.6631553325887,14,3,3.819812457725847,1
21,47.39501409991128,9,4,5.095155934830474,1
31,77.28496769397273,7,1,6.85276797852168,1
54,15.0,10,2,3.280332508795057,0
51,45.60020933556122,9,1,8.10972827602868,0
28,41.51874385317869,9,3,2.22416084479705,0
58,34.929879752564766,8,4,6.795552011314272,0
20,55.70090323842098,19,4,5.107991763439806,1
45,67.7149993636339,12,5,3.970452586435311,1
46,74.05319996998611,8,3,1.3163688390721866,0
26,64.81753514400815,7,3,7.3803869241894375,1
20,46.68613070212906,11,3,3.1318268778010094,1
42,67.38032875650335,13,3,4.940039691425048,1
51,62.485713897017014,11,2,5.94206321657679,0
29,78.72112335872032,15,3,9.758477179527329,1
59,75.53873405863033,10,4,4.28864798978426,1
26,60.609528278412576,8,2,5.1021062639448385,0
32,42.05493987677487,10,1,5.828136690378769,0
57,46.94099688335838,7,7,5.232837720520032,1
42,49.004212807239334,10,2,3.4774630335730805,0
22,53.694673321674884,8,1,7.970627095548818,1
28,65.36100855179507,6,5,4.078128100766829,1
51,74.30348780256116,17,2,5.936251640767405,1
41,58.97762613969245,12,2,4.5662195750285255,0
32,60.322495758009445,11,3,3.788307291592564,1
55,62.86612610000007,7,2,7.096485658638608,0
25,49.6818937373532,10,2,5.525892375110077,1
22,41.49215484714088,13,4,1.0,1
65,24.891242053785803,9,4,5.595500161138737,0
43,46.097012838462554,8,3,3.7458211277489606,0
35,69.46290906535575,9,3,1.822326957653603,0
23,45.94177123920865,10,6,6.913085774046103,1
54,55.243859251481204,10,5,3.4728896856699003,0
65,69.32862574824634,17,3,5.524725074261635,1
30,70.41378992845337,7,3,6.839641079245962,1
45,38.40934295667922,6,0,4.515067281422874,0
22,79.94118712907283,13,0,5.502414919851451,1
30,82.5470017871097,10,4,3.63840110585499,1
34,37.403002855628806,15,1,7.207846379527601,1
67,43.52326260717692,10,3,4.636507617980085,0
57,83.82181366292383,10,3,6.074950448982947,1
62,57.062929574893985,7,3,8.010789420017995,0
49,15.604441050962983,13,2,1.2970221574849607,0
46,32.006369905346276,9,3,3.6296295276020536,0
68,55.01260749655037,11,5,4.654440167141202,0
20,36.73914699430796,10,4,5.255229118019137,1
57,51.731524587271174,10,4,6.2307738727745985,1
51,60.64792427367158,10,1,7.441622710566788,0
57,89.24509208069458,8,1,3.5091800540703364,0
44,54.190921675444216,14,2,4.596581703438974,1
30,81.45083599145518,11,2,7.243565833700824,1
62,88.5752032407354,7,4,5.6760352994586185,1
50,88.68619338704153,9,4,1.5987668580193009,0
23,65.69509186771137,12,6,1.433315701394065,1
41,20.734217043220518,15,6,4.021964551326994,1
36,69.21649730807731,14,1,6.1040091741339095,1
33,80.96799775627082,16,1,6.066670890037903,1
57,58.37865789129166,5,2,3.213682576890146,0
45,94.89167740150498,10,0,6.327166739125888,1
50,77.19667122934915,13,4,5.503862639585824,1
65,71.36546754305569,8,1,2.8373393865523933,0
58,81.72761422411676,11,3,3.7971306316899796,0
30,66.66739702521757,8,2,1.1107827407968967,0
60,15.0,9,2,2.6181240375140824,0
62,50.01722097059269,9,6,1.2324921123779835,0
42,83.94336054495707,15,1,1.9064929733044607,0
59,43.848173198034075,9,10,8.35863530188918,1
53,55.53054989526122,17,0,4.199858129009222,0
44,39.10327372193858,9,0,1.4521123026493399,0
55,95.67845190403537,10,4,5.837472878023276,1
24,93.62984914836031,8,5,5.579791430514589,1
22,42.322622097185416,6,3,5.3858245058644405,0
60,62.94596000778168,16,5,3.2535737495765136,1
62,46.39011904471904,14,1,6.2454581060393695,0
68,72.29889278062757,15,0,2.804392484281531,0
48,70.19366154484658,4,4,6.587294453396798,1
40,76.23411143226531,8,4,6.7692134318641655,1
59,66.63836895415774,8,6,4.8715162671418195,1
27,118.70812412776937,7,5,2.071363270280244,1
49,39.44152469978522,7,1,6.604991402484334,0
60,25.787932911269714,14,4,3.8328743854159204,0
47,52.13819598597077,14,2,5.548718744456019,1
56,28.64023468879465,7,3,6.381544101161008,0
48,30.150754599880145,11,4,3.380683564024517,0
35,39.97370691604066,12,5,9.291398084453368,1
53,41.55622189136745,12,1,4.912245223449248,0
19,40.9076379609988,10,4,3.658517061724546,1
31,70.36437900890823,12,4,6.998863709551559,1
30,49.87621877829328,12,1,8.0997145161737,1
46,56.409708502550394,6,3,1.0,0
29,77.8846554900187,6,1,2.2377239397566537,0
56,44.67354950437148,9,3,3.4487937326485483,0
19,54.70908202590556,7,4,9.226866843997396,1
49,67.3151997218583,8,2,4.041764138029958,0
30,21.168643987595573,13,1,8.041691861606704,1
63,15.0,8,1,5.440221267980015,0
44,66.92234657595445,8,0,2.0993943073201704,0
66,69.84028561133798,8,3,6.7612484957957495,0
58,101.28440269704822,11,3,5.633898457728823,1
34,63.1618975173362,8,8,3.2754709671628146,1
57,76.3947943451619,9,2,3.6784855929431304,0
48,56.09054712828053,10,4,2.9007939530968425,0
51,65.94454443170173,8,2,3.750523809351895,0
41,93.34513683499068,9,4,6.316910399219001,1
62,17.520143637487287,14,6,3.1926089884466853,0
52,68.2723251514336,9,4,5.168774250308224,1
65,102.71173460154732,10,3,5.627703560942093,1
23,65.64068438418686,8,2,4.890920343990768,1
36,93.01145926465696,8,1,1.7686701496665624,0
47,47.41575700941115,13,4,6.4977516195429414,1
24,59.35905011672573,15,1,2.66916509095007,0
27,60.67049404777175,8,2,3.849881409046036,0
58,15.648178412824585,8,0,4.079710254477293,0
49,36.636443442996,14,6,4.936298203512028,1
51,38.06249841232028,11,1,5.192462589836045,0
45,76.44132156065055,6,3,6.371708867162532,1
32,77.4430621136811,11,2,4.3764087144966926,1
47,66.48072885413066,13,2,2.566441912787414,0
54,76.48205793711412,6,2,7.174140264433853,0
46,56.71701174556452,5,0,4.197942449250266,0
39,84.03863339079086,9,4,4.6301210032857005,1
21,60.17576885264144,13,3,2.9983991267323358,1
37,61.15728094853513,12,7,3.2687331997306517,1
49,54.688147334751775,8,0,7.884875290281668,0
53,73.68900955272855,12,5,2.2498370548957363,1
67,51.57602366774174,11,2,2.5455051737122143,0
21,79.52862754396136,9,3,4.075469506314034,1
44,37.357017185679865,8,4,5.636298621402523,0
34,38.02167490543612,11,1,3.0651325911608556,0
29,73.74853510253008,13,2,1.8437058361359142,1
39,58.22911570833975,12,6,2.5589530847641355,1
34,50.92217167693743,7,2,4.168319861626354,0
27,77.80115464950919,11,2,2.998730526546203,1
18,47.854771718278315,5,1,9.446654769569172,1
39,55.995974913992605,8,4,8.96440235291997,1
43,87.98455900142318,10,2,7.331182270340088,1
35,90.782846916213,11,3,5.752861617953373,1
67,91.44796420540655,5,2,5.756735805270452,0
31,54.357484461321775,7,2,7.64417108509741,1
64,84.6140580996894,10,4,5.2615123324888655,1
46,41.02094344462644,7,4,3.3530220079811084,0
29,41.86194250555878,12,3,9.246427294437629,1
53,15.0,9,4,6.150455699163027,0
52,93.45736403797059,10,4,7.906097745780659,1
69,42.720403018478436,7,3,8.624258187576425,0
29,57.4693484050588,5,1,1.4555246657659437,0
24,41.79351316143432,11,2,3.2720550496821543,0
46,73.9033049666028,8,3,4.593348579856271,0
28,52.487326785653195,8,0,6.001880200539163,0
50,33.90366219134101,10,3,6.833077139366387,0
23,68.83325128372121,14,2,4.87364736745063,1
64,31.32539950379543,10,5,7.585598916645056,1
32,43.251885493690175,10,1,6.2188244628048945,0
49,17.86221770747838,11,0,6.19421129076145,0
68,31.520837756047865,11,1,4.446426713042695,0
28,63.57058339440956,11,2,5.631546308916437,1
40,20.70927923794151,9,2,5.617811229997052,0
43,30.37708550756569,14,2,6.925590192698409,1
51,59.95262167734384,7,5,2.365495328744556,0
63,49.127862078138946,12,4,6.404294245449989,1
51,99.84073271918618,8,3,1.7072217495601536,0
46,96.67793092048751,8,5,3.2933680196357598,1
21,42.641550744976925,11,3,6.215368799719728,1
34,71.14275236806964,4,5,3.3236960922563976,0
52,74.98565113758903,12,3,5.05455649838207,1
30,48.05042283951193,7,4,3.1574739140934325,0
58,30.089169270035924,8,2,6.198557842582174,0
56,59.75403101383885,8,5,5.094772631489105,1
32,56.54308650371778,7,1,4.950513241552238,0
46,51.284710060587614,9,4,7.199430175284636,1
46,68.8463373632897,7,2,5.833673149094732,0
28,44.98540785988803,12,3,5.987466303550142,1
69,36.96004904841714,11,4,7.217764566126265,0
49,62.18165940699664,8,3,7.423511679610391,1
19,67.71940185137751,10,2,3.0997047689372383,1
64,36.46710112199894,14,3,6.473915897754279,0
31,78.56181221982162,7,8,5.866827024248641,1
37,24.59037724447844,7,3,7.623929345657808,0
39,48.43773082568713,9,3,2.426312384100988,0
28,54.83982927604782,14,3,3.6187537635376854,1
44,47.27552574696141,9,5,4.605796892682898,1
20,48.69879052897615,17,2,7.805420389936801,1
34,97.42148964616229,18,4,4.426192904430547,1
61,42.98231821922202,6,2,4.91702771540261,0
45,108.82443444943829,4,4,3.631931448466921,1
46,68.74253559462103,9,4,6.568191480864091,1
38,61.84110274623984,9,2,6.352749756551113,1
64,69.52480706775331,7,4,3.9124682200442873,0
33,110.59855498503904,9,3,2.910240647550361,1
54,40.128139921371044,6,5,6.544307704559218,0
37,37.59164162127222,10,6,6.017569605258854,1
23,44.902676068561576,10,5,3.672631545333741,1
36,60.64286293929122,12,3,6.388490615531136,1
22,25.484577503748532,12,1,6.278731397470571,0
20,60.44678478637216,11,5,7.459963620536916,1
18,93.87094266827344,5,3,6.693707338771305,1
55,63.028147812495554,6,3,4.322205382967026,0
32,54.146290820494464,16,4,3.476280234472223,1
51,47.63679102632745,19,1,9.0304096363286,1
52,77.97023409103129,10,3,3.972274976169024,0
66,43.48334453523905,11,4,1.3310831317813592,0
42,96.92791841198496,6,3,2.5838860798704495,0
41,98.66719495428714,12,2,1.0,0
29,65.13501597323575,14,3,7.442578803524961,1
35,59.7696982384671,22,4,8.642965287441726,1
32,80.61319616483118,8,4,5.499714857073707,1
61,81.8959700445465,7,2,1.7926120444356366,0
33,43.88016537881169,8,2,7.403414808841099,0
44,49.46889733726596,8,2,5.931518853111999,0
25,33.55305130633409,11,2,7.461992120302101,1
63,68.18129876668114,9,4,6.1799965995955946,1
42,73.33255766913781,13,0,2.2304789510960443,0
34,33.001487242774544,12,4,6.3229254369354315,1
46,50.89602190367682,8,3,1.8899993190491142,0
25,33.05492164837302,7,3,3.4564665709137237,0
32,42.02400379512325,17,3,7.066204146913885,1
44,71.02034120452599,8,2,6.967797624625385,1
63,45.330358666434414,11,6,3.1122694638949246,0
67,53.983480879354026,6,3,2.720578720299682,0
69,27.45376544105369,9,2,5.052820867038566,0
24,63.73980419449329,5,4,9.006398094177548,1
20,59.11453360310702,5,4,6.121715037371746,1
46,45.420814999336756,11,3,9.705430310738777,1
61,56.21971404635052,13,4,4.670885736479615,1
41,63.60589761006889,9,4,6.76656729354924,1
20,43.70263702181312,6,5,4.368091391627696,1
37,30.474749119964414,12,3,3.399763729208603,0
63,96.1114886537363,6,4,3.0969158468787574,0
32,47.33454590579455,11,1,5.707048517857172,0
42,58.06479793626222,6,0,7.5895693418248396,0
47,80.21679470040627,13,5,4.3467301130536535,1
31,130.58110375140967,11,1,7.842699681238346,1
24,35.11027100222269,16,4,8.661572959247943,1
34,68.9965442745302,13,2,6.735366002111428,1
61,45.848954294117874,10,6,5.653633623186893,1
37,49.22419390846578,10,3,3.6591413010643468,0
53,45.5957595798642,9,2,7.605659791269005,0
26,37.4869006439883,14,3,2.718245066105207,1
55,59.174172764306775,8,3,6.214539173126729,0
65,30.50994625903529,9,1,2.421830857399048,0
39,78.93615133023741,11,5,2.8851993570103525,1
19,61.10005872066749,9,0,4.877262538711088,0
41,68.4486994580288,18,2,6.407970094045682,1
25,50.67622776107554,12,3,7.0096226886245425,1
28,52.655921315765035,13,2,5.008064220410787,1
30,65.75127810334656,10,2,4.1649276739710235,0
34,36.71898735188349,5,4,3.419824371650103,0
25,52.840191311733285,4,4,6.400037079787047,1
38,42.80772972243092,10,3,6.32286701082301,1
35,42.18862378817971,12,3,5.355025599153004,1
47,17.803235187487168,15,3,5.60332773193425,0
35,86.78653178959999,11,2,8.203268005039734,1
63,46.26922493692462,8,4,7.0332930920756755,0
64,83.26752110327101,10,6,2.1694443883891354,1
48,81.37584642788585,12,3,6.775139665779063,1
55,34.28000586967013,8,0,7.762548769890913,0
49,38.23177528654308,7,0,3.3607926652344746,0
28,111.21005918711367,6,5,6.896620361253311,1
62,95.01851883854286,13,5,11.011488851971205,1
42,59.36962973343792,17,2,5.964761354712385,1
50,65.14746212834699,10,2,4.528595260389263,0
55,47.38307194105623,9,4,4.798429531785194,0
58,68.6470542840068,9,1,5.262353605187404,0
25,45.656361985550575,10,2,1.8456413439995698,0
28,19.352924714032305,9,6,1.7531359110885583,0
39,33.56888426977898,9,2,5.540921027691863,0
68,60.421854957011746,13,4,4.902484519737201,1
41,37.37865528994824,11,5,6.326072008678358,1
58,58.65445070172931,17,1,4.435033698836558,0
34,38.50677921134274,11,2,5.165141100217241,0
29,44.35292154996013,9,5,6.901182444277587,1
63,77.06330612826383,15,4,1.0,0
49,64.94961095280209,6,1,3.1672595133229353,0
32,59.806711573733054,12,3,3.952952515578901,1
33,77.57927946141302,10,7,4.682744999281766,1
39,69.61217186694695,9,5,2.1655293780194174,1
45,88.93126582502735,10,0,3.1828400620282418,0
37,50.8028147536972,7,1,6.398504804542916,0
50,51.407300429449826,4,5,5.929911429490508,0
27,33.977814672173096,11,4,1.0,0
57,51.4203856525516,9,1,4.54956592408353,0
49,79.29539788604892,8,3,4.715485772452116,0
67,85.99974744524268,8,2,3.173800192709569,0
50,79.20610336173335,13,1,4.715956764074282,0
19,24.116162669011274,11,6,5.78525483597631,1
50,81.66290425321469,8,1,6.430069869258478,0
50,23.22962753455859,10,1,5.202463010751345,0
58,77.96234648244695,14,4,6.293703342014223,1
30,52.644309468578896,10,3,5.021827034341773,1
47,74.05066627867711,5,2,1.0,0
50,33.35103304210868,12,2,4.732367948505109,0
30,83.42335265412294,12,5,2.542096011229436,1
69,30.70050507790222,9,5,5.226881686820459,0
43,46.63090178293645,9,3,4.5600016519464095,0
39,40.0381074446193,11,0,4.5411454486136344,0
56,24.91430294355002,5,1,3.324375356117028,0
19,61.89055135176937,10,1,4.202274069535824,0
55,96.12178235673923,6,1,5.613990422535308,0
56,113.33810444640018,12,0,3.173166270451234,0
43,61.94311574172495,12,1,3.7575436829743767,0
63,82.33362550135044,8,3,1.4947942714264055,0
67,64.64189275857075,13,5,5.558268411021371,1
32,69.97766389536426,11,4,2.447737473227045,1
51,53.157026977455224,7,0,5.055687343841636,0
59,63.90153850845204,11,1,6.412678597376155,0
61,70.74957409212857,13,2,7.542583318916446,1
66,48.43080542247337,13,3,4.35704501787018,0
57,58.45011400214024,12,2,6.249438521839867,0
28,58.83139762005023,17,0,4.985205316213411,1
20,76.5280663466105,12,4,1.255192896786462,1
23,38.67935656744639,6,2,2.0273519966753657,0
26,58.96915582784697,13,6,6.694545689299244,1
23,98.24010938105394,12,3,7.315044887361943,1
26,83.28120305171875,11,4,1.0,1
56,86.9835809777741,14,3,5.667458489385115,1
48,60.48863680356068,11,2,5.537966591817286,0
49,66.41995127372046,14,2,3.3949086179036922,0
58,80.0447233340585,11,5,3.415629949423102,1
67,91.20511059061862,10,0,2.8870682351351444,0
29,20.96794174234227,13,1,1.1577688185548198,0
25,33.69117385900309,12,3,2.8921530982941333,0
25,86.18888202805296,8,3,6.392676376139767,1
67,54.46221288462393,6,1,4.298889803333141,0
45,46.56558421483845,13,2,6.46784773956535,1
37,34.91678026008792,9,6,1.0,0
64,48.89966596911781,13,4,5.879244556879914,1
24,31.952614331523502,13,1,6.555059990372211,1
28,101.82188545464953,13,2,1.0,1
37,59.55127896038853,10,3,3.9461702536433707,0
33,58.84098916474565,16,2,5.687849088633309,1
21,71.76153350335663,16,3,7.606092774043107,1
23,79.2469033853314,12,1,2.2420628002138496,0
39,78.91776313109278,11,3,7.774468632691875,1
43,81.47243887815144,7,3,5.877301309802116,1
20,47.383088984182876,12,1,2.99450534926367,0
58,54.04266390086278,11,1,6.985511576833353,0
59,75.38063310884552,6,5,9.605588367838902,1
31,49.4522187672076,8,3,4.329091601195964,0
28,59.897867359455496,10,4,4.163969067991507,1
35,67.97527528849629,3,6,3.0959524905234064,1
29,75.70370164620752,7,2,8.676608146752322,1
40,24.446380752595978,6,4,3.5409651135421556,0
29,74.29491299777891,7,2,3.0622720867679294,0
30,55.325518842965494,9,3,3.7517416682572167,0
42,74.14915421728762,5,6,3.7752911243483487,1
62,75.53863384709658,13,0,3.843228400738993,0
68,92.15830122238316,6,7,3.422300652834776,1
36,87.06907295242407,10,3,3.5680356883376696,1
63,86.93143325220592,11,2,5.286503456966102,0
53,88.87340638332476,12,4,7.699473647245497,1
62,65.82757969631892,8,3,3.0160751332802604,0
25,60.643701740736795,9,3,2.3943847912381,0
46,77.45634166356669,11,2,5.652638593997296,1
49,74.64161902866044,11,4,6.065905846027318,1
68,53.818675265234795,9,2,8.081891706452494,0
61,68.09646817616536,14,2,7.817641637980525,1
35,59.29807066430811,15,4,1.8296477196993544,1
23,42.92134183079888,10,0,1.0047369577738121,0
35,85.809214827527,15,3,6.130908053714309,1
36,61.10398485060178,7,3,6.0771334890208095,1
39,100.97416515397701,11,4,7.963688057931789,1
54,27.49015459600335,7,2,5.785163358931146,0
49,48.86442454313267,11,0,3.874332639124776,0
58,60.652776733817426,17,1,7.078862013180252,1
20,82.74762195257829,14,1,2.9109258159806797,1
45,67.9893874520437,9,2,9.013746414123766,1
27,66.20945508361503,8,2,5.544764234365183,1
68,37.45472414891706,10,2,3.5253400048294687,0
52,36.86117205541058,13,3,3.2269774069407315,0
46,66.4500932057981,7,2,5.39031271190877,0
32,32.71788012363283,10,8,4.840403906637598,1
50,49.362444994213426,10,6,4.72641379468071,1
24,70.01834658171715,9,3,2.3795524575857354,0
29,40.35351455446448,9,3,4.6764343965481645,0
66,92.10711924723613,5,3,6.653495805521139,0
47,84.4787268847578,8,2,3.49031909401153,0
38,28.57160003323399,9,2,5.512453138266827,0
48,41.35257513636026,16,2,7.237785109170217,1
41,15.0,11,5,6.2602104709699224,1
37,44.34817274903733,10,2,2.5799856643354033,0
54,75.32776953144798,7,5,5.642687707462179,1
21,51.722101154502866,14,3,7.9298248705209975,1
45,69.21594487231935,8,5,5.994507526326577,1
61,29.553313634365118,14,1,7.360438569247948,0
37,75.9595050916381,4,3,6.960279411839625,1
41,48.897815441433,9,2,2.723421538081509,0
67,60.2433936456581,8,3,8.560454990280077,0
66,58.142509972138946,5,1,7.507549353655392,0
68,34.56902958215432,10,4,4.433901576892163,0
49,36.93831336520435,9,2,7.5916896841976325,0
58,79.35588938006852,7,3,4.744433475378824,0
53,67.97984315003391,8,1,4.8213570471855585,0
51,81.00098083106853,10,3,3.212306585512171,0
53,66.49316471005037,9,2,2.930429435992739,0
19,62.85981269618433,7,6,5.298557435261988,1
32,25.479787626664667,10,0,4.493439902820393,0
51,54.59266606477661,10,1,2.025638490533743,0
53,59.45231359192512,11,2,5.7003109942727495,0
23,99.06214396545148,10,4,6.021044324904214,1
56,73.73913264197354,15,2,5.598052863356413,1
59,90.72122363419057,10,6,5.580548426134406,1
68,71.95075411789456,11,7,5.815614893258099,1
68,45.77393546101041,10,4,5.333054774452934,0
29,62.342484322997024,11,2,5.698359362136866,1
20,64.72447292528466,6,0,6.011300667000756,0
62,41.216888604586366,8,0,3.829209880597287,0
35,52.31225246814158,6,5,2.4678819225965696,0
57,55.88466012645656,10,4,5.638504191751762,1
38,92.11239665130236,16,2,5.302887115460236,1
32,18.38518949218043,9,4,5.90605975514627,0
50,84.11636841432086,9,3,7.276491266266033,1
52,41.26409530081234,8,5,4.930948865326311,0
43,32.55841625460772,7,3,4.733817745845913,0
25,83.59884260076927,3,3,5.936656906850188,1
53,74.63796138468763,8,3,2.9590140205379596,0
65,85.0903740476238,9,7,5.083703674181504,1
47,76.01403895091153,12,4,4.795466424972121,1
40,101.19690003474804,11,4,6.753022225215954,1
59,71.17447673888971,7,7,4.082934151049821,1
61,56.87045247753683,6,1,5.181812794491321,0
31,66.85852754642686,11,1,4.688800118600965,0
31,84.86938256691927,5,5,1.0,0
19,44.41249349479766,9,4,3.9439684169696436,1
54,46.96222834937238,10,3,4.983094214558625,0
22,53.820799708041854,9,5,3.217079286276958,1
55,17.908344024693356,10,5,4.755460796347928,0
62,62.761568168350934,8,9,7.6777440803271135,1
58,22.277425920979475,10,3,6.926507199990211,0
64,61.061186258652384,14,5,1.2679689495759106,0
31,77.30579512270499,7,5,6.519181543822601,1
56,50.46247078712329,9,3,6.123499937062544,0
42,93.54231740373743,8,5,4.813473133192029,1
37,30.789982011630244,8,1,1.0,0
19,83.82521363263665,12,3,6.565368951775656,1
56,73.50274112813841,12,3,4.1415243982092305,1
23,25.679335033786217,13,6,5.4216840816065925,1
34,114.21588598081065,12,3,3.064303114186835,1
42,58.725094289920676,12,3,3.5154853446919905,0
45,42.450319556887365,11,4,6.872449585782366,1
19,31.85825610431966,9,5,8.245364232561906,1
52,55.59963944680652,11,2,4.145972858378305,0
54,57.45186255220081,9,1,8.025714050394537,0
22,62.05291057079329,9,1,4.142219493972968,0
18,54.044076875520794,10,2,4.1181926297930636,1
57,72.66450620230187,10,1,2.164364238804454,0
29,52.24740334673507,10,0,5.994643976254023,0
53,21.30071765519058,16,3,4.6091954831830355,0
62,57.012770087007176,18,1,4.721953104725995,0
40,15.0,10,2,4.240781861923669,0
64,67.0754126178278,10,1,3.0165441126573835,0
48,40.413995394347296,14,3,6.251307905748941,1
28,63.26720709831601,10,0,4.877304735748085,0
27,86.28149963049208,8,2,6.616014240801403,1
20,41.02502609464,6,0,3.1116950535092562,0
31,81.22512517024236,12,5,5.4781347939767695,1
33,51.332208666276934,11,3,9.274121749358756,1
27,95.06389604131171,9,1,3.5775317452152144,1
46,52.69694773603573,12,3,4.030847634231249,0
27,43.19014028986617,7,4,4.007293966657206,0
29,73.74476900790577,7,5,2.914879651510613,1
47,51.28420540752728,8,1,8.315297914309651,0
58,43.171009717419835,7,4,1.0,0
18,50.443202985924174,8,2,2.554672502576895,0
22,59.107869356339975,10,7,5.936097956155036,1
37,86.84360262489707,12,3,3.539472120080994,1
25,21.31824509080846,12,6,4.9390331326782855,1
60,60.46161317900842,11,3,4.942420199854768,0
29,72.49807189308086,12,4,5.99412197944877,1
18,63.86897149983592,8,1,5.1637582763866545,0
37,86.19730338867069,9,0,4.222584668934894,0
45,58.51309340482951,9,7,5.258856443475231,1
60,56.308971156281096,7,4,4.643034709970506,0
54,71.84659094026686,12,1,8.388985748625348,1
64,61.98627629902699,12,2,3.8487357031910343,0
54,52.19182523439058,11,2,6.110743005351097,0
29,70.3228807917276,10,3,6.827169018843134,1
54,46.9494341356671,9,3,2.3570655668379796,0
66,47.776456959613455,11,3,2.7743372596259968,0
66,49.44011956468773,10,0,8.86150388269324,0
61,87.06138320332815,8,1,3.6459017905277014,0
45,15.0,10,1,5.02430709543308,0
64,67.91197669525884,12,3,4.652360987235982,0
32,60.685436284004446,9,3,4.923528561652535,1
23,26.38259081523759,12,2,4.255424748924238,0
61,66.19453558272005,11,1,5.242120944263634,0
37,69.51503983663063,8,3,3.3744103658347395,0
67,71.792784627148,14,3,4.552411595328933,1
31,15.0,14,1,1.0575875332957416,0
19,87.32778823708877,10,1,4.767298762928937,1
26,45.24526590630318,8,1,5.669718030022173,0
54,73.73135493506352,13,4,6.918550519762394,1
37,74.82147561364572,10,6,7.295247425546995,1
43,42.466058287614146,5,0,4.245410263513009,0
46,73.209199047031,11,2,6.6812072426387665,1
18,52.29013518175284,7,3,2.697748665916858,0
52,18.572456413236857,5,3,3.965296578137499,0
23,83.35483851055558,11,4,8.241650640373354,1
54,44.4991007396752,12,4,5.364838706284564,1
22,42.91013074523892,6,0,5.465788148083326,0
50,51.93868263926556,13,4,4.643233936146,1
66,65.44473450654776,7,5,8.737538781815893,1
68,58.85459178355796,12,2,6.06166424733645,0
31,70.9613384941434,6,7,7.969974419526094,1
29,33.210212669426824,6,5,3.8165256050928216,0
59,45.152272591385305,11,1,3.055523229944109,0
37,57.68005855356933,5,3,3.469602871769549,0
67,97.95774585317412,5,5,6.258119857154257,1
41,57.72374923172484,10,2,8.294834527360013,1
60,81.70444527323264,11,4,6.499892152662111,1
51,60.77110337568635,6,3,6.75453119669498,0
42,50.32682725124863,12,0,5.345768823473164,0
67,55.06551151771119,12,6,2.453844280729326,0
46,56.63160575942238,8,6,9.046554782510167,1
56,72.07291477921477,10,5,6.328661071848397,1
48,87.49222535153109,10,4,6.0467746369168545,1
64,67.19361695372642,8,4,6.747582943394374,1
60,83.74155357483511,8,1,1.572132657730374,0
67,40.70420524740629,6,7,3.9977535035101637,0
40,51.70738982371939,5,1,6.243841769195985,0
61,45.513949315846666,9,3,4.710205102156868,0
55,66.28889181749705,7,5,4.846946275922388,1
37,52.82083229641172,7,2,7.5628576632968265,0
40,74.59545874068391,10,4,5.234551075319414,1
62,41.379965767351166,11,3,9.756163888814633,1
69,60.86061946642563,5,5,4.918407258697518,0
33,73.73715822024512,9,4,6.6098745612527186,1
67,18.693944499187793,9,3,5.968078667271809,0
59,102.43262614660406,7,4,3.851439826392661,1
25,54.33696230240248,9,3,2.9379129873359804,0
67,19.499201726476542,7,1,5.0741759794492145,0
38,63.16187797153572,14,4,8.841004122264255,1
18,60.66886935946302,15,1,4.212762456647706,1
25,58.36211240855014,4,3,6.037790114866304,0
46,79.82382225853333,10,0,4.485701274728131,0
49,74.94889942854113,11,5,5.443120643373998,1
55,65.95752382047691,12,1,7.284024616498282,0
22,69.00311267893295,8,5,5.229949269861045,1
64,57.91283101123827,12,1,3.769320343772253,0
39,95.50981698480096,10,2,8.212087127660835,1
64,30.416079632844667,15,9,3.7901710721185684,1
51,62.79303348431793,3,4,6.353462454025073,0
18,61.300492623775604,5,5,2.0186818748253583,1
43,76.26560812129186,10,0,7.569437382012507,0
60,43.12292245150201,7,4,10.209309813431071,1
27,25.12654795206928,8,2,4.945959125971709,0
47,63.13646032196387,15,3,2.947857106762469,1
67,65.62460984437209,12,2,6.535001112816119,0
35,89.79198818895298,15,3,5.1816999069916125,1
34,34.59275907349827,4,2,9.282946143191015,0
43,83.0938753343344,11,3,3.8015766864696205,1
25,107.34828728054242,8,2,2.326094989595153,1
64,52.44470224955046,9,1,5.607559666695731,0
57,34.18115561013552,5,6,6.166646481778676,0
66,51.86051267253258,10,2,3.462048021821471,0
29,60.280099347427615,13,5,6.9209812793581795,1
44,71.2757575001383,7,3,5.111873004073195,0
25,48.17210540323905,10,3,4.458354980356946,1
42,91.10397068294684,4,4,6.0894473038602275,1
63,37.709353699838765,8,3,4.4247962634708955,0
21,25.215896956544,10,4,3.529989312598378,0
50,82.13420848574634,10,1,1.772230795676435,0
18,15.0,17,3,3.7655423804810875,1
36,55.917404622545675,16,4,9.98919563013435,1
48,122.35362258416095,10,5,5.071843951414523,1
33,59.75912894080137,4,3,2.9657563307659376,0
31,37.58464698607501,12,2,7.533643515874888,1
65,58.852050724264124,11,3,4.906023700199031,0
22,58.98398422760933,9,2,5.584046071868603,1
58,63.212998807062334,14,5,5.548654853232729,1
43,73.2452596431924,7,6,7.970614034947756,1
45,39.21777663264521,17,6,2.3426517171238648,1
19,93.75096110473586,13,4,7.918740499052798,1
67,64.90228568745236,8,2,6.4903713669210426,0
23,74.53588092803608,12,1,5.1546182124945235,1
26,47.43701200488715,11,4,3.2921282439991812,1
50,85.72764273991066,14,1,4.50629676910061,1
58,54.85895182373871,11,2,5.084717133394585,0
42,65.55105026987063,9,4,8.617580072077839,1
65,41.33787845625781,10,2,7.870082081506331,0
30,40.06136747195747,11,1,4.224584802885083,0
26,73.76410612905765,11,5,9.018724665590947,1
30,51.12786339585228,15,4,6.901889402194544,1
48,42.923538249912454,11,4,5.942661134202127,1
58,47.13633315945939,8,2,4.437516087227028,0
28,73.97906143434842,10,2,3.8455062240032234,1
21,47.419242775927785,8,1,6.085263406012039,0
51,57.646901367956715,10,1,5.76755024047441,0
55,60.30055500574194,15,3,4.218887266920843,1
63,21.653022279794023,8,1,7.2279554093091996,0
21,30.57747189252964,11,4,5.326853449415445,1
55,66.72555778495125,5,5,5.836061159410669,1
36,45.25941277694606,9,0,7.145514666809816,0
23,81.13449822560837,6,3,6.653194986901401,1
51,79.33614208501089,6,4,1.7605050192614122,0
35,74.38337332710874,10,2,6.523887753120215,1
30,96.39543574625195,12,5,5.055973417636048,1
58,58.33821344513634,9,5,4.105760031373912,0
40,72.97763851807679,9,1,5.10423596052682,0
36,48.311980468079376,12,3,4.387694430408133,1
62,109.04739825737448,17,3,5.253520369533809,1
28,99.67267304872038,8,2,4.9584700574995795,1
18,60.23760869035584,3,6,6.37531526400141,1
41,67.73172459810384,10,0,1.9362996140224955,0
24,87.18595198729611,14,2,5.367584167267977,1
42,57.05720990371786,13,6,4.942737367799197,1
38,46.86751858400591,9,0,9.503151514996393,0
32,77.47979502013766,12,2,1.0856431371330735,0
18,61.568784921673405,9,3,6.844095080785467,1
29,63.65988899290521,7,5,5.866741931554101,1
24,43.31457313864069,12,0,6.532652518535058,0
32,25.646557032732076,10,0,4.105377789219707,0
38,64.72284819758202,11,4,5.638721433841425,1
36,78.099240829884,10,1,5.2908470967694115,0
46,55.483865018479165,10,6,12.072096148987123,1
42,88.72859039117733,12,4,4.3814714379801964,1
50,45.921673491689106,9,2,3.4298564701021093,0
66,38.905910900681604,7,1,9.002114537188072,0
49,58.655393856077374,4,2,5.687787947207298,0
66,58.34814849297419,11,5,6.02798719492047,1
52,75.39937462670446,8,2,7.253888204599923,1
61,44.500743518720306,8,1,5.153543101719705,0
55,87.36188473629795,10,3,4.161769246161864,1
43,99.33833925016506,13,4,5.264896637590278,1
28,59.217119460633164,13,0,3.318317071822163,0
52,84.99420840368637,6,6,2.0951674728748904,1
25,38.870058587494796,16,5,3.313995529209489,1
63,81.50443082363832,11,3,1.0,0
31,80.94552817118925,6,5,4.2712983217042,1
27,77.26874560379757,6,2,4.000191734481335,0
19,59.68873822259412,5,5,6.207305511812114,1
63,15.0,9,0,5.258207209316946,0
26,47.16545712695741,7,3,4.721631589468146,0
20,47.48167964630796,8,3,7.355146350784574,1
38,40.43490123879045,10,3,4.165725710687893,0
43,62.444860090941326,8,3,2.7803958721847613,0
25,51.62073108957531,12,4,1.0,0
65,43.50775980469956,11,2,5.049435908383761,0
19,38.823997035043604,6,7,4.893936522224557,1
23,45.689740290295425,8,2,7.538162258949072,1
45,82.42998423699856,9,2,3.2648133014210705,0
46,46.77949890745012,8,3,6.500079498621543,0
43,49.70122587133455,7,8,1.0,1
42,50.86604769953507,10,1,2.4016804308771817,0
29,66.77987027618839,10,1,5.767091528792913,1
22,69.12498977057065,8,5,6.37867413247157,1
51,15.0,13,3,1.6811862327709566,0
65,80.43270427655216,7,1,3.410790599090608,0
54,88.72736068487508,13,3,5.0901485227371435,1
32,38.99626925276661,8,4,4.809729746660616,0
61,40.554035105303306,11,3,6.095098239784784,0
53,50.99493224443457,15,4,6.826806795917566,1
32,44.8799196108679,12,5,2.443483556609336,1
60,64.47853747893213,10,2,5.88794650379336,0
65,21.069494272822716,13,4,3.560763523326682,0
40,37.641447839265204,11,7,5.671104568842137,1
23,90.78394400349815,6,5,4.066444359608698,1
63,41.43560065303964,5,2,7.153462168976947,0
67,84.8685655620585,4,2,6.173555565967768,0
61,67.10676391180274,9,4,3.0222909403409206,0
60,23.814645708234835,11,5,1.6427124277921954,0
62,72.70658390432412,3,2,7.378828943896992,0
38,57.646653956142934,4,3,3.5880745869521227,0
40,50.89065887500519,10,3,3.796401212337057,0
60,64.89914186344008,9,4,6.484004911891699,1
33,69.49266971133585,9,1,2.9534775717366415,0
64,74.1518364394924,7,3,5.3982631832658425,0
32,83.56505695096004,12,2,5.036902849123678,1
42,68.16271825556713,7,3,4.836785457394456,0
53,32.48731822427276,10,6,7.390646423069848,1
28,50.52709084697618,5,4,5.932132723547016,1
68,118.86096670537242,8,5,6.958170564789,1
32,74.48982120763455,10,4,4.500403473833906,1
21,107.38574601622994,9,4,3.551837063349102,1
38,87.9086816439837,12,5,7.0777744064948855,1
30,64.83604143111498,11,6,3.858719134242543,1
39,66.02814139562236,11,2,5.247250548804655,1
36,59.26839920246309,9,4,5.84706693726463,1
51,25.243907683070013,12,3,3.4607564948597336,0
31,60.36094504936449,9,2,3.4670376414773987,0
21,84.21349105084394,11,3,4.45680680321065,1
65,48.007200103575926,11,1,6.488076030038052,0
69,68.2390599812362,7,2,5.692161969876624,0
63,77.03182091786394,9,4,2.2933327794546403,0
44,41.80639121375049,11,5,8.905557699098962,1
46,50.9739427131267,10,5,5.760049740367952,1
64,39.64177019045682,4,1,4.152678248152041,0
45,43.55668786621186,12,3,4.6948865882625865,0
52,34.24789432693878,9,6,4.515713917298516,1
25,41.991030772439466,13,1,4.255704750900391,0
33,88.38911361595677,11,5,7.331499388815824,1
59,41.69045941819415,9,7,9.752869338228077,1
53,62.5291843812138,15,3,3.9743997949143246,1
47,49.94262492658088,16,4,4.084815978187039,1
35,83.57731874073878,2,4,4.819671674843967,0
19,86.22324593207233,8,1,2.246902268966692,0
66,77.28139964277894,9,3,6.055889226830877,0
30,66.12269106205511,10,1,5.373643819507112,0
21,55.37880926318203,13,3,5.299099478139837,1
43,36.16250591617501,7,4,1.2940267011947175,0
42,98.87057762244395,8,3,1.0,0
47,44.806539644948934,10,4,4.264763204372436,0
28,73.27292694065683,9,2,6.32308259202624,1
24,81.19131145246794,20,1,1.4438731329652321,1
48,48.89439006189341,13,5,6.790626890580773,1
61,80.76025054631924,9,1,4.393315652111365,0
27,75.28426406677711,7,7,3.342185949450707,1
56,94.5592767076353,12,2,5.166521356407585,1
30,50.61307067146578,9,3,2.404743056208363,0
48,34.2827196544057,5,2,1.0,0
24,49.890204891109775,6,4,7.412615473238436,1
66,64.17707085068663,14,5,4.902583877677076,1
59,61.164254541701126,9,5,3.5571846262158986,0
59,52.13124207450899,8,3,3.84417603110529,0
53,21.81605082045514,7,2,3.45003765334277,0
37,69.40965992258214,5,5,4.29437461956643,1
21,99.446889581644,10,1,4.775171840602228,1
24,69.28502476246007,9,4,6.375125096637838,1
18,72.18271038107028,9,1,3.6085199108039214,0
61,71.44890612310203,14,2,2.8852126092812336,0
62,67.940933397648,4,3,3.927897445615816,0
59,78.6333193373619,11,6,9.927965589029746,1
64,67.90747362371332,13,2,5.31353831735202,0
30,53.74645660693448,11,1,5.799355523260432,0
39,44.08022179982492,18,6,4.490500536198664,1
38,55.02052689438649,11,3,8.46660990825863,1
39,66.28258992901331,12,1,6.719403141617372,1
45,53.678340777540534,9,3,2.9186276695614453,0
26,66.2867736626286,11,5,5.3152393706973875,1
43,68.78300267400834,7,1,4.22611312540663,0
26,76.66358862540363,9,1,5.822337701558387,1
32,85.65589937677962,10,3,6.99307842240903,1
27,61.56014836957715,7,2,2.5538741179126214,0
41,33.844468697046786,14,5,5.717981576567009,1
59,53.0979180636162,6,5,3.3855227622332675,0
25,60.88125134813199,7,2,7.832817791650563,1
41,23.284624876458196,9,1,6.932915952360647,0
33,87.77329040204964,11,2,1.020217969533503,0
66,62.847558250209325,12,5,2.7465432359668243,0
43,67.6270566916057,10,4,2.3125393831474077,0
44,87.31052925052532,11,3,4.876878668324149,1
54,47.39714339715306,11,6,5.602875636253337,1
21,71.4808386176806,6,5,6.58289837819209,1
67,57.802717537961286,13,3,4.508584951130273,0
41,56.318262659681615,7,5,4.435188046947793,1
36,44.556152243912415,9,1,5.568583678472391,0
53,93.31206427373056,12,2,11.300703011949292,1
56,52.48999919848858,13,5,1.9703773876801236,0
27,73.98928493791404,8,1,1.2415458398466628,0
42,22.499852250561275,8,1,3.9277230486696864,0
35,83.59977059379574,8,3,3.562613998040145,1
36,81.04422311914118,9,7,3.5242710075015182,1
53,61.948682205946064,11,3,4.975336929590314,0
27,55.46115067724151,7,3,2.6594511886228087,0
50,68.00000011227132,8,4,3.8094850307860595,0
67,105.77581321760579,5,4,4.4109767929938934,0
22,24.7352660219303,5,1,4.457736340176938,0
64,75.64054775148256,12,3,4.717606507716479,0
66,41.76765395692195,14,4,4.700766157146986,0
52,59.60163207400537,8,5,3.3850999098394703,0
61,55.04239761842674,6,2,4.489987916362072,0
51,51.43363484404489,11,1,4.989919645738327,0
50,59.79069741894541,12,3,6.9206137823776706,1
38,37.31657709444419,15,3,2.03833988380886,0
34,80.58360872255935,7,2,5.048954627408669,0
39,24.117129776027994,10,4,5.329544442716836,0
65,70.79529025656684,8,2,5.3687366664318885,0
54,53.46928294930858,5,0,5.462615070698628,0
32,36.581502123850925,10,4,2.3737839775190794,0
52,64.0476674119739,14,4,5.3215459348101595,1
45,28.86097826587044,10,2,5.211599975791624,0
24,60.79427643439269,7,3,6.095725007538621,1
49,31.542461843768912,13,3,4.667255404540155,0
28,69.22544168635662,7,3,3.920706586786804,0
27,41.51285332739249,9,3,7.002435546861744,1
26,50.980119659413816,5,0,2.5639609751149637,0
31,65.87898775886325,9,6,2.2520647554826563,1
30,44.54915776315528,16,4,2.5188528615071677,1
42,58.84072000663395,14,2,5.692525815506325,1
19,29.723389975102926,9,3,3.5543716259519593,0
52,72.61751207192312,5,1,4.777641279291287,0
24,95.29827611101543,8,1,7.770993937269626,1
38,115.84417735819923,13,3,2.645296116448572,1
35,61.82336293332878,6,1,1.5969803785170908,0
20,75.76408281594374,10,2,6.659537410592099,1
59,24.387486541850215,10,5,3.3311806204770518,0
56,90.05468652611177,12,5,2.6565967584658083,1
58,75.52457009448213,7,3,4.7847345490081326,0
66,50.32133110097534,9,5,4.61776843592444,0
28,84.74361600578018,6,3,3.264313118875685,0
56,54.91047846709317,8,10,6.124077605601728,1
41,50.83949633970887,11,2,3.441745806778317,0
63,69.50669850854983,3,1,3.350642273964806,0
36,38.73291000339363,14,1,1.2688036933343487,0
21,80.43249528799896,18,4,1.0,1
43,38.880203761463136,8,2,5.472602622355777,0
55,38.99890420353628,12,8,2.35834078026318,1
59,41.80620423183331,11,2,4.694585002136123,0
49,75.19000075032244,12,2,8.855086779758649,1
56,47.66449276960584,13,2,5.9306337038092805,0
62,33.040084312656624,9,4,5.056327794903676,0
63,47.88640000128404,11,0,5.848508510104202,0
53,59.359152586390266,9,2,9.314982291775934,1
57,36.38055032671229,8,1,1.227559548051416,0
54,36.96637781931313,6,5,4.7281206049113385,0
50,102.2259266819917,9,3,7.949154990650127,1
53,42.78869192372226,7,3,5.616129251116433,0
20,53.53915262453987,8,4,7.409140894309333,1
26,52.655259984014286,3,1,3.7487641340030122,0
25,51.57286384459116,11,2,2.4990156298223867,0
50,72.42693479938205,8,3,8.822571323901098,1
23,78.96285900944099,6,4,5.150303371636895,1
58,53.88091136936816,10,2,6.651989765236246,0
56,35.270434268153025,8,3,6.776857060062118,0
21,85.48880455697807,7,2,7.559040584417465,1
30,58.093178176066345,11,4,5.588889081648084,1
66,94.60643629714338,11,1,5.675851568382037,0
19,15.08828204869674,6,3,5.994822068399426,0
22,63.9080644256664,4,4,3.7168205851562144,0
61,98.37212667752416,11,6,7.100871569965575,1
44,52.934717291236836,20,2,3.857059025382764,1
49,55.49013153330728,15,2,7.21285084431653,1
38,65.91023383180678,16,1,6.589953605355124,1
25,48.824083622300854,13,3,1.0,0
55,53.75856135894534,14,4,6.613384136543391,1
25,53.24369811617194,9,4,5.46725515608312,1
67,47.451585311472535,13,6,7.667746988049197,1
20,84.57713100401119,9,4,8.465433358822796,1
61,69.2215606459287,13,3,5.22158420944322,1
20,65.01256464206604,9,2,5.714039877038384,1
39,76.17142013780233,7,3,2.4334618522052436,0
23,54.71288333593066,14,5,4.663141754457558,1
19,44.51592363294199,13,3,8.311669259659553,1
40,47.94751390770885,11,3,5.000764779253517,1
61,60.035660822092176,12,3,6.854972283091804,1
19,38.815765832541956,6,4,4.956478530691853,1
55,49.99477966826649,13,1,4.766392850463838,0
34,49.67766716257131,14,1,6.149174542324561,1
52,102.49112459658028,9,0,1.0,0
51,15.0,8,2,5.743363055056208,0
40,56.40760557188734,12,3,1.0,0
47,94.51387585629541,7,5,4.8347492734880975,1
69,62.43688928264908,13,2,3.3293170888379446,0
25,75.06834946842186,10,2,2.6896026743670034,0
39,61.99652630199536,10,2,7.956024025120312,1
61,46.653332375670395,8,4,7.239204176686832,0
53,15.161681309821738,14,5,4.28771306639586,0
22,64.10911374072606,12,2,9.756308940710191,1
30,44.48786790795218,13,3,6.987553358463323,1
46,43.993291876693924,8,2,4.6837611151704825,0
48,50.02025488041777,12,1,1.2248125285915097,0
64,94.89722813246988,11,1,4.802625171070967,0
33,108.09675084507946,7,2,3.736971793566037,1
59,64.34415875056801,8,4,4.075035167789964,0
47,50.704655521765446,10,2,5.827023913310754,0
33,36.455471650975795,16,2,3.743528024937777,1
29,69.37080323092138,9,3,7.641892657648608,1
34,95.65811200130288,13,2,3.939875124956365,1
33,55.05319225949687,12,2,2.95559269630673,0
29,15.0,14,0,6.299144973339921,0
25,73.40099343631047,16,1,4.944292499321975,1
37,79.70799422900099,10,4,6.710618705899695,1
20,28.283087192283052,11,2,5.342543554687273,0
33,63.52968367325906,20,2,2.2215475151032,1
47,69.02452032272197,7,1,5.607980165148856,0
62,58.53785395982123,10,1,3.184099087254147,0
40,44.184581618292924,9,3,5.292556506740604,0
45,80.31874447127112,10,1,3.803983927217714,0
68,51.932405080626346,9,2,4.589048109036838,0
57,30.296276746001357,15,1,5.086294911594798,0
22,19.010510286606383,7,3,6.467743491885353,0
37,85.2169903999862,7,3,3.897272811002069,1
57,72.33327952942237,12,3,1.0,0
61,61.75947094258338,13,3,3.0867818174408947,0
18,51.19450726298393,10,3,5.267386696950769,1
47,49.42003171593746,11,6,7.363658652722686,1
38,38.48526703116777,12,7,5.599405920425328,1
37,51.37088710880231,10,3,6.99141050425022,1
23,17.598255697596514,8,2,5.315286386756829,0
39,45.278726930629716,6,4,5.436087576172727,0
35,53.78124967297812,10,3,4.515894679224059,1
25,72.19760094380838,9,7,7.098830597457361,1
56,59.20147073253273,2,3,8.292111507314145,0
49,75.89846227751119,8,4,3.070788840172349,0
50,86.98270210226859,14,1,5.449444238554867,1
33,81.16340187648203,11,2,2.6161413827872773,0
29,69.41019694757114,10,4,8.342929647666113,1
55,60.23725358361568,11,3,5.341901464672252,0
69,40.38423983172882,7,0,4.960175358569441,0
51,74.79888102758633,11,4,2.722749808033946,1
31,93.59494764443059,9,2,4.549169202602081,1
53,66.84212079300836,7,1,4.8487921733978325,0
50,98.34518296852247,11,3,2.851894653890717,1
40,29.488565838778324,9,3,5.301899631413949,0
67,36.91673230440917,7,2,3.2826178806817126,0
62,77.10403015496524,6,4,5.869351186459796,0
19,65.28580420306503,12,4,3.027803193159504,1
58,86.27564353143615,7,1,5.314193604076274,0
38,59.690567185465206,10,4,4.612622403651654,1
19,42.640491549433364,9,5,5.602765123998664,1
44,55.72813515589915,12,9,5.331320010265357,1
26,29.34632058152532,6,3,5.189532299579951,0
18,37.42818653805931,8,4,3.520737269472419,0
28,79.44887995836021,8,4,6.108043321634319,1
20,77.4557482893922,9,5,5.574718723921146,1
69,67.26008569612154,9,6,6.274303332255316,1
40,25.57844958079061,8,6,4.9493287670183355,1
43,52.83192848974223,9,6,4.640982293409955,1
21,35.50000222679898,8,3,2.9701207751058285,0
35,83.53066507575531,14,4,3.67851578851439,1
23,48.325557328747976,9,6,4.0534879059487,1
52,38.28504578436901,5,3,6.92285759855332,0
39,60.59592330242849,17,4,2.510973087631959,1
60,47.196910863307764,4,0,2.3211891107277043,0
32,89.67487820407413,10,3,4.858699235281591,1
39,45.30378204931618,9,1,3.467287646635067,0
54,32.015434815507376,9,5,4.235057513148992,0
69,16.94172968484969,6,2,4.120735520871766,0
59,59.384269951731696,12,5,3.738189317017262,1
29,48.76139772284147,10,3,3.4739293667994717,0
64,31.421907869765462,11,1,3.1365387238136293,0
66,83.7845292251157,6,3,4.26103474161955,0
59,73.34490294858483,7,1,2.075285537724317,0
55,59.4356424212554,9,4,6.2113172517047675,1
35,87.28652488341733,10,3,3.2312612680794883,1
62,73.25072066797226,10,5,5.906375570440322,1
52,43.54288196963135,7,1,3.6812785773650987,0
47,39.21559672018468,8,7,7.074756765194028,1
41,76.35963088907722,8,3,5.080516371705597,1
59,67.92733912934702,7,3,2.846786213482107,0
47,63.39495535941323,9,4,9.996097221634603,1
31,43.07004394262185,10,2,4.164464933505257,0
23,72.15895134011508,7,4,3.886902207581472,1
20,44.890022337321014,11,2,4.023347285276313,0
33,57.96026690812644,7,1,5.795894554608038,0
24,88.9388829277396,4,2,2.0945142754204458,0
69,46.78331528379708,10,2,5.271765895683679,0
31,28.540214858542782,17,3,1.6295958521007536,0
26,38.94905616259779,5,1,4.852571394012448,0
32,79.88597653375247,12,5,7.253221280887635,1
38,65.09462274760419,9,1,3.8907755295996824,0
52,57.42245242622493,12,2,6.775374106392514,1
19,49.818123893768615,13,5,1.661200460234868,1
44,69.7071981510638,8,3,3.7566884473246382,0
19,43.01790298019553,10,4,2.5510827383871426,1
52,66.11331137285192,9,2,8.81639560750246,1
35,45.374908623740865,8,5,4.184446283771934,1
31,42.04681229449892,10,2,3.699123962141582,0
37,47.250251303499766,10,3,4.4844704882618185,0
35,52.49185107032076,11,0,5.013383679527586,0
27,59.02340328132593,9,5,4.25793806088563,1
42,64.7091159022223,4,4,2.6176967552960693,0
19,15.0,6,2,7.698680009581642,0
42,43.8469888450647,7,1,7.1763234949830474,0
50,52.16860045287922,11,3,5.666361119801511,0
53,90.10124077216659,10,4,5.5597349114659576,1
48,38.399947832357356,6,6,5.430768021845726,1
31,63.25593236199825,7,3,4.086728409175994,0
18,89.90060619471674,11,3,3.86957694519629,1
63,33.74062940105454,8,3,8.188041443133834,0
33,67.87950451728804,13,3,6.250209771545883,1
63,43.95456332130959,5,1,2.3403937150926937,0
69,49.90732515421531,11,2,4.096673302311762,0
20,43.93778332093371,12,3,5.975292139387624,1
52,45.36285383168228,9,4,5.7358498542184115,0
58,114.43824295812986,8,3,6.055845500401313,1
23,76.88911744143331,7,1,2.027923776461488,0
42,82.03475723572419,8,3,5.640304815678929,1
30,69.83986973672992,7,4,7.230923201256447,1
51,27.874864231960842,6,5,1.9895236206487428,0
25,67.89915940646614,13,6,8.479211331636666,1
38,81.45859229014692,10,1,5.6601735685525325,1
51,42.93201051921777,12,2,5.219452817799169,0
21,79.30653334322253,8,2,3.096830401822282,0
42,74.08672419708158,16,2,3.726320435236034,1
32,97.0408008962734,9,7,4.244913670682673,1
21,51.64433974972762,5,4,2.1482922018712927,0
62,38.04778035448547,7,2,4.370337635625377,0
29,52.76743781254909,9,3,3.2157463226093945,0
49,88.71141986327247,12,2,6.36591511376266,1
49,23.43188238316074,11,3,1.0,0
45,18.632485691379358,11,2,4.5059265110656295,0
30,61.78790557863226,12,1,3.064620431052451,0
48,51.14821414451688,12,1,5.005367341079486,0
31,60.154557863513695,11,5,9.707669969964673,1
37,78.9062354247173,14,3,8.34832071466953,1
35,48.94861307762295,11,6,4.010051221520567,1
46,22.53988338138759,11,1,4.629085172853509,0
23,100.88963114399888,15,3,3.3243358569870107,1
49,40.055434251224476,7,4,4.698273691700934,0
46,38.81925755975805,12,4,6.472292038935036,1
60,82.07440027445193,11,2,2.3726358784424195,0
19,52.31021757916964,11,1,8.13341199408092,1
40,58.732202959303784,13,3,6.828856946330742,1
36,69.65580248120636,8,3,6.741781512941908,1
48,81.67166206219991,13,4,5.764943269900679,1
68,53.33078613636456,9,2,3.1927969011914668,0
22,90.39904011828598,10,6,7.024201615625341,1
36,17.28400302530389,13,4,4.360538368442739,0
51,75.19574473906154,12,5,1.6229440527744066,1
27,43.20944883964685,8,3,5.159158664787202,0
42,87.44542633215983,11,1,2.681952559546987,0
19,62.840889576610905,13,1,3.7898342112625842,1
28,46.541893359811965,17,3,6.413422908614508,1
67,73.25682186043265,8,3,4.760745244561081,0
48,77.86376694414503,5,6,4.925104405386426,1
32,72.83788245717277,13,1,7.336799353601944,1
26,39.40607520733879,7,3,1.0,0
40,50.319657527558306,11,6,7.249778294980949,1
36,59.9185432575713,8,5,5.29497531497847,1
26,59.17480694699879,10,2,4.861704103871647,1
52,74.99490950876695,8,4,4.924559228949944,1
38,19.701975349867837,4,2,6.279574162245289,0
26,66.68654109107007,8,2,7.0519104796471535,1
45,54.2003729112672,10,1,4.527182558412585,0
63,43.22998767232096,13,3,4.731657738309807,0
68,45.15026444460801,16,2,6.2178919907964065,0
24,55.70924670964073,10,6,1.0,1
33,15.0,8,5,4.802603367027245,0
33,45.974208584169,8,3,5.996164689257265,1
50,42.48370350707413,13,4,4.01337287269905,1
21,70.65566418645248,12,5,3.4027795065506563,1
21,43.889466349789586,11,4,4.6953294058751585,1
56,55.6977239965902,11,4,3.8301307621559255,0
57,90.84553255322604,12,1,4.508696275033278,0
34,79.88703039630846,9,4,4.0557721359852685,1
54,78.04542799886906,6,2,8.123272511630567,0
56,50.002551391782966,8,5,2.7209449552834917,0
69,70.86064558579305,11,2,6.669561135872254,0
46,55.32204399092812,6,5,3.8255427563597584,0
69,56.078135786461246,8,6,5.651631111714992,1
53,68.193706874931,14,3,6.294052924840485,1
55,48.06012823158135,8,3,8.060799879378585,0
56,89.86006208886407,7,2,5.785839579637087,0
67,56.79739720804126,10,5,4.207148385914994,0
54,72.3672113251933,8,2,5.131548164598123,0
69,89.11200958514596,10,1,8.836953563006524,1
52,80.6330754915035,14,4,5.3269059812493085,1
24,31.821617946189505,9,4,2.3843515484373223,0
44,68.89791790019768,15,5,4.2334180818974385,1
45,77.01438788921294,7,3,4.18189430440086,0
39,77.83726044321497,16,1,6.459936896714037,1
31,37.73410331770738,11,1,2.556027416681543,0
24,46.85929525965352,9,7,3.984451680591128,1
54,79.89116471483243,17,1,5.427041671607466,1
39,44.764792586347085,6,1,4.439160217959294,0
22,54.006078866713715,9,4,5.181839513787212,1
19,91.51751619003939,9,2,5.295175039185137,1
44,59.044014992304206,13,6,5.4289811204691265,1
38,45.464517243323144,8,5,3.1460725520757826,0
55,42.4476528627419,14,1,6.595168394669752,0
32,66.65438659170376,8,2,3.9294310110081687,0
38,33.33703983045582,4,1,4.976817389319393,0
27,55.053280722071634,9,6,2.5762340988462005,1
40,66.66461069980043,6,3,5.07978795519784,0
56,85.98299641095335,22,2,5.380354963119094,1
22,73.35096160739991,7,7,5.072459900182965,1
18,45.718697640356424,10,1,3.439374252537722,0
30,83.5683863512744,7,2,7.2558738659931405,1
38,54.00969924905045,9,6,6.166880690794719,1
43,35.28593955901182,18,2,4.722198958756145,1
67,56.55917281469055,9,2,4.703858469707836,0
62,88.76338402291404,12,1,3.5237094817884347,0
38,63.3048010012985,8,2,3.754354999268994,0
35,60.25043728659573,11,3,7.913709607379287,1
54,92.74423289405706,10,5,4.283355945026881,1
62,31.372903058911458,10,2,10.527827765731235,0
49,34.28801771894456,10,4,2.680706569224354,0
53,27.683070580663355,11,2,5.737549882871824,0
34,67.4529637296011,11,4,5.452413573815736,1
52,63.32986254230249,11,2,5.072506157711356,0
66,90.85472734559552,9,5,1.8158445319912007,0
28,64.8695015427354,9,6,2.2575460153825526,1
38,51.91685681041395,8,1,5.391144959722115,0
69,60.03589745756214,7,3,2.951873904747066,0
43,62.35414836921916,13,4,7.418100361332757,1
21,26.564774533436662,5,3,4.552050136600435,0
51,114.20663288669786,9,5,5.510013362263961,1
69,70.39742036203823,8,6,4.919094498488549,1
65,64.20016616045179,14,5,4.8636055439794825,1
35,72.30327968557161,13,4,8.041555650055688,1
57,74.1882196117321,11,4,7.168673446085904,1
52,57.188930289951365,15,3,5.308638986811979,1
58,47.37517727518599,8,2,6.349911840925706,0
46,71.98901372643408,11,2,7.346228373187701,1
69,67.71421681062905,9,5,3.8043486432309668,0
46,43.80219801821184,16,5,1.89007635156391,1
55,88.38071222734527,12,3,6.10604117017112,1
59,65.86704072645966,5,1,7.491958571784075,0
38,74.59638724535262,6,4,1.570633466375341,0
59,87.83841775359838,10,6,3.7873693499248198,1
30,60.4377764232967,7,4,4.517176484320162,1
66,66.33904013968231,8,4,3.0350273060642214,0
58,76.20054477012232,14,2,4.710762230062805,1
34,45.50277832399895,9,5,2.773026551681432,0
26,61.081033256920016,12,2,4.361825814683874,1
58,62.51097173302296,10,1,6.39873425443424,0
18,40.87882896633211,5,2,1.0,0
19,106.35273577347758,11,4,2.89779932591884,1
65,31.85413113015195,18,2,7.801383807951044,1
46,34.03792192625684,10,5,3.3513578303740394,0
50,86.28453151407157,10,9,1.0,1
27,74.26532501593084,14,2,5.3423602931491505,1
67,39.48070365038444,9,3,4.8504943351984915,0
57,72.14578030203386,9,0,5.296269596715843,0
38,89.3570088999462,9,2,5.11477340581051,1
45,59.394738848060285,14,6,7.5458300694390745,1
28,111.97645800149164,10,4,3.593876407983588,1
51,25.51876378263929,8,1,4.812388382281521,0
25,73.87646907718204,8,1,4.134624115318307,0
39,83.33056672442007,6,2,6.352725265835434,1
25,77.82687803210493,15,6,6.555086115563924,1
66,55.91288546708704,11,0,5.744807095273518,0
32,54.19117035977701,6,3,9.307605171651138,1
34,68.88290342174514,6,1,6.106609222421356,0
40,76.31508973304139,10,2,7.509998069477483,1
41,72.04946872564727,9,2,3.229255959858988,0
62,80.80115781586778,7,4,3.6035795059264912,0
36,39.622600858665294,12,4,8.960673549859068,1
22,55.444580417527305,15,3,2.292143232709041,1
49,41.199681357524916,10,1,6.535698951605296,0
61,52.27774447827717,14,1,7.573377906067712,0
18,80.3044178362861,13,1,7.351094499184617,1
40,62.159678414504576,12,1,1.8093480414027932,0
54,112.13718326299539,7,7,4.298381947881576,1
25,63.86812734379434,10,2,6.244388069146864,1
30,61.193837611594724,13,0,6.4840273028496895,1
25,62.12365838880432,10,1,4.981982988540727,0
40,47.24382614280128,13,3,3.60778348697168,0
60,58.84326775244813,15,2,4.453027642413269,0
18,82.55576054223292,13,4,3.7635366778430113,1
62,62.279413362555445,12,5,2.5145516312732457,0
68,44.13080540233057,8,0,4.401849766104968,0
41,41.498307590427295,14,5,8.698592561404439,1
52,50.99596216668313,15,3,4.4422620554498256,1
41,61.477268688217606,15,1,1.9744300392333831,0
34,83.87173070952524,12,4,4.282648113921093,1
22,33.190227172671264,10,1,8.456079270019641,1
37,53.60347444222488,15,7,1.8141431259845473,1
38,62.886200388701575,16,4,4.998122791894925,1
57,23.325884647411307,13,2,6.4754818614467755,0
48,43.32803434067188,11,2,2.7180897293510125,0
63,46.40222920527627,8,3,5.3815893923371885,0
53,44.08059252299003,12,2,3.173471397998155,0
28,63.83779090043295,10,1,2.5484877706868,0
69,56.788807809964055,12,6,6.245335853668665,1
32,48.894277947979276,13,4,8.646109314825917,1
36,68.55925253105269,14,4,4.225931662907099,1
24,94.461494352925,14,2,6.1615078238501475,1
68,92.78513033483505,9,3,5.967485881355333,1
45,21.544564558753272,14,3,5.347991501117525,0
68,71.54144367670278,8,3,3.6225268760530174,0
60,56.43953419872323,11,2,2.9733939451126608,0
22,63.103106857307125,12,3,3.4056304155328654,1
22,52.03433932914903,9,5,4.642508244449657,1
47,62.351772597744045,10,4,4.161419462446039,1
49,63.02814792144037,5,4,2.7018139731658146,0
25,48.42096485302154,8,1,4.589679542566261,0
27,42.072649043496384,12,0,3.72858893024752,0
55,51.02608634761032,12,1,6.113922761533357,0
64,64.6851852891353,12,1,4.218112508599148,0
49,71.97992683368528,14,4,6.687501611104039,1
65,77.06697954680294,11,3,5.4594419253078454,1
45,50.116199538661746,9,6,4.006686113194395,1
34,65.67689134605473,10,3,4.6731623487140395,1
48,79.25005183906597,17,3,4.729778177153605,1
25,83.31189790288256,19,5,5.332321763383582,1
57,58.82334291736956,12,3,5.722038575901209,1
42,55.58136550120775,13,3,4.099458757363466,1
26,63.822484676727846,5,2,4.522948464451007,0
19,37.00585054205189,8,6,5.228711298978067,1
32,56.12780977928984,11,1,1.0,0
67,74.8917279694626,10,4,6.105999447569008,1
20,72.83894258887402,11,4,3.0925618685573104,1
66,54.59464791272222,14,3,4.421879846519293,0
53,64.35436402174334,6,4,3.6452743445101996,0
21,43.50699319418625,4,0,6.496988384319193,0
31,74.0698429645005,7,5,7.04945361181947,1
58,58.443571277270536,11,1,4.775379652679765,0
58,54.48097096607724,8,6,4.801247308172077,1
42,52.76552327813227,9,4,4.922189731424714,1
67,58.742122662002835,10,5,4.96856857617455,1
27,51.042447101360835,7,0,7.0020124639249035,0
38,73.16286072005127,6,1,11.02081905343891,1
53,52.09432903967639,9,2,4.65606534749442,0
29,91.85928192054763,6,2,6.136978225755663,1
44,89.30421006962762,13,6,3.3065072475295265,1
57,42.169130202909905,9,4,3.489474022912116,0
19,61.3940853885856,11,1,2.95950847155466,0
30,46.9868675732761,10,1,7.678923233041575,1
49,53.46704873622777,11,1,6.407153092374925,0
48,100.04854935289595,9,3,4.230233949674692,1
33,53.84857165768402,12,3,5.425862465172623,1
49,67.20452074154858,10,2,6.528968244068312,1
49,70.82642588016557,10,4,7.39200651781073,1
51,39.987412550335186,8,2,5.817008435190828,0
28,42.8980905118159,9,1,5.1839131171897455,0
27,35.87955257183762,8,2,7.637968413965265,1
32,42.28058532204446,12,2,2.793012249673173,0
34,15.0,11,2,1.1563107857201582,0
57,70.89164801587256,13,4,7.512390431965969,1
35,101.0838768251214,11,1,4.1015185628881214,1
26,62.95641478073054,8,2,7.673948146402536,1
42,31.674622813187852,6,1,8.83900186289804,0
57,47.14447234200104,11,1,8.707829996974795,0
31,50.82246309950006,8,2,1.0,0
42,39.648304455732486,16,1,6.601982113479368,1
67,77.20365276790314,6,2,3.982166949557426,0
39,76.20520088750668,10,6,3.695196332559896,1
69,36.89096412364681,8,4,5.743976886521681,0
47,74.50162088895016,11,2,3.746683764804237,0
37,90.5362532715453,12,6,6.4985382229746325,1
38,98.0511641045912,11,3,7.6426592278369565,1
61,117.30424046171925,8,2,4.595984604376167,1
49,41.96014701113605,6,5,5.717908546975708,0
68,116.48440852790407,12,2,4.083989095891199,1
63,52.91587222982423,5,2,5.936005474369917,0
66,48.15069089238971,6,3,7.834435999209483,0
38,66.5414474975569,10,5,5.819939226649458,1
52,48.358773318139754,6,1,4.761867167026648,0
49,67.98088281293052,4,5,7.620971475716732,1
47,33.59845624525397,11,1,4.186171656041261,0
56,55.22494795873131,13,5,4.235613689158256,1
66,85.71164468723359,13,3,3.6716726801454356,1
29,58.85877417137688,11,2,1.8626213600582942,0
58,62.831915734797654,7,4,3.279899422734415,0
64,69.50517209434624,8,4,5.110023987734548,0
35,83.4132325863532,15,3,5.458402936255305,1
38,26.895505756211342,13,2,3.0646665732653293,0
30,71.6904810367487,6,7,3.9794726880608007,1
38,54.63721721516474,9,4,1.2148825121344555,0
25,63.33275790623677,13,2,9.374235003891595,1
63,81.19900339524753,6,4,7.93347246492627,1
57,36.11626697176312,7,1,3.568438050039359,0
63,39.74711117113821,15,4,5.275060963659892,1
24,21.291400805723875,12,0,3.2407052791717277,0
40,49.01682116472447,8,0,7.048819104136688,0
61,86.60864688757633,10,2,6.286133446699086,1
49,57.58825623053061,9,6,2.371516767126219,1
28,33.19750208690429,7,3,3.051752477520994,0
39,50.28642510849906,13,2,4.860785368362879,0
39,30.24276593018754,8,6,7.768617340019792,1
60,37.49627796537676,13,4,4.241801286126645,0
42,67.77637820527427,7,3,7.615084258721245,1
39,36.52253347387942,12,5,5.621765988771328,1
45,82.25268610406604,11,2,3.3348013992489625,0
46,58.57759418339328,9,2,4.163780348575962,0
30,61.71189407889051,11,3,6.264758418450993,1
35,54.43254064784212,11,2,6.681973888472606,1
19,75.45695677087446,11,4,6.863459986298052,1
46,75.66319775554021,6,4,5.428223137767902,1
38,66.70108703824343,11,1,5.891561238952535,0
32,71.29578211815296,11,2,9.513152781800677,1
69,55.75820660159149,7,7,9.814111159076692,1
44,70.84406013818096,10,4,5.094746237554249,1
67,53.242444490523866,10,1,1.4639128158374484,0
48,60.04463244324804,9,3,5.2586404186046165,0
32,54.50712501267405,2,4,5.231871076480967,0
68,50.85562921361608,5,6,2.4751029959459383,0
40,46.217764045564195,8,6,5.249206237486233,1
41,69.3538020771777,12,1,2.9103528431525474,0
61,86.21211825626926,7,6,5.75353932329861,1
30,83.42203943339119,8,2,6.189939066392405,1
39,34.868693281091296,8,2,6.053853146847634,0
60,85.78406102813747,11,3,6.978424615960265,1
54,53.636829967641425,10,2,5.93870289140252,0
50,72.01466030291184,10,3,6.577266736302352,1
20,41.87569335905578,13,3,7.5838620928061165,1
36,62.83959827748011,8,3,4.1161430311930705,0
40,66.27446365793814,10,2,4.71220202965072,0
46,30.307904161606945,9,5,4.289358790898573,0
47,72.16534332688379,8,4,3.5094296683474884,0
56,86.9187001567663,14,0,4.403393524064001,0
61,56.507041086367444,11,2,6.669896362805584,0
64,87.20336261656026,5,3,6.45430312989644,0
42,56.20613013095185,10,2,1.6114959039113672,0
54,76.99169062093235,6,4,8.430920084916258,1
64,15.62860068097801,6,4,6.694140164801304,0
25,108.37555558626927,7,1,5.455245584965075,1
59,89.90916490485914,11,2,2.237614013289872,0
33,54.30748991492642,3,4,2.6293383760905398,0
25,20.558219467123642,11,5,8.006034208355894,1
18,65.76056736610978,10,4,7.008984060511148,1
61,31.121489058524862,9,2,7.257293980719361,0
22,68.89707075114976,6,3,4.7347527663110975,1
20,68.23131438328564,8,2,7.613217444189894,1
18,41.1719366199595,7,2,2.2607849091278474,0
21,82.41934047228756,13,3,2.533208381467044,1
57,76.11149405612346,11,4,7.017334177216126,1
52,79.51646674577127,11,1,3.1647705523353586,0
49,60.177154073377906,11,2,4.920239439412168,0
59,31.68951866172587,12,1,1.4500977331991707,0
51,79.55744544422275,9,2,1.0,0
60,54.592572017284176,10,2,2.9568244318948054,0
42,32.20439713614662,7,5,4.242350131926457,0
27,87.04078731948653,14,5,3.1502896425953777,1
38,101.9881504100502,15,4,6.240929388589201,1
63,59.17503742041594,10,5,7.021793614850384,1
56,103.18242309206583,7,4,6.220175843236821,1
44,61.82629457222699,10,4,2.686910783736251,0
44,52.390881916672974,16,0,6.049490290293067,0
19,47.39083091629045,9,1,2.5435369533225956,0
58,92.74164815985485,8,2,8.726569625282243,1
65,44.39712237224457,13,3,5.097610152135168,0
30,74.70538619949974,14,2,3.288261094727421,1
26,48.81672329881583,9,9,5.105776879778364,1
69,50.79386474851274,5,2,5.336419503617073,0
53,80.60499387939134,9,3,6.415043994745099,1
39,52.399263074212925,8,6,1.2239291782858595,0
59,51.904092411594135,10,7,3.6076765262172588,1
43,82.65609394349615,12,3,5.9631667288074945,1
29,91.94794586443246,11,4,6.557589127645653,1
34,72.89379606568467,9,5,11.540984714846774,1
31,46.90460448752101,12,1,7.756704859362573,1
31,49.78783001404841,7,1,3.6226635455368577,0
51,61.59830527480075,10,3,8.54850674462141,1
37,66.41860123851315,10,1,6.159857727815031,0
28,40.24268179720456,9,3,7.73298717142562,1
33,74.46075879159727,8,3,5.933512925867269,1
68,61.71026659279198,11,3,7.874155597134779,1
48,25.685833627237415,12,1,7.165723951136158,0
23,41.42147035078539,13,4,6.104588319921693,1
36,49.91742652696672,10,3,4.1233332635036914,0
54,58.5428462231789,7,2,4.116910511724216,0
21,97.78557591007993,11,0,3.100081254502036,1
64,64.76342612279257,9,2,4.851225902807438,0
21,43.1845622020275,8,2,7.214449032476723,1
37,64.41261608614326,3,3,6.162067207413784,0
27,52.95824505092238,13,1,3.4498163016719854,0
41,66.49516479067084,6,2,6.9362401519626555,0
52,71.6113537407123,9,4,2.6479199066900883,0
43,84.18461294447876,14,2,5.664860322804747,1
54,59.51427008659948,4,2,7.789675964328643,0
55,92.77921055199667,11,5,2.647827413634397,1
38,78.16045325072383,10,3,5.341032502994353,1
57,45.85120910375625,13,4,3.602742815207387,0
56,104.19711331496927,16,1,8.256745521891125,1
38,66.53989026540195,9,7,9.499271943409413,1
27,43.2975099205553,8,4,6.11058936683059,1
55,93.05826102460844,7,1,6.7564301898577765,0
63,101.55555170396889,11,6,7.732695344461537,1
21,59.33949472560879,16,4,6.529847484178392,1
62,49.926994792488074,13,3,3.3532478002685817,0
37,56.55250085092676,14,4,4.110343140695433,1
34,74.29463455035399,12,4,4.09605775323918,1
24,85.55713310061029,10,5,1.5342015347260816,1
21,71.40974661727147,10,3,6.955733112698932,1
46,62.034464169435395,9,2,2.49653514995921,0
31,89.96023540608854,10,3,6.657211312080608,1
20,53.743270538969554,14,4,3.546258174567535,1
41,80.61838676733814,11,2,4.555414964443176,1
54,54.238744032974424,6,7,6.116207060586156,1
33,68.62045916021786,9,2,8.055094831211703,1
69,57.72874870419097,10,4,6.738924078301558,1
21,58.882956346943786,20,3,4.764209472064118,1
41,52.4522696507558,9,0,4.931601380323726,0
51,86.89708062361389,8,4,2.6458698350097003,0
47,45.3414792378293,13,2,6.273457562637862,1
35,45.195354949025834,9,2,4.835898996313893,0
36,102.41987131690219,10,1,3.1391874105559046,0
48,79.55695129308663,17,2,6.556465277138884,1
36,15.0,5,3,7.838511017986896,0
66,48.69482521579193,4,1,4.64331989152236,0
63,23.760213248758916,4,1,3.8750428270113946,0
36,40.98618613169489,8,4,3.8435953421384332,0
39,15.0,9,3,5.803294607285022,0
41,57.260208446121155,8,4,2.6152343616819116,0
62,37.16116361677377,17,2,5.151048176394642,0
29,61.19810513592877,11,2,4.187970451202475,1
47,27.497574822349506,13,4,6.01091588251798,1
55,61.6582370634408,9,1,6.163696935768963,0
48,51.701674437593454,9,4,2.7546007979530898,0
53,90.03905930377192,12,3,6.335446148656894,1
36,88.2271372349125,15,3,5.915539978221038,1
65,75.70691206020567,11,1,4.618817922901032,0
62,53.46772438677575,4,3,4.138996176041443,0
53,99.70760790520586,10,2,4.150502949710643,1
47,28.939294443203586,11,2,4.657684526409369,0
66,31.928827408726747,7,4,3.137369675226704,0
50,58.32433800221871,11,4,3.631304584383198,0
35,105.08076217842239,2,4,5.408676257419012,1
69,55.95322186259825,8,3,3.8568795985135362,0
66,56.33509513581436,4,4,6.756346239319314,0
45,31.161792877763816,8,6,4.737421910344432,1
64,78.91859170540756,16,2,4.050222623885187,1
28,79.06352508658708,10,2,5.663026253928997,1
62,75.7815040279982,6,4,4.188141162629242,0
50,47.415586543052754,9,4,3.4405718359399495,0
34,45.86586463253988,4,1,4.324114846652304,0
23,34.13755499190059,6,1,1.0,0
21,61.67745003521867,11,3,1.0583794626375709,0
37,38.39185341442997,9,2,3.1593662504776354,0
65,36.45166989501423,12,8,2.6126462377975668,1
64,51.526185661786485,9,3,6.300193295386145,0
44,50.21687649631568,11,3,7.519687807809575,1
32,49.2404294235609,8,3,5.649589763607391,1
23,69.32889193680522,7,2,1.2065926717341613,0
64,61.580956043005585,8,5,2.180459026244782,0
31,54.23687938977765,8,2,5.700327567067494,0
28,63.66025856622964,15,3,4.656627978414433,1
56,40.169459177907356,13,7,1.2868315832063866,1
26,62.10557247819356,13,4,3.2853493496458555,1
43,63.01204985689267,5,2,2.8503884266860076,0
33,29.939062812850388,14,1,7.914041616570801,1
22,79.91387508740723,10,1,6.410554112654297,1
69,42.37132589546009,8,4,4.425023960155926,0
27,61.8061959841287,12,1,5.457482619319368,1
67,83.2882348107054,14,1,5.291588530468518,0
20,78.51353515427739,5,5,5.158366597113611,1
30,60.68666777137671,17,5,8.653281927409068,1
60,52.75001994235863,12,3,7.817560458997375,1
66,78.95023817151134,6,3,8.04980303955339,1
47,73.4938995561724,15,2,5.66157601799544,1
62,47.6326995991174,8,6,4.324373997085881,0
23,44.10212705996619,10,5,2.5186729260308227,1
34,18.552896366080034,14,1,3.0093833277089854,0
62,63.08063683367175,12,3,7.028203290242016,1
68,58.34604509963203,10,4,2.451475447851674,0
36,82.72382749285084,4,3,4.640992831007625,0
59,67.18110186960733,7,3,2.229601687505155,0
52,86.68458388345381,12,3,4.805342589747445,1
63,46.05271544167658,10,0,2.877258490707739,0
43,82.76300661935237,11,3,6.327977538906139,1
68,49.4216724179069,11,1,4.512116216582335,0
22,75.55192123584544,8,0,3.382078577904382,0
46,30.82483214938613,7,4,3.0873392828773296,0
54,64.70270598732377,8,4,5.267603213052415,0
37,20.3062411710818,12,3,5.101424245107435,0
66,54.657250281164906,12,2,3.8954988077244312,0
38,68.80707987755827,4,3,4.363662994677361,0
27,49.58062897537808,9,1,4.0143095073424995,0
22,38.991247424880655,3,1,1.0,0
53,76.92236938591867,11,3,4.922075996617833,1
23,57.93074420306153,8,3,1.8883841275977735,0
43,50.208587059386566,6,3,3.2252073452107384,0
21,60.83791842308553,4,0,5.641700953000687,0
56,112.73338283891178,14,3,4.520798028494,1
56,83.07005699563088,10,3,8.056051347749479,1
67,83.2514733637568,15,1,3.4054285346761177,0
52,68.71092637984728,12,2,4.1776211272718475,0
18,63.32970545154294,9,3,5.324508322389511,1
41,15.0,9,0,4.925685826644228,0
53,46.42039307073736,8,2,7.095307438411467,0
23,50.38851173595051,8,5,6.280229784869787,1
58,22.50215871904934,15,2,7.776386398483439,0
63,36.85168419569133,11,5,1.768529896175048,0
61,20.383270581547322,10,1,6.572534535836107,0
48,59.23352328605255,11,5,3.037293289582538,1
37,76.37531941697632,11,2,5.889205106349458,1
41,82.13549037248657,13,2,4.512378018156208,1
42,68.29568924158482,13,4,3.6225941723994346,1
53,40.73207317602862,6,1,7.3479548932715115,0
38,21.35869682960081,8,2,1.645146399477985,0
47,24.862626011969965,10,3,8.625788687403187,1
41,34.62034845491003,12,6,6.262329358474253,1
61,42.22280603928651,13,4,5.3381935410848245,1
59,56.80503004016827,8,2,4.702816059426287,0
47,39.71671563746064,6,1,4.258794530224355,0
39,66.77951787336522,4,3,5.9369941037847775,0
45,55.354529944010544,11,2,2.212496291870013,0
24,60.210914234820514,12,4,1.0,1
52,82.8050110534241,11,3,5.171405530946847,1
45,36.3953653159926,15,4,3.508206078277232,1
31,68.37409156584737,5,6,3.1679402527586102,1
27,59.720535430478535,13,0,1.84877839711246,0
33,53.3302743806061,10,4,7.408453297088522,1
33,77.7051264173192,9,4,8.641226850483395,1
48,77.58028309114015,8,6,4.896546913030854,1
59,41.07018408023144,8,3,4.688689380762044,0
42,56.35678832284152,11,5,5.846288612913805,1
30,65.62423365168131,12,4,5.726780417731701,1
23,54.53986503954831,7,2,3.959572413213829,0
61,71.70042664575597,9,5,7.425930877157477,1
26,65.62384035820551,5,3,7.2647133479409955,1
62,96.65122480712026,8,2,6.485817483261538,1
53,29.394417281404248,13,2,8.556237822705196,1
60,57.55128020505205,11,4,6.548572235189209,1
37,41.82994976975618,10,2,3.6875929486029375,0
35,72.08214910878088,10,4,5.158134526175157,1
60,27.65656219908911,7,4,6.879868445420037,0
38,66.92625420449774,6,0,2.896911411327026,0
21,47.39903137303318,9,3,4.454428794965514,1
67,45.31676267757972,20,7,1.8336455258194801,1
50,31.070035929186254,15,2,9.02307631223227,1
44,50.69848107597988,10,5,5.814466733149049,1
24,81.69001060581851,10,5,6.192687992568239,1
23,59.49622632941041,9,2,1.982981274697098,0
32,72.5536083574895,8,4,7.224015753760587,1
35,93.2928364393255,5,5,5.622097572544189,1
49,65.27511169645152,9,4,1.4032094572611724,0
28,48.824008558753185,7,5,5.913535926180624,1
37,69.3450443036558,11,4,3.0443492760008803,1
41,49.114077073714164,9,1,5.1130550383520275,0
32,49.91154633405661,7,1,6.505530807500841,0
65,29.602144007620304,17,4,5.38982702406781,1
24,78.52514982168785,14,6,1.3117373379502144,1
38,52.27994848701121,16,4,5.529025410588217,1
59,63.64196491631724,9,1,6.704471094101253,0
43,39.28076142786721,12,1,4.599291144671251,0
61,68.71895259430944,10,2,6.031513534746424,0
31,44.761175237298325,8,2,6.0651678577684836,0
54,57.165825565963516,10,0,1.0,0
38,77.55652062478252,12,3,7.500700059283659,1
35,75.81518624465059,13,3,3.8807224084526335,1
22,59.55939854966119,12,2,3.551030734338184,1
20,24.637379345865632,12,3,3.6101305218232493,0
40,119.85621140121282,9,2,7.460924405087147,1
43,94.91717940546272,2,4,7.947382883887113,1
54,74.45349649776597,11,1,5.944776398114073,0
41,44.935924368180586,9,4,4.037860405613729,0
66,57.728156765960705,10,1,10.818239277193456,1
36,49.13159140446966,9,0,4.964145554078644,0
68,85.27711878192777,10,2,3.6948413351690053,0
42,65.25005781703668,7,1,7.04934095828279,0
38,44.31672283280334,12,3,4.757784812261284,1
29,50.58489801750436,10,2,9.181009039111203,1
58,82.4237628513981,14,3,3.307324007581384,1
50,92.00195693640956,8,2,4.638430994339267,0
67,90.56663126972491,13,0,8.065616003782301,1
21,75.14064130107955,8,1,5.976270159986678,1
59,54.947502623947265,12,4,4.407367139448813,0
24,15.0,18,1,3.15485926885209,0
39,65.94320047616444,7,0,2.728082888622534,0
50,59.96342482311799,7,0,2.4105350467298186,0
34,62.79964192642707,15,2,6.943590576185382,1
41,61.07794694066413,10,2,6.571244531786423,1
51,33.47475676101686,8,5,6.0421442986497444,0
45,71.14817113702371,9,1,2.7899512096576515,0
60,72.644326280637,8,3,4.417875069336206,0
58,73.64677564119319,7,2,5.652257370520739,0
56,78.93154007146774,11,4,7.521382162923672,1
39,72.08103289843247,4,5,5.72203012690214,1
66,51.799411769221784,11,5,5.263819542511086,1
34,58.583263041678194,9,0,3.1434453104596978,0
51,61.82249734506754,6,1,6.803353682915114,0
23,62.15398898213237,18,2,4.443332321228599,1
63,79.96435311943459,10,5,2.180511791153504,0
23,72.87337506044982,3,3,3.230905568802519,0
51,101.54686879139906,9,1,6.367091667636276,1
18,104.12937959769344,13,4,6.432103777053798,1
27,61.5929916522785,5,3,1.0,0
38,15.0,9,4,4.816928460986515,0
22,84.73664932254533,10,2,2.414859338088263,1
19,49.19247322025891,10,1,5.791549629147898,0
39,43.97032156337986,9,3,6.176960626795686,0
65,52.03109450021266,4,6,2.8520043095076058,0
19,51.06713906370787,9,2,5.019762580719157,1
27,72.24539620210786,16,5,6.672196398400569,1
51,28.81128441747549,8,1,7.047294425060182,0
33,38.445585084167966,9,4,3.3092755912395573,0
65,66.86317108394833,7,3,7.157933391290877,0
68,72.45888060826616,3,2,5.515846908756165,0
56,72.83083289872025,7,5,4.013047302568427,0
39,44.25927442133402,12,2,4.818887117661745,0
29,40.4346870146752,15,2,6.600431182488127,1
41,49.86730332424162,6,4,6.566193294519435,1
64,64.7974550456945,9,5,6.815063336006364,1
57,89.70954738545099,7,1,3.6549550714522923,0
55,19.051256284584994,9,0,5.44845827331782,0
27,55.58542486083267,12,3,4.5203465365680175,1
52,33.34643117949592,7,6,5.424047808463417,0
68,26.955146452930208,11,0,3.9860650521581285,0
66,79.33913290689634,8,7,8.17482245349812,1
49,70.89249148998677,16,2,4.963805815021946,1
24,68.98867031894524,13,3,4.721934159063887,1
38,78.42051679461987,12,3,5.888399885151484,1
37,50.40562206467728,7,5,7.218056104701209,1
43,51.347249673329436,10,2,5.090355967028445,0
21,103.71461233445149,11,4,4.375370027734469,1
63,55.06857891480851,6,1,6.780335671422817,0
69,74.70264226108182,11,4,8.483191694435593,1
39,60.1276308192663,14,1,7.841655491733222,1
32,23.034829398431697,5,3,3.032016194287792,0
57,19.107419923974632,10,4,6.5458148246404075,0
38,48.42031560120191,9,4,4.859785220656904,1
32,81.12202503339978,13,5,7.547513022799233,1
39,75.76583313272008,8,3,8.66673288130072,1
69,78.28154328448068,7,2,1.0,0
45,40.25907642127369,13,5,5.027071653104154,1
31,92.31744980244628,8,3,4.086842751443786,1
44,40.70213399627231,9,1,3.5784050984431497,0
58,64.25648797339937,15,3,3.153873111683599,0
57,59.79295420184527,4,2,4.106241818684891,0
45,56.52252359370827,14,0,4.421125740884886,0
43,86.77184276591214,5,2,4.298584365351665,0
66,45.89778959668079,7,5,1.0,0
19,33.00789488576144,8,7,5.256088592649251,1
42,60.399909724128385,13,0,7.110672036630172,0
20,52.00346531426947,11,4,3.884333257977649,1
25,127.54765838165292,8,5,1.7164480524933863,1
61,73.5301495287995,9,4,5.19063112338256,1
50,51.813188495627514,11,3,7.121403755391674,1
59,38.877768616258265,9,5,5.31398124851012,0
69,22.394231788624303,10,3,3.545818945372388,0
52,39.49561828525134,11,4,2.901538609796597,0
23,62.29883543518263,11,5,6.4120037062401085,1
56,88.54657303189539,11,4,4.536069313164939,1
69,82.43378284775838,13,6,3.961773317267756,1
40,64.5818966329276,7,4,3.785550751989983,0
42,53.53664668595031,5,2,5.439914993342832,0
67,65.37624712824308,6,1,5.233881596725499,0
60,49.62724005030848,9,5,5.108618735469598,0
36,94.36727991527752,8,3,3.0703075611043102,1
22,56.2161963744984,8,1,2.949298046915415,0
68,58.27324283506546,10,5,3.6986185007446686,0
28,15.683551499586635,9,3,5.580224402239943,0
29,56.09130306954472,8,8,6.099034237615849,1
27,76.72968275929883,12,2,7.933203334955662,1
25,38.6455484592291,13,3,3.326634871643581,1
41,44.98559331014374,11,4,6.451108114155752,1
45,75.85422035467329,13,0,1.5604701910756336,0
58,30.466855529638934,4,6,5.700340267777655,0
53,81.15602015083837,5,6,1.9751815185072479,0
54,49.35712219653796,10,2,2.5491321510018494,0
38,52.22863559017594,14,2,6.50596687116793,1
25,37.52243189748812,12,3,5.305754961564353,1
26,67.56092520855766,8,1,4.365994822462878,0
64,109.19743970058761,6,1,2.212003795167799,0
32,75.62994478921264,12,2,5.738216374784215,1
65,42.71429476118928,11,2,5.173113532873495,0
63,82.71241170982952,13,4,6.446829531355083,1
57,53.66640908131501,11,4,1.5267379890428843,0
35,87.4896996285512,13,3,6.240234345788158,1
59,76.13352804328726,9,1,3.915557295440143,0
37,15.0,8,4,5.582230552346224,0
23,39.91840734089945,5,4,4.874568696080556,0
29,78.8877044567078,14,1,3.297481936956385,1
19,63.03314544290035,6,4,4.176195062766887,1
24,39.52488104584299,7,5,3.2458829988655666,0
33,47.32820969012374,16,1,3.949533084123905,0
20,21.87526759821239,8,3,3.18182930806013,0
62,58.23253424947208,4,3,5.8031456506865196,0
20,104.21379452031529,5,4,3.2802448790044245,1
44,76.09866781464652,12,3,6.115540094262185,1
67,103.80834002376847,4,1,11.531516581343467,1
60,77.6479417957996,8,3,4.486195062486607,0
57,80.54958686705383,9,3,1.8359459497425408,0
55,99.48157375490047,9,2,9.208068954730825,1
50,67.54526518684453,6,3,5.6980037583042895,0
45,56.2554535698624,5,2,4.739685083655662,0
18,80.65315033244025,13,5,4.2510314876414075,1
25,89.0768047424377,11,1,2.8976512251530937,1
54,50.40070714575582,13,2,4.322868529094212,0
49,45.56861835319941,11,4,3.440200606651516,0
65,62.777120648617604,12,3,3.458641563791841,0
60,76.62997733863324,7,2,6.171778020253143,0
54,75.96182097323123,14,4,6.94256238844247,1
21,31.516647996248018,9,3,4.548499710695524,0
47,98.23212134126643,16,2,6.004027967199153,1
23,47.17670141206299,10,4,9.191189822793053,1
63,54.69870006222841,10,5,3.318676675165272,0
36,41.94691280024361,8,2,1.7323356696958165,0
49,113.96657671874175,15,1,6.665583224836604,1
26,64.84141340575934,13,5,3.5324481433591366,1
29,42.9804983863687,6,4,3.945227348042277,0
28,77.27847099924892,12,1,5.2460845869064405,1
63,75.38271558620066,12,2,7.478265197731736,1
33,56.24545952840232,10,5,5.2620633440300075,1
18,76.81213425566767,8,3,1.0,0
62,43.49416078338271,10,4,5.716467191217157,0
38,50.141634501014956,13,2,5.463103288743673,1
47,19.79566690867874,11,2,3.2795324600588156,0
30,33.520978315608744,9,3,1.5954706298479673,0
51,96.15261611341371,11,2,4.235540231403615,1
21,92.82857255444628,10,3,1.0,1
45,61.31577297297925,11,4,1.4265085411650893,0
55,93.25862894379675,10,3,2.298006216221312,0
48,56.798510267833905,7,1,2.4947821824516754,0
44,55.13179394864184,15,4,6.758332406173327,1
22,61.130212969311124,11,10,4.698375688577494,1
42,57.50156809352869,13,1,5.697090358901896,0
20,55.69607352879639,6,0,5.416186574654872,0
50,82.86796214299105,11,5,1.9226427433218936,1
21,63.002713079124064,10,2,3.8726699990840223,1
42,74.24963528867609,8,3,4.543541667887028,0
37,80.62761050554661,7,3,4.734031298402867,1
51,67.76371591309467,14,5,5.9580356617149235,1
43,40.594573481835226,13,3,6.850153015577246,1
22,32.94268222071922,12,3,5.739643633456698,1
52,62.9756126961461,11,4,8.523330613272925,1
45,56.57487390350131,8,4,5.877039391751072,1
46,61.747828578402434,8,5,3.9311115890744723,1
26,59.67891921502827,9,7,7.568154911740896,1
69,111.67147320333135,14,1,2.5608714873980896,0
55,33.395474887173236,9,3,6.068223655655473,0
67,20.201074603577503,15,3,4.6997115391121245,0
23,66.6475366703922,9,5,3.2836670090123032,1
36,52.471548908236095,9,3,5.41857865064323,1
61,66.32135739459902,7,3,4.429039843810733,0
28,71.67766044568002,10,4,1.3085069266109501,1
19,85.68209390357795,12,5,5.368397325932626,1
64,29.85548359232123,11,2,2.9356256225311244,0
61,48.86564204285674,9,3,5.244967346376417,0
61,68.57522517761528,12,2,4.745686873466261,0
26,75.40927191374453,8,5,5.861055630805642,1
38,103.86899100576771,7,3,1.0,0
41,79.11407942227734,7,5,3.018202316924598,1
51,58.86422808227446,12,4,5.21489081574402,1
39,42.19128494114677,11,4,10.765994911208274,1
20,48.71420294561962,5,4,5.277645782957497,1
29,48.14594354085787,8,1,4.119932638367616,0
45,73.10467257027521,10,4,6.7462571475203585,1
47,65.13994891171662,13,8,3.8218546014831287,1
43,33.52700858315642,5,4,5.865192054792193,0
65,51.28197061819134,11,4,5.103991273951791,0
38,77.55095106902841,17,4,7.143995436477798,1
45,67.03324709948117,13,5,6.323244824741609,1
43,71.3728923202554,4,3,4.041667947135919,0
50,67.65843420114525,7,2,1.9958771746545763,0
38,92.52861469217719,8,4,2.8615988623084365,1
52,64.7208612764874,7,2,5.592800895147315,0
69,52.27954404258604,4,4,4.896430228497329,0
51,41.68489917732879,14,2,5.0545662160322085,0
58,64.99218916419423,6,4,5.5083146869364805,0
68,15.0,8,4,3.3622956792610297,0
64,56.314219963345764,11,4,4.79107645271842,0
35,55.88320280157312,6,0,4.979999290699536,0
28,32.710582927654386,9,6,2.1245721898120604,1
40,41.43468322688008,5,3,3.7765349420956547,0
65,76.19315060296482,9,1,5.782855037252708,0
39,64.61423498149925,7,2,6.397949345639569,0
34,62.03576667414655,14,0,3.384440938265091,0
22,66.12695067864045,11,3,5.998857321948938,1
61,61.85255175897847,8,3,3.771105604982514,0
28,84.8572512571663,12,3,3.241829369821131,1
47,62.46858363407298,9,1,8.820360685548756,1
32,30.83573772362499,12,4,4.169867184564322,1
44,92.60259929748821,11,3,2.0503051643876016,1
52,67.40680534657692,6,5,4.123929783571677,0
50,48.21492538409865,8,1,4.467487765223228,0
37,34.931965634099626,9,1,6.825446762754254,0
33,67.91828441916091,11,4,4.282019433394212,1
51,57.65655990051249,5,3,5.756795318650505,0
19,91.48293572064817,9,3,7.125589594262537,1
52,53.081854386663444,13,3,3.83311061483408,0
57,43.25238420635066,15,5,5.58182864204317,1
45,77.91592436471856,8,5,4.874081820591922,1
64,78.50563785433663,8,4,5.450493290204527,1
56,63.37302735220391,10,4,5.201853088064908,1
23,73.52714095349816,7,3,5.292280841511622,1
26,59.24625758515524,10,1,4.42891753038214,0
37,64.67730202018494,8,4,5.050327331213356,1
18,83.29981765127846,14,3,4.454390654534647,1
25,72.50636668043006,14,1,9.662421206552649,1
40,56.61451123334751,8,5,6.210327517938464,1
20,87.04725091852302,7,2,5.004585117093183,1
21,15.0,14,5,4.324174141619302,1
42,101.04146622843871,7,3,6.957388784125527,1
64,25.880818102185295,9,5,3.369355603690226,0
55,47.45814350455408,15,3,2.4332286091548534,0
32,59.18164929609862,7,2,2.2830624363657863,0
38,57.07038658543677,13,1,7.594983868522215,1
52,80.1282208005311,10,4,7.491101671873949,1
63,38.84326762779531,5,3,5.319656206038737,0
69,65.21533634966127,10,1,3.8794698791173996,0
31,48.43575803560492,10,5,3.901004163686901,1
53,65.90281958674834,9,4,9.084130712643518,1
29,58.70455480404247,8,3,4.818397508098076,1
34,61.85871305365956,8,3,5.686089764819746,1
56,49.00150335071309,5,2,4.120047910342459,0
26,49.79872099807835,7,3,5.180834355622141,0
52,65.74545028054854,6,5,5.755715948375699,1
30,78.87431011512089,11,1,8.612513657704929,1
32,48.03441331604304,9,4,4.826112422513081,1
35,42.6246491085418,7,4,6.033335495039629,1
68,72.26920331343675,11,2,4.2853879013849685,0
50,59.34992213884621,6,3,5.372389823906376,0
23,76.60996267971905,7,3,5.6837602965050635,1
44,41.884055732577046,10,4,4.59097337645778,0
40,24.411221491531386,13,1,5.47379318945244,0
44,49.339918363473316,20,1,3.5815132261756637,1
51,44.67294781469968,13,0,6.005434375031409,0
63,58.424231998394,14,3,5.111253751700115,1
55,47.26309571459221,9,1,3.8952046239478264,0
31,74.82033902672899,7,5,4.765173700657061,1
53,54.23699475154967,10,7,7.614952151388246,1
25,63.00948997547802,9,5,4.790912554902687,1
52,63.152691168818876,7,5,5.855220302398597,1
36,63.899101848243745,10,2,5.8493497147884135,1
47,59.51741779090053,9,5,6.159590756184072,1
31,70.21201380820627,8,1,2.7907667542847183,0
37,44.08689732348385,15,2,2.9296128476335546,0
66,87.98835853307766,13,3,3.5033907337344345,1
42,55.26925233262929,10,1,6.213773229887993,0
57,33.769017242026365,8,1,5.523908656640497,0
41,63.76146713983546,12,3,5.4234619485915125,1
31,42.9763903510503,11,5,4.758204561299422,1
43,73.3066906901775,11,2,2.350547719072174,0
55,104.19211152084756,9,5,3.799241357385829,1
40,44.268558168843,8,3,5.4223339376556945,0
39,66.6474466644797,12,2,4.659062843076998,1
65,24.88988822590745,13,3,5.357336631560736,0
36,69.07810458882695,11,7,1.8856353097762661,1
63,42.2857240040062,12,4,4.9735900257778685,0
68,47.50330763131035,10,5,1.0,0
20,37.97427020320344,7,2,2.3920846489560064,0
59,74.6430245210947,6,3,3.0573578063484863,0
36,80.14608714946525,8,2,1.3145928185686264,0
26,60.46770429317015,9,5,3.396856540782696,1
45,42.711465893285606,11,3,5.5537864930146315,0
37,91.79046072207726,12,3,7.332312943186876,1
62,44.99179744490688,12,3,3.9290317596320197,0
24,16.75935400145122,7,1,3.6865776159497274,0
31,69.16778019914136,9,4,4.75945164744133,1
26,37.904506527169666,17,7,4.46387480399464,1
36,79.7721758699835,8,2,2.9741106451529467,0
64,52.377246066531626,10,3,6.083217467029343,0
69,72.07426481088392,6,1,4.411401170475513,0
31,88.03000693104316,10,5,3.6819592007184454,1
55,35.82282270758556,8,3,3.8624118071824904,0
53,48.68125738215189,9,3,9.702578233075975,1
57,58.48657854685873,11,5,6.549502934349169,1
34,90.75102638068687,8,2,4.321006688505071,1
47,46.83234564119109,16,3,1.0,0
26,48.10992608101986,10,2,1.5918792340498369,0
50,69.56281151111617,14,5,5.172981584301193,1
69,48.45542548578858,7,1,4.418594016471771,0
42,63.050517657952334,11,4,2.695792073657192,1
31,28.969251580637465,17,2,4.736061410461608,1
28,104.28659885113193,10,1,3.510602527475003,1
52,33.045815393811935,4,0,3.7176488372347185,0
58,53.56494592019583,8,0,4.653361555123904,0
31,59.350379283158105,7,5,2.967761975160618,1
47,98.25376268713592,8,2,2.228645014955193,0
58,33.5030843813452,11,7,2.291332928533293,0
21,99.67408270957503,12,1,4.189899085153708,1
21,75.14353642204046,8,1,1.8337850744898723,0
45,68.34190648846493,7,2,9.380429449419672,1
25,40.30732625964089,14,3,6.866976317073787,1
19,71.42282484076148,5,5,6.439597727883386,1
58,45.530267551604,6,0,3.2297563343277336,0
63,85.33322506396824,9,4,3.3034782118896775,0
39,40.57875941784533,8,2,2.1676720272834005,0
58,57.73683011087832,9,2,8.676791137104617,1
33,48.89453823973657,15,8,7.686780979917053,1
46,40.2495407514601,14,0,6.344642399348874,0
66,74.82639633815829,8,4,4.757892109146813,0
65,70.70917494819267,8,0,4.223565826317729,0
47,84.18020397801995,8,5,6.011829437817608,1
29,24.402497835836655,13,3,8.195470942107116,1
52,81.28341404682088,8,2,6.285652563555935,0
28,110.10897810713787,11,2,2.7742000012759065,1
63,50.967178216461065,8,1,3.4672562899014823,0
67,97.9029722421794,9,0,5.93595666220555,0
38,54.73677455880347,6,0,3.2726528214650927,0
38,32.55180524877386,9,2,4.058108315194772,0
22,53.88735115186409,5,1,8.020905560727675,0
65,80.96407935350553,9,2,4.371742075239961,0
37,43.23647035336937,12,2,1.8487920326096154,0
54,47.99322681987026,17,1,10.77149813957617,1
20,71.87078864586381,10,5,7.175335162548128,1
61,60.06120233477146,9,1,4.8726902988838505,0
50,71.69245904973482,11,2,4.985471765455938,0
26,64.75659081516672,10,3,1.0,0
26,69.59250639103146,5,4,4.21408022515665,1
21,51.353976283809175,11,2,3.5117121217580287,0
52,64.63461884060786,9,5,5.195486179765701,1
34,41.452539886081325,5,2,8.25536286429178,0
51,85.76867245006777,15,3,5.880226419077745,1
41,47.314505663653726,13,1,9.060609844413753,1
49,82.5769497509878,10,1,2.2076509750566786,0
18,55.32786078034269,12,1,1.9155956001210064,0
25,64.03998021514643,10,2,7.484095845450511,1
62,50.100708982185985,10,2,5.208072885534035,0
40,39.68009137663942,11,5,5.93461548167252,1
64,25.10479224789397,6,4,4.94618423184102,0
57,38.89351682815081,13,2,5.390339053464418,0
29,53.52182293568156,7,5,6.375835487978387,1
29,64.23758357657768,11,3,5.505574266939979,1
63,80.20758626566527,15,6,3.8573487963502493,1
64,51.084850804063024,12,0,9.660398174533132,0
32,42.36078471465652,9,3,5.188673320819543,0
58,31.14570427994575,7,1,4.601063266613214,0
36,69.60127235808207,6,3,4.309029609304537,0
43,87.66389030658686,10,3,5.681766714213029,1
69,85.32660535912578,7,4,4.514860368223485,0
46,74.19865496294474,7,2,1.0,0
39,72.77086634535198,5,3,4.491719133131518,0
57,93.95247559418682,10,4,2.833580895756651,1
38,66.64162922833621,17,2,5.53499504650447,1
68,72.92259352048343,6,2,4.939862821476946,0
55,53.58432276296002,7,4,3.6723993109972755,0
37,32.759132582904854,8,3,6.8820986426776,0
46,46.32302199000847,12,3,4.858838228198604,0
68,59.816819229306894,5,4,4.246192752965035,0
21,61.21570745002606,7,1,4.275787962964554,0
24,98.52571709710787,10,3,4.231065840807697,1
45,61.62554335182137,13,4,6.013713283620328,1
45,83.57686888051288,11,2,3.4411616515898826,0
21,51.29845516847368,10,1,5.140590578591062,0
39,53.766482284695314,9,4,3.9919135760927227,0
29,33.41984725553104,17,3,3.7138998254847966,1
62,45.153439742468564,4,4,5.945214727222791,0
20,70.53962782727507,14,1,3.1298877169582,1
39,60.151203607882664,13,5,6.0415967386063745,1
61,78.85877239794468,6,3,5.619333363207288,0
19,63.62507896690101,11,3,7.65464328327889,1
41,52.95092536724516,10,3,1.4820796420601607,0
51,102.96593727573918,11,3,7.038084025648658,1
44,58.12192862573906,7,4,4.39494411055839,0
58,83.26001939410608,14,2,1.4247005424782575,0
18,51.97581586910645,11,2,3.681966775090615,1
25,74.19198958767133,9,4,6.023796242734559,1
40,78.56031318303374,11,2,4.828156396082106,1
55,64.16983941151162,8,3,7.69559629113512,1
23,15.0,11,4,4.323323646693437,0
39,60.36504921712226,11,3,4.9331080552496624,1
42,84.60920095519951,11,4,4.630178035384344,1
35,70.5496166605546,11,1,2.9569851400789893,0
34,68.91677750458493,8,3,4.942574284999003,1
29,25.554861320849618,10,6,4.5616251957565535,1
23,45.590898586498824,11,3,5.175211229697465,1
43,68.22715262302879,5,2,5.118646626301009,0
44,68.20766553573785,7,2,5.003396959606222,0
25,84.29333560265805,11,2,5.192934078480754,1
36,57.102664897078114,10,2,7.199061142086016,1
59,68.11648173347629,8,3,3.0445710677667037,0
18,60.32748483862587,7,1,3.552247730591395,0
46,40.261145269968864,9,1,7.833663441346131,0
62,15.0,10,4,7.54132931048753,0
66,68.62019384260154,13,2,5.517989649419313,0
52,63.47894416825623,13,4,9.048288655988134,1
57,47.636499157996624,11,5,5.977557945541772,1
31,27.6165388696827,15,6,8.74780327124945,1
52,72.59479028817476,11,2,7.919487800622383,1
65,54.68159851608896,9,0,8.255074133043065,0
62,71.13749444736291,6,3,2.702952089356739,0
37,97.28097060823517,12,3,6.336447627754279,1
66,17.171382393605903,13,2,4.833492719329111,0
30,46.00798382595272,14,5,2.32353142713531,1
55,55.812487733761735,12,3,7.672223477903179,1
66,89.09652348293301,14,1,7.3886644188388715,1
63,27.271939615870302,13,2,4.709458012783898,0
66,98.71722051361209,11,1,3.7645409198458606,0
25,62.71711803132581,11,6,5.116048870595362,1
60,58.079986765322836,15,3,1.371002926962996,0
37,56.03880473562187,7,5,2.305587486013795,0
50,51.27473935639942,6,5,4.400923279937713,0
43,80.9623351853831,14,6,6.231137159862859,1
56,38.62958491835123,10,5,4.629259130756456,0
38,66.90828363287707,7,1,3.8883632480566144,0
66,52.31636668586049,5,1,3.34430366990469,0
59,44.757331029718046,13,2,9.877097586822146,1
60,111.71950351367792,10,4,2.8521916714995132,1
58,68.3810146950692,17,3,1.3442540006426635,0
26,72.26531089322287,10,5,3.8486315846774626,1
41,82.75553561337324,9,2,6.035707313571182,1
54,31.573001093629056,12,1,5.216318077771056,0
66,95.04583818244063,10,4,3.4980871209630826,1
58,15.0,9,0,5.38462716615303,0
34,44.62467179922959,8,3,7.218062252569724,1
41,50.819366536421995,6,3,5.408116356791996,0
38,71.63446729941012,10,2,5.307734986437152,1
68,64.37436532282976,8,4,5.314393684801223,0
56,56.66370518603213,14,6,3.5083702401151813,1
58,59.76005310744552,7,2,5.898853945029795,0
56,40.43953952954864,13,4,7.083742738664736,1
30,30.055352110316534,12,2,7.704460766017984,1
28,74.5302324467212,12,5,5.859366818193954,1
63,73.8741222507237,2,1,5.029388390099146,0
36,91.68988750314116,6,2,8.753462564854033,1
28,44.199658063695836,8,4,5.240669959529779,1
30,73.85630420601845,10,3,4.031760402529102,1
63,54.32586543270536,12,0,3.621808768613591,0
62,83.80949970386965,8,3,3.392527497798457,0
18,80.43925553356283,13,2,3.9934210441248927,1
57,64.22418798448913,6,4,8.853004090724522,1
61,53.209396866680265,8,1,3.48660129865525,0
36,79.21864357216523,7,3,8.05352564434822,1
29,72.93809046513131,9,4,4.589268147522779,1
25,46.311191958276346,7,1,7.083919785689283,0
25,33.44402653041138,11,1,2.842746803785563,0
62,54.229341986364076,6,6,4.964347295148377,0
29,90.30827630696419,10,3,1.767806456946345,1
65,82.92974317466076,7,2,5.04428506507381,0
50,37.75345060658839,7,6,6.573589426068827,1
62,36.64485168200158,10,2,6.933353561603217,0
43,85.49367699358973,13,1,4.990838826835478,1
56,37.28728190484342,8,1,4.283203965937028,0
45,70.18590647284016,8,3,5.174345116518876,0
22,47.67857569327353,10,3,3.8559901142792423,1
25,92.34089849043366,15,2,3.853196196145696,1
42,44.59150401724242,8,4,4.183647938091736,0
44,82.86723060411657,11,4,5.455751267528598,1
63,63.697173081207296,11,2,7.872349470292903,1
40,65.04389708468574,9,4,7.597924924171306,1
47,20.593828372971984,10,3,4.3626812036449865,0
62,15.941732935885625,9,3,3.369347070220258,0
64,55.588681194653724,11,3,3.5345676791532497,0
40,64.93812126833224,11,2,2.0419352545033216,0
66,37.49604344524553,3,1,6.455937662788516,0
64,38.22613179047316,9,0,2.212947709191014,0
37,71.22945259652266,15,4,1.0,1
35,71.25708960914261,12,4,6.457884128922693,1
35,57.24517879224146,8,4,6.370955309453563,1
19,75.6040344237215,8,2,2.8381694160587143,0
21,36.51595408559707,9,4,5.605191077468024,1
47,52.88130165826058,7,2,2.362867632543083,0
50,92.95755211567347,9,4,4.805250742706905,1
53,61.366442598796354,5,3,5.717793214018569,0
35,62.526250291739984,13,3,6.387183392963499,1
54,106.11893171935479,6,3,5.792374704545679,1
36,32.01315668302458,11,3,1.2115894550602353,0
64,75.9286073328422,8,2,5.604423017590081,0
45,93.279725596162,10,3,9.3617602417015,1
57,53.502841470029075,8,4,5.785502154405659,0
37,77.19261573709693,7,2,2.2297118379972485,0
66,40.3596100557819,12,4,3.5797219795237254,0
50,46.26535208865297,15,3,3.9767840599205817,1
29,67.69932832095269,7,1,1.0,0
68,75.9713334622118,11,1,5.201247857405758,0
32,82.41873024812492,8,5,4.299186281887613,1
58,91.39257173878985,8,1,4.39286742878023,0
56,58.651068828896356,11,3,4.75096024406428,0
19,83.87223510345176,9,3,3.5558258694074807,1
46,53.15390313101702,8,0,6.71004523509327,0
58,78.04182623176536,8,1,5.367911911319805,0
27,64.14977595704363,10,2,3.9324366582446046,0
19,68.91355814163848,14,1,5.889954651412941,1
68,68.47015748044075,11,0,5.71098191418115,0
28,27.905899804043756,12,1,3.090020272907548,0
30,37.517562822784534,10,1,4.65410151701348,0
27,62.05082879635045,9,3,4.651160574334495,1
31,26.25441840717663,9,1,3.8295358839396627,0
35,76.62422206399512,13,4,2.286543622791399,1
68,77.43111932576284,15,6,3.7674760895680617,1
26,66.5434110575558,15,3,7.532680658582564,1
56,37.57731974484156,9,3,3.7019681895378085,0
45,87.6027787773703,11,3,6.797970187795729,1
20,100.74421279436716,12,3,4.9293904825527415,1
37,62.94153654891948,8,4,5.33534107425291,1
23,70.21070756902472,7,5,2.55161852436605,1
44,64.03477309592088,9,6,7.327896144898892,1
19,70.60738377997599,10,8,9.120319040676437,1
46,57.60882486747208,12,6,3.6036220586888996,1
55,59.30871520312393,9,3,7.607034491299196,1
20,78.11435200994731,9,2,2.4615134250810633,0
33,106.91248323792881,9,4,4.892385186752898,1
47,31.998575311965226,8,2,2.6553825524807766,0
57,57.923750311940665,4,2,5.754800230765174,0
19,36.39079029535836,9,3,4.591822879784236,0
34,91.84049797152167,10,2,4.898339147985939,1
58,48.245240613602036,10,3,7.623887567852656,1
29,31.13598412428412,16,6,7.487051248537782,1
52,72.76373997697146,6,2,4.65559976236243,0
60,94.88622229486222,11,3,7.214590569997194,1
18,73.27195737121525,12,3,7.300718198546198,1
62,64.09595754563834,10,1,7.21891885793131,0
32,68.18281845551988,10,1,5.295487937649433,0
43,88.29681325651109,5,4,5.661180645902392,1
54,42.516014599717,12,1,4.43270313865542,0
38,57.76305791827374,10,3,9.668037207366739,1
66,50.94619702980933,11,3,5.7980089939309725,0
48,36.6426938541658,11,4,4.8357054792450604,0
42,53.43249481166395,10,3,6.006312383299677,1
40,82.15442191964897,11,2,5.543250664665476,1
41,71.3320429678545,15,2,9.12487088347964,1
55,72.886210002164,6,6,4.956165851376205,1
45,62.92951223306636,12,4,6.531356375520924,1
38,70.46647565457177,8,2,4.761035540080845,0
60,43.98819315303789,6,5,1.6250062392480786,0
35,53.80980228145542,11,1,5.002926755703089,0
53,63.84008473937354,4,3,6.706934725598736,0
52,65.55031717763781,10,1,5.271907300397699,0
62,66.40375709843747,7,3,2.6875162371461667,0
26,57.23329435967244,5,2,8.17053642749878,1
55,52.45153197739341,12,6,2.6206116714165932,1
47,123.15542566088595,7,2,3.4540395346995494,1
61,78.13574545864797,8,1,2.749891090316228,0
51,68.26294951905246,10,2,2.9274119345013947,0
49,55.33583003587212,10,2,5.089996876572892,0
20,50.97562346112247,9,5,6.221918288772007,1
20,57.38398812546089,4,1,3.8261195878657706,0
45,65.85657687173367,11,2,6.12868707464308,1
61,22.39128911873837,11,2,6.538159781414383,0
32,28.612208092506325,7,4,4.342119153866337,0
58,47.26235222122085,13,3,1.9723906869207153,0
40,64.14278873557137,7,4,8.027915438261928,1
57,55.214537056962975,12,1,3.6587369364706945,0
28,89.56242452198968,14,3,1.0,1
65,30.352064260084624,8,2,4.221920013077654,0
49,44.97309060793259,12,3,6.1674509026994535,1
53,90.40183481982203,10,2,6.46721777428749,1
50,62.62238649350294,10,1,2.7260373852115363,0
41,77.69685165602317,10,6,1.3025840007916831,1
56,101.02493886538926,9,3,5.611797826519933,1
51,46.123911641963545,13,2,6.033837037722938,0
45,58.01371324415936,5,3,7.235843280915153,0
54,54.551461981382566,8,5,7.006442958011993,1
24,20.90813991033449,11,5,5.293347365592334,1
21,53.79206392488062,6,4,3.162824372141885,0
54,77.6212437476133,13,1,4.034750874494472,0
18,70.81179083624482,11,3,4.514084820772421,1
18,72.3816633877602,8,0,3.1692868310728435,0
64,52.48982038721001,10,5,7.161951945268169,1
37,46.87805527988717,9,1,7.055718345079503,0
36,85.38511343797241,9,4,2.2080706803308563,1
46,50.053657072846605,10,2,4.356642629962776,0
27,65.88164077586428,11,2,9.124359134973936,1
35,63.26669361355077,5,3,7.325765334330642,1
45,89.23434032514237,9,4,5.376426311838405,1
52,79.42824715344719,14,4,7.19175228940445,1
60,34.09482758665759,6,3,8.29878878673332,0
64,36.2489366644992,15,3,5.1892209987666815,0
48,71.57819636138268,8,5,2.2861580590344475,0
44,58.71324705241667,6,4,6.719342850228326,1
28,50.896564320924725,17,7,6.8229458368642675,1
66,80.31255767988941,7,4,2.988516540203492,0
66,63.749187641778214,14,6,5.521022809728809,1
55,61.04914773778888,14,8,3.4186785898880316,1
22,75.596572815101,11,3,1.7105189672099383,1
25,52.49782010112871,9,3,5.441398977578706,1
51,91.37037970945109,8,3,7.904271999393595,1
65,44.239047535339836,7,6,5.642473382333295,0
69,73.13858132684176,8,2,5.3537694980224,0
29,88.6766567731969,12,3,2.334737546090792,1
55,32.454090214558,6,2,6.256549894912294,0
18,53.13329648295102,14,4,3.8929348404728987,1
48,82.84414785771116,9,3,3.444027502335275,0
21,83.14489095462051,8,1,6.764460000606855,1
66,56.570087992235216,7,2,2.5687678439480406,0
62,45.30657812646281,13,2,4.576357368985278,0
67,79.11871644661525,9,5,2.7042694858209004,0
22,83.6709820516321,14,3,4.40103542676674,1
47,36.7067330297521,14,5,1.0,0
41,35.92172702067239,10,1,6.083214999375384,0
20,64.505133639672,14,1,5.780358192766993,1
28,72.58721266857785,9,2,9.353676036715374,1
62,54.0186182953989,5,2,5.48467820617774,0
21,73.58587639964699,12,2,3.1956467303869935,1
43,45.79726786325236,8,4,6.983342791059773,1
44,17.70612801852529,5,4,6.937801366082498,0
63,51.52197855334808,8,2,7.613433583575025,0
60,61.26464293026202,9,1,1.078436098687729,0
44,54.48320080207087,10,3,3.597867529808611,0
59,36.8279347268103,7,3,3.184865502803315,0
68,23.687020482423648,6,0,8.057228487256772,0
67,49.718223912642046,11,3,6.611083120008781,0
23,77.95311543299488,10,3,7.260913025325126,1
32,85.12394878827365,3,5,2.8301026050010716,1
47,83.7542676827691,10,2,5.265138265722673,1
59,43.68180929702894,11,1,1.7452991286503647,0
54,36.925873527392724,11,2,2.7953830900200582,0
54,69.9326922995979,10,1,5.24705706217104,0
59,72.70200023195851,8,2,5.443414803672496,0
54,68.00339210400995,14,2,5.786712316017558,1
52,19.718734515244734,8,4,3.699431511179051,0
40,42.66230830233067,7,3,5.850745198746629,0
23,59.40622419428043,6,4,5.009221306500728,1
21,69.74436389260855,8,6,8.140064754199896,1
35,75.34614725204973,9,1,4.146763587380757,0
26,62.8850704456408,8,3,1.3309097655919215,0
66,66.61567613076473,6,2,6.233548079378481,0
46,61.69730916722208,7,3,5.671697815286751,0
30,73.71238748436966,9,4,3.2203040569928603,1
64,66.25731302981822,10,7,4.346998107121033,1
69,61.314753200945745,11,1,5.387854559808843,0
34,54.63262401725238,10,6,4.241201612789609,1
62,61.62582850084962,10,4,2.7791026381507344,0
49,69.6918275767855,10,1,4.600582585435641,0
65,65.34950777796122,12,3,6.768666602902475,1
39,67.61652836690507,11,3,4.276763392584366,1
21,86.85443722702371,9,5,5.423520611169025,1
22,65.30327845493174,1,2,4.637064387726339,0
54,47.02002959053685,7,0,2.5298660846998,0
58,77.67213571988339,14,1,4.787274378764483,0
66,32.67603324662165,7,2,4.1094996577478105,0
30,38.37173238521426,2,2,6.517045520391154,0
51,66.71694529440138,13,4,7.470667205426183,1
62,70.32793335573157,10,2,6.763389973547819,0
39,35.0989755299201,10,2,3.529662868503592,0
40,52.343650380265004,6,4,2.6743954046986262,0
68,47.878323355606824,7,4,1.9726052265155722,0
20,50.26647354236806,11,10,5.338728182297776,1
59,78.87195552545892,8,5,3.5816679559646847,1
51,74.13010927094506,14,5,2.774139595283307,1
49,59.61755640292585,7,1,8.923780876651414,0
62,49.08076145770144,13,4,5.9724306707021,1
68,33.00700659559719,11,3,5.672353486660569,0
66,88.40369877563897,4,2,5.572550798638985,0
38,71.84227800569838,9,4,8.237550212201034,1
63,45.86661791853719,11,0,4.665924875371813,0
61,74.39198995249782,9,3,6.235642873421693,1
38,58.59552758850749,9,2,6.806784774130583,1
61,54.257809902753145,9,6,8.715484850129506,1
28,68.70423056579205,7,7,4.997059727314277,1
56,45.170035001745504,14,6,7.469203855153593,1
21,53.1248696097978,10,4,1.3431731396146884,0
68,62.42922128399092,11,1,9.234787644477766,0
18,50.01097614229573,11,6,5.845215454042529,1
45,73.38170420535047,9,5,6.510528783636768,1
41,97.38133007356521,11,3,2.4322299209452036,1
52,44.914037347857146,11,3,2.3028387292904275,0
30,26.69749407391911,7,2,3.7076611454164983,0
64,19.965196650474766,14,1,5.0396088358994335,0
51,56.99063717010036,12,3,4.490986020656541,0
28,46.73670819747635,9,3,4.1800365345288775,0
53,64.15721002134161,12,4,4.606171355408971,1
68,62.65195344052202,7,3,1.0,0
34,27.935663067718075,4,3,5.853025796970599,0
52,23.702323410371882,6,5,4.660328642010343,0
35,65.91866480692191,5,3,6.902215146461482,1
57,62.70857669439914,11,1,4.04823003149747,0
39,51.48364003266897,7,5,4.25595461199293,1
41,26.85712829735391,7,4,5.316171386539142,0
36,69.42782525529981,11,5,6.3680536431537025,1
54,85.43799090847887,8,4,7.301307520117044,1
56,65.55964880437844,5,2,4.918633150188357,0
38,43.05052218869871,5,2,5.857109337640665,0
25,60.891043311423026,15,1,5.0661399010295,1
45,32.6777183813263,11,4,4.4122499671077575,0
22,81.15921427677586,9,3,1.1551271006787251,0
34,61.63688669059078,7,1,5.411862463419516,0
54,24.63686176493536,6,2,3.1786551977061244,0
53,53.986512791126344,12,3,6.741486367308312,1
36,69.26603020468461,10,3,3.263741758452114,0
44,53.33904758048955,8,3,3.8635664025505,0
51,54.48208557119652,7,4,3.356117063511536,0
28,35.51195585905457,8,5,6.066482885914852,1
62,71.33081974163312,5,5,4.393557883642478,0
64,47.030615999617254,9,4,6.13668935156141,0
29,16.871092459899344,9,5,1.0,0
38,52.57485258659212,4,2,8.988304741303104,0
28,79.62299431140707,10,2,2.9793729502864874,1
56,52.26141106800105,8,2,6.537356347349077,0
45,94.75969970247041,11,5,5.999904944421515,1
22,68.57935897097035,8,1,6.423345637739265,1
34,66.77516324560732,7,2,3.364396897035675,0
37,57.43203468164782,10,3,4.3220627162709135,0
58,58.63427584471419,7,1,5.796741373851122,0
63,54.73152729760992,11,3,5.0079006468943055,0
29,53.95461215834947,11,1,3.181322100456648,0
23,70.61734324134298,9,2,6.1467264389898215,1
34,41.28337540418869,9,3,9.567443681338265,1
68,38.48212342551481,13,1,4.15649048432119,0
36,37.53609898249245,2,2,5.976296135145689,0
43,100.91309095354308,9,1,5.4557143905413135,1
65,70.6068580334116,8,2,4.258402342293712,0
61,66.0898440336029,12,3,6.612568031123581,1
61,38.84970659413137,12,3,6.585240905462177,0
69,72.46684601349656,12,3,3.9003720794906203,0
49,57.66857307093343,10,1,7.8659911223494285,0
23,64.283378822635,6,5,5.021355858796356,1
53,40.467593682728875,12,3,7.151117096763312,1
55,63.20537714835153,10,5,5.688670589357896,1
28,51.523329235870335,7,5,5.07916435345879,1
50,44.687776859396244,7,2,4.983386020700411,0
41,74.68212671614498,10,4,6.352420331053407,1
40,29.245843829399952,3,5,2.800134369882151,0
32,71.29552528628301,11,2,5.742652733348931,1
44,73.68972267105993,11,1,7.620434092269672,1
28,42.40712648897519,7,1,6.021160695576665,0
68,43.59343077735065,8,2,1.5066020650804282,0
67,55.53948637467195,10,1,2.233913664690001,0
34,65.64072420924441,13,3,5.042020362033105,1
68,56.94290016371549,10,1,3.4261071789589828,0
31,68.67124920383759,10,3,6.7793492012931775,1
44,95.25959305074798,10,2,4.05152273554651,1
35,49.845664617005724,13,4,6.10263352449326,1
45,25.696400585931592,11,4,8.878732428625874,1
68,76.51847166061306,10,6,5.046030173860177,1
64,93.6662915185506,14,2,2.976380393569759,0
64,67.8553672610225,11,3,5.791660351291606,0
21,38.24502649292664,7,4,5.56546587652757,1
24,57.52215273529598,16,2,5.500063151308299,1
62,37.629530315767354,12,3,7.736054020961953,1
52,72.85710987925896,8,3,2.627673994218558,0
65,32.97419194603131,9,2,6.998974493845819,0
26,53.997424263436,13,3,3.7876252652601874,1
25,39.91324347412187,12,4,7.761185428670434,1
69,62.53649370269924,8,3,1.0,0
62,52.67316645724485,15,3,9.461235684598229,1
34,63.53524206500528,8,2,4.458357500010958,0
34,60.44701109932731,7,5,2.5794426465061377,0
66,40.2668194455178,7,1,6.815095131240522,0
50,72.53754127058043,9,2,6.023283696844286,0
49,59.0246869631377,13,4,5.906378080435381,1
25,40.22941984268199,12,3,6.859197855469255,1
36,104.81853112411585,15,2,5.072785860360978,1
55,69.52860333434249,9,0,4.41487942681662,0
20,56.934788932013895,6,3,2.6812166604306373,0
22,88.30409053403648,11,4,4.7722979457359225,1
30,96.83631218773215,10,6,3.977108482056444,1
64,57.0930115537223,17,3,4.983269547105005,1
63,66.94794972869524,4,4,5.225850895651741,0
48,40.23994363994118,11,2,8.47474793976762,1
33,57.05614498463977,8,4,3.505375974327681,0
67,56.0187489248026,5,3,4.717891752530814,0
49,63.69654067243308,8,4,4.129183017769407,0
39,66.6552095727402,6,3,2.194223232065646,0
46,71.1965689765612,13,3,10.823457266940032,1
39,64.75285312599918,7,3,3.1277440114119903,0
60,35.78514746741671,9,1,5.738799691392307,0
20,41.2306578851783,9,6,8.400435055591519,1
27,49.071847610726536,11,6,2.521240876172391,1
59,54.35518816153542,10,0,6.75211909067703,0
38,81.01548580944227,11,1,1.9212309712125908,0
33,36.74122026294174,8,4,3.395200978120934,0
29,52.851699036586,8,1,6.122631895145452,0
19,79.060189964281,9,5,4.45455724058653,1
58,54.00245051006775,9,3,7.909037990216076,1
41,69.20831299685648,11,3,5.257009150442144,1
52,57.20915914144193,9,4,6.041993481714575,1
47,65.13566514649446,8,3,3.6202909628980464,0
47,55.430549123809186,13,4,2.922923832325501,1
64,73.34130945456708,8,3,2.6880876500585598,0
52,29.098871851871294,8,4,3.130107389699055,0
36,52.7337598322291,7,2,3.610105518905862,0
67,65.93145353388616,9,3,7.314199460318172,0
25,70.67390496012386,7,4,5.806803862457973,1
43,89.85905245507655,4,4,2.444536939460181,0
66,52.179506662688475,9,3,4.176265832137595,0
57,89.58963523721746,9,3,4.939281839753526,1
24,46.81952346680659,10,5,10.866904189159397,1
47,86.57292823089287,14,3,5.0171569437593595,1
24,76.34934253396744,9,5,5.907256743855549,1
20,41.730828407355546,8,4,3.0152665705329773,0
18,66.14078474503644,15,3,6.441297602424211,1
53,58.97528328935617,8,3,7.760898496928647,1
42,72.51169187350001,7,10,4.698358668478442,1
54,55.53456823133381,14,4,6.230993065576715,1
18,53.85507548676537,6,4,6.15095949063656,1
32,87.38189165525702,11,3,5.138906904673985,1
54,58.02558211088654,11,1,7.581936301510034,0
30,76.52844648383532,10,5,3.4026213746914618,1
57,55.492970299116,15,5,3.255647614196133,1
25,93.33326518455047,12,0,5.008900810719342,1
22,46.43330741329013,7,1,4.253320830832173,0
26,47.7171293750563,14,1,1.0,0
18,90.49034362231806,15,2,3.53732827975222,1
53,51.101072182094946,9,2,1.0,0
52,92.02148612328784,9,4,4.358795869141154,1
19,77.83681159189626,10,4,6.426467728618011,1
57,56.90700586878333,10,4,5.108282002183397,0
40,23.734130559656833,12,3,5.266861290504462,0
26,59.61363391456329,4,3,4.688880974575827,0
51,62.03260107066849,11,5,5.423363913127888,1
63,83.34435466608745,6,5,10.649864721502507,1
31,91.76894352480224,11,0,4.29572826355054,0
21,46.30025641712505,13,3,4.973487777304496,1
47,76.02363527976365,8,5,3.2709342353791113,1
48,75.30804312026699,12,3,1.192617055171251,0
55,81.4682540482089,5,4,5.531064561280271,0
28,69.97379824271088,12,3,7.263488130178496,1
52,21.150046180764605,12,6,9.640094218837373,1
25,56.8915513494448,9,1,4.6249150271133725,0
20,36.8858485016617,13,5,4.4816431317935,1
31,55.94788454163852,16,3,6.871073500917948,1
30,79.60008472267788,15,2,8.424388491321498,1
62,66.10301671749946,13,6,2.5285458380719623,1
49,82.96181732794865,8,6,6.329122921267683,1
51,66.83507841427078,16,2,8.65570861701397,1
62,34.03348120662194,12,4,4.502094467286156,0
36,15.0,14,0,2.683705473652657,0
55,62.9761752335918,11,2,6.570417992902465,0
33,55.72147067297669,12,1,2.308950874304683,0
19,40.461085212362356,5,4,7.3806515286961405,1
57,25.98745500697244,9,1,8.981343520221042,0
34,45.305135730545814,8,1,3.9997683527113352,0
51,56.11017030270448,10,1,8.31607186183625,0
59,73.3175564741278,6,2,6.262546629707062,0
33,63.7726216313596,3,3,7.771923595589487,1
55,92.16134494345458,11,1,3.700251615241604,0
19,39.28791887909212,12,6,6.246819760548061,1
19,77.62117784114866,15,5,5.484367987308478,1
43,60.94597486257456,13,1,3.4287536592761994,0
30,73.89338248237169,15,1,4.296130904997562,1
64,51.26970273468913,12,2,6.152236969456106,0
48,81.43360747781179,12,3,2.75014580162639,1
51,65.90449516690485,8,3,2.5970998017301663,0
56,46.411100301645014,14,3,2.4458401562382264,0
20,59.759519421736236,17,2,3.448619477753258,1
25,55.20888282125801,9,5,5.572574471709212,1
40,69.78356701275587,8,1,3.98691790545847,0
31,36.40446501250983,7,1,7.555386593989412,0
44,59.41296595768611,9,6,2.11196053497647,1
46,67.90614505298662,14,1,6.026201182763322,1
56,60.66046614386067,8,4,4.266075579485596,0
56,86.93882488777992,10,2,4.790456048503098,0
18,75.48045548142105,12,5,6.36874976233726,1
34,59.85038406518507,8,3,1.0,0
58,64.33378194995346,9,3,1.0,0
47,65.91331102964,7,4,4.8746710329686485,0
30,68.06599208333648,12,4,4.55501126615445,1
38,23.486840086707844,10,0,2.143752411097424,0
36,53.969474084613054,4,6,9.01037502123766,1
36,30.311218636131475,10,2,2.682811625770638,0
42,85.56561894918973,5,1,3.93540084470082,0
39,58.783009599941444,9,3,7.299998839354638,1
48,56.13318100640755,5,3,3.6498220324291597,0
34,77.9359466406647,8,2,3.264303724669597,0
40,68.4464959489975,8,3,5.7781315032217115,1
49,37.427309712415855,12,0,3.513790569863467,0
27,58.58189274945262,8,2,5.789694535825541,1
27,53.296660535472306,7,1,6.026151757702542,0
53,25.10934222787892,7,4,5.758521418397303,0
25,46.19447533525591,12,3,7.3579422918241395,1
69,56.329193559670685,9,6,4.228280596170798,0
37,57.70098137016315,9,3,3.9918906580886198,0
49,30.355371526453826,6,3,4.828943745101051,0
67,83.03331166094951,6,1,1.0,0
31,57.95793882217122,13,3,5.4273658386669466,1
67,60.75106153321126,15,3,4.340718119689256,0
45,68.01283276679673,10,2,5.7649124085024965,1
63,44.238474921926574,7,1,3.2073584908387858,0
69,69.12711946265392,11,6,7.6905629101526,1
41,52.65850707963634,13,2,4.584483842402573,0
32,42.068289187056166,13,2,6.671120045454458,1
39,71.46894986710798,6,5,3.985014249930025,1
47,89.83347717603615,7,4,5.9333819144851905,1
21,74.49658746971663,8,3,1.8895881767767517,0
30,78.45955130280862,12,2,1.0,0
40,49.58738786875402,11,3,4.5861650178400435,0
25,28.047605416630873,13,5,4.959750098460897,1
35,89.80275044199682,11,4,4.807629945803562,1
29,101.0902977880952,10,6,4.421595565840701,1
48,90.85613547539364,12,1,4.196842334817009,0
31,53.284281220405006,8,1,6.350729452012591,0
51,36.90731322542312,7,2,8.567787004712098,0
35,38.686346043608665,14,3,10.174821646118108,1
51,26.325348647719025,15,2,7.188999481757545,1
28,57.852427631799095,6,1,1.0,0
58,92.11355916164909,16,1,7.101782891159415,1
29,57.166747362555135,4,3,7.0763217521828485,1
66,66.0464580069655,8,2,4.7984863061302025,0
32,87.51193928608417,12,4,6.85447396563672,1
48,51.918093763352005,7,3,5.720323660276448,0
66,100.7106291343919,4,3,4.970524387065145,0
46,99.84188814994907,11,0,5.506493671707062,1
43,57.377773226390346,8,4,3.8918056778830277,0
35,48.44931471961574,5,4,1.3204699281787997,0
49,73.94476092780626,9,3,1.2451402341795732,0
39,53.04950114962284,9,4,6.833934693259489,1
55,36.86889565865327,6,3,2.9483763019029547,0
34,85.62477307045961,7,1,1.9409811082726,0
40,84.3289477455416,7,1,1.9002503017378656,0
41,63.11023207527121,6,7,4.047869028018679,1
67,34.74270492543644,11,2,8.031753860280386,0
25,35.40947497565227,10,6,4.7097327563699585,1
58,62.14458576838305,10,4,2.137748496176878,0
23,50.00257930989935,6,6,7.963440464827135,1
22,53.17814135716784,12,2,5.653198727393777,1
61,80.43926310120007,9,3,4.306967076586399,0
46,74.66358634845116,11,1,5.970911761356748,0
45,87.56285360995226,18,3,5.023348245799819,1
28,40.187535532454845,11,3,3.565298072639317,0
18,53.13616862626576,13,2,3.9065463810523884,1
60,75.17963390920225,12,1,2.5262782494414315,0
36,68.96156682025783,9,2,4.060563531593364,0
26,90.64760765175244,9,3,6.860695704950704,1
44,68.4107341180814,12,5,6.805908750706522,1
51,96.96218208211104,17,3,4.648193580141454,1
61,70.80035603446282,9,2,4.670131801770914,0
21,81.2433489517732,13,1,2.9330275566662105,1
53,53.529701064310856,7,2,5.791969552796573,0
35,60.28574423767978,8,6,2.2334156708349697,1
32,78.21888807678951,11,4,6.663504463909996,1
68,92.25956341186108,19,0,5.837367408904216,1
30,74.58473898621506,2,5,4.469662088484195,1
36,58.33656456130761,10,3,5.870920636835233,1
66,87.54670059056684,10,4,4.317597195957053,1
23,16.160426874402383,8,5,5.37737918873712,1
65,31.555309969862527,13,0,5.429709368691796,0
29,73.63268447336777,11,5,7.333217328835293,1
68,60.2821671250625,11,2,5.978864097094597,0
54,72.11027302248331,12,2,7.097286395040763,1
34,61.28815044863884,13,4,5.7862907367708,1
40,71.41891389207746,6,0,4.885294771626396,0
43,43.711943580136186,5,4,6.029593133186898,0
46,71.40972172159381,9,2,5.68985090948242,0
50,79.88829056415169,10,1,4.277560092907756,0
44,84.41101207862465,11,3,2.1847089157501567,0
42,100.27108589297399,9,6,3.955527981460543,1
27,64.88196887004773,13,5,3.940708265640653,1
64,65.47822173694358,10,3,6.110481690745896,0
40,29.536550716523045,12,1,4.869844712336937,0
38,49.371771977231504,15,2,3.3749425718167743,0
38,56.13835851986775,8,2,4.670783916176092,0
60,81.0063910455271,12,3,4.358742031362928,1
30,47.77997751820742,14,3,3.1623459509665235,1
54,75.92680039497665,8,2,7.934203005312568,1
50,59.9675656607324,5,2,4.627607988386126,0
41,56.456637697704764,13,7,3.4163992135469243,1
61,64.97787938266512,10,3,1.6755110179938897,0
28,52.176872554943145,12,3,5.174931487509296,1
34,51.41925503814669,10,6,6.036205485828971,1
21,25.904281884197708,7,2,3.696760390725373,0
64,55.04091585344221,5,5,5.280577262408974,0
42,50.40063707702547,8,3,2.81724019420184,0
47,49.68038021301841,12,4,4.541325230035726,1
26,68.3374612518008,13,4,7.169380303680092,1
38,73.1726390558102,13,1,4.533022118583139,1
37,64.64389009284655,6,0,3.711442648282417,0
36,79.90830380898949,16,6,7.684373049584115,1
36,71.5112385166073,15,3,5.395660976422007,1
29,54.09887620388716,16,1,3.9937918052698693,1
54,50.7428742857124,8,1,3.2688405009986905,0
59,66.25644473533693,12,3,2.7022450268012594,0
34,71.47534219803802,13,5,5.853564607694679,1
54,87.95688614062996,10,4,6.534026590707077,1
65,83.82346089880191,8,3,5.000221866849906,0
56,49.17053986985662,14,2,4.603153702907961,0
45,57.95987439745477,10,1,6.176574514298688,0
58,73.4203560983554,7,3,2.1640489124398092,0
52,81.35995556117945,17,7,5.151786151925124,1
64,78.77938937409584,13,2,5.034438921085126,0
65,58.722443343373065,10,5,5.829284244764568,1
35,34.919546951429666,9,3,5.957836997860108,0
31,40.021272475088175,7,1,4.1840632811559555,0
52,65.45267028638828,11,4,8.708835057878987,1
61,66.84451158848691,6,1,2.8307172182219196,0
58,38.0264125313123,11,3,4.046991012830204,0
24,60.89139221778543,4,2,6.716077753478101,0
58,72.62448713943566,13,0,3.7301595719765244,0
30,36.97546684985711,9,5,5.22286880932275,1
35,82.09994403608829,11,2,3.9350101278353478,1
54,52.4493770288035,10,2,4.217402535540027,0
30,85.15226225153302,15,6,2.411079733200594,1
53,49.330951084481995,15,4,6.521519491657902,1
48,39.467490342316424,14,0,6.565993147510776,0
19,50.83726020316561,11,2,6.559092724644385,1
33,58.0970375384536,6,2,4.14141696021955,0
26,52.23040186457038,13,1,5.664303745686899,1
26,55.67997156853773,9,1,8.99027462411653,1
55,66.6793029935238,10,11,5.580341656782589,1
28,56.57641260407201,5,3,2.687598102719655,0
39,58.67775212095986,8,5,3.291975759146042,1
50,25.81547201594808,12,3,3.1976255819087473,0
53,67.83396032020946,13,5,7.6417792498188035,1
62,58.21593404616664,10,3,5.788611423312314,0
40,92.20585960965741,14,4,1.851989451057833,1
62,41.208696654920836,12,5,7.605858258361565,1
62,23.83409343000971,13,4,6.1333304346505395,0
51,72.36136987860084,10,2,5.348825180697086,0
26,66.93054036626,12,4,8.034524983098558,1
41,39.83133958937708,17,7,4.541914059382787,1
25,29.40502089991817,16,3,7.723875967266261,1
24,90.7479346136858,15,3,1.0,1
53,88.28220781213564,6,3,3.5340189436681255,0
35,15.0,10,1,6.583570184124217,0
20,50.835539414869984,12,1,8.356407175898928,1
45,93.28384109567799,14,10,2.564431854977858,1
23,50.47874884444266,11,1,4.163834587267683,0
61,50.187755319466945,6,2,5.332419372292251,0
61,54.34481344741263,11,4,3.12119556399505,0
38,37.582060524636816,8,3,4.473490585337216,0
45,25.904485115439115,7,1,8.16491053796978,0
57,81.05094621469497,14,2,2.9372300132695175,0
18,23.14126187504649,7,3,4.519248796117141,0
53,64.94542904217512,8,6,5.545976527957953,1
38,77.73158985515299,7,3,5.930883408578104,1
60,30.975474021976833,8,7,3.2705183815046652,0
52,41.51463194809857,13,6,4.643408292278701,1
30,84.26358376783179,8,1,4.4203140717399805,0
66,70.6578344045408,10,3,5.607263821768325,0
27,47.654285862422256,9,4,2.647666809590257,0
61,84.04498006722342,9,3,7.542829932073863,1
64,84.13071446908604,9,4,5.516082982575921,1
27,65.38105386031414,14,3,7.13421948522036,1
63,41.99679544252675,7,3,3.857491386216127,0
30,51.731025930564094,13,3,2.5596040846585635,1
54,65.7277348791078,9,3,3.0909171589928306,0
55,56.228103417050235,11,5,6.4013412970181225,1
41,78.77914356469702,7,4,4.11841572303708,1
19,29.404518397813277,12,4,1.76033276305025,0
39,30.114729418675225,8,4,5.360989387176697,0
34,63.617422229648646,6,2,4.358425718207057,0
53,50.16911172386191,9,2,4.409340712332756,0
31,47.459027706045184,7,1,1.5795647541366828,0
27,24.638865616512057,11,3,1.9820195729479217,0
52,60.390916895963635,10,7,3.904004251245513,1
42,58.944897839984684,9,1,3.1449325385410623,0
20,73.06957963903481,10,5,3.8612990808673455,1
64,61.37812266241944,9,0,6.665027890441187,0
55,57.34791843519007,10,1,2.871752280806583,0
34,83.54001273580674,7,1,3.1885820820221724,0
29,33.75065393102901,9,5,3.94577363349054,1
69,70.72778437695152,13,7,3.073305767991979,1
41,26.577056704093025,12,4,4.5691988600739455,0
46,43.23276239998385,9,3,7.055295354045581,0
60,35.74685734753373,7,2,4.4250146249498385,0
42,75.63885070903837,14,3,5.51643137182265,1
53,58.69179532809212,14,2,1.0,0
43,59.72993510814047,10,2,5.163076668532665,0
55,37.86534024541098,7,2,7.951631580279655,0
18,54.006130081342214,9,2,5.196524658499802,1
37,44.73069393381777,5,1,5.256407449136355,0
45,67.66910029708433,9,3,5.571092164987539,1
33,40.178177293367725,7,3,8.136015278937778,1
64,86.59588730410152,10,7,7.707557470002669,1
34,26.48839100751811,11,3,2.9560871522488896,0
57,43.86960335086877,16,5,7.405266081132206,1
45,93.54401019932192,14,4,7.7521445689734385,1
29,51.297225040759315,7,5,1.5797265839120693,0
44,33.70242671191176,11,5,5.052234023665657,1
59,64.38143125075337,8,6,6.0511000763016245,1
64,50.492155155709156,3,1,1.0,0
47,43.282594887633884,11,2,3.6392713500519176,0
58,38.08258378402565,15,3,3.568450739814988,0
51,115.36747211251887,5,3,3.7097836815387923,0
54,54.968961996317276,13,0,7.089264711035415,0
23,21.48865279334246,12,1,4.886890368351298,0
24,89.87419518011069,7,5,5.8423765825630305,1
49,72.22141810221142,7,3,5.178896239367657,0
49,44.670671379604244,3,5,9.936227644914327,1
42,41.337618226277165,11,3,6.992840154484384,1
50,73.46945592316462,12,2,4.964861279817284,1
24,55.061633450210905,11,6,4.471956756136402,1
69,21.480443631097977,9,5,3.606921965675764,0
29,95.74479929209338,8,0,3.0535745318921625,0
33,51.32019075568086,16,2,2.606186395438271,1
33,89.91143472964853,11,4,6.9640996599471325,1
60,85.56869915931429,6,0,3.2099911927434155,0
53,39.979809110343716,12,3,6.284068587763281,0
30,80.66379728726295,7,1,3.9929517682924436,0
24,46.97114900272638,9,1,3.4978165558509833,0
53,22.665988263921165,10,1,4.33947819883227,0
64,51.50803667955715,8,2,8.58382435797678,0
68,67.95275003552558,10,6,11.075364633412924,1
26,50.745267040073244,6,4,4.26700922377502,0
49,53.85903318149797,13,1,4.083642027981333,0
28,82.87132089857226,10,3,6.9100204556597165,1
25,62.12987960580184,12,3,5.30539075448993,1
50,43.134033774300946,9,6,3.6933848297667167,1
40,74.04060647334653,13,0,5.981563890292016,1
42,63.953511339084905,12,3,6.535040233248971,1
25,15.0,9,1,4.519966467283423,0
62,68.56705827542898,13,3,4.5758761434532245,1
39,67.83657415432204,4,2,8.429954667489017,0
21,60.4024225916172,11,6,3.358297141976971,1
57,77.83401162139151,8,3,3.919930436940894,0
20,46.55212831346996,7,2,4.074919783668147,0
46,66.72999577641802,10,4,8.398109310677242,1
58,28.660812576652944,6,6,1.0466487593638312,0
46,68.14180766797664,4,2,6.644819829555192,0
51,99.06119391079793,12,2,4.941002580517737,1
51,40.10287295064918,10,2,8.626980444129792,0
45,44.803957360244496,8,3,5.71125819945372,0
30,45.79969114216895,11,5,1.0,0
32,62.5999645160319,13,4,8.22297701886705,1
40,38.739274542925635,8,0,4.527981247679041,0
61,68.42494757381961,18,1,1.0,0
43,76.9367989093833,7,5,4.189149166071028,1
21,70.68694426907568,11,1,5.072205211491164,1
43,24.631691487238555,16,3,2.9016997544050764,0
57,79.90335330317212,14,4,1.9372078713381646,1
26,78.7473482850736,13,1,5.593183138676332,1
22,76.60322744692608,10,2,2.512363028827868,1
49,67.4568449731165,12,4,2.948091711181811,1
37,64.40378628410265,6,5,7.714673505117835,1
67,80.64778796252793,9,2,4.338889960399582,0
28,98.4702697520691,9,4,2.565595374299294,1
32,40.939190732703004,8,1,3.208835136745371,0
49,81.56250791589544,18,2,5.772415051545858,1
45,58.275658039850946,11,3,5.843839378864996,1
39,57.406538959427984,12,3,6.331426043976382,1
58,29.26938619235923,10,1,6.608553996033816,0
34,54.3042118096921,5,3,5.667046371145795,0
43,40.054700840631696,13,2,6.2160427194959755,1
61,50.722911409881085,16,3,4.048771258248368,0
24,38.03627232443701,6,6,2.7643599372976033,1
59,51.02183225373987,8,4,7.715926216437,1
43,51.87779285953194,13,4,6.760509276078361,1
42,61.935098368776,11,5,4.4371283066018465,1
27,27.70500275417338,8,2,3.6712673566547536,0
62,31.089637045093532,13,3,9.572279210279817,1
36,67.23828541461053,4,1,3.1910351665603685,0
28,44.05123765859802,9,2,5.454459450278993,0
30,81.49059580459863,15,4,3.6595179155498876,1
25,64.50539444030093,7,4,4.177620155242303,1
57,72.13524300412814,11,6,3.499537316754954,1
21,88.2138464084179,11,4,1.0,1
64,53.80578376386855,14,4,5.780325767735199,1
48,48.510265891674486,10,2,6.313574567819264,0
45,77.43405171197627,11,2,3.6707507225405944,0
28,70.19027127859371,14,2,10.212596263937336,1
60,56.253393803573985,12,3,5.566601291494998,0
18,87.82915933911885,10,7,5.334548999680174,1
66,55.75511380320139,14,3,5.77390114189531,1
64,60.65547275111563,5,3,3.8140530833320643,0
69,60.42445301668517,12,4,3.0447857668518887,0
55,41.30812210203058,11,2,3.477309136404222,0
41,61.55170778972782,7,1,3.909823402382699,0
64,87.93520354796982,5,2,6.121292671079429,0
48,68.89936630752352,5,6,4.244410640107359,1
58,60.62126852797863,9,1,6.237458853428585,0
63,56.76465437668662,8,1,2.4768168825392807,0
67,66.61734056812702,9,0,3.7114074982446654,0
43,74.9953325697837,12,3,3.5754126482824153,1
66,72.18477661779505,17,1,1.0,0
67,53.36270276356042,16,4,4.084065459880957,1
22,66.49563188220229,6,2,2.9247879024935104,0
37,69.59879482296557,7,2,5.914234461528358,0
69,39.85610024946043,8,2,6.465232187170107,0
58,63.364610823673885,7,5,2.1994789975828355,0
28,16.773922273952763,9,3,4.509111268923847,0
50,69.6506741964237,13,5,2.4405613064104226,1
67,73.20686109125363,18,4,5.648973348673763,1
55,74.95092251572919,16,1,3.625934766803331,0
44,52.09906295660865,8,3,3.9319053987901165,0
51,66.1809367004807,6,0,4.566412495975181,0
32,88.47907691082334,12,2,5.571832417687769,1
49,88.27539296582518,16,4,5.110204152788148,1
38,59.41654601546879,4,2,5.786404264004674,0
63,62.78639261459119,13,2,6.437538791023041,0
22,82.21822289468867,6,5,4.733776745270359,1
23,29.983959694756503,10,3,2.9288124750226863,0
55,53.53848514645951,11,2,1.797405459594236,0
39,86.71140911073513,10,0,3.474331101845064,0
35,79.50401083369532,7,4,5.449691123690538,1
31,67.3852755529981,11,2,2.2338323147920334,0
27,29.88335189338759,9,7,7.147568372940483,1
63,59.00179533917676,13,4,2.8982262621701005,0
30,48.20169207500134,12,3,4.774185789484124,1
48,66.62077805634426,7,2,7.9526504683393755,1
47,43.81306630410239,12,1,4.635509205151033,0
20,39.485532100507854,13,3,2.8158269840762915,1
47,18.702694446327172,12,5,1.0,0
23,84.43609369953403,8,1,5.812303593651523,1
46,52.00458977113885,7,6,5.620381469488331,1
25,63.14291567405069,10,1,6.152173189006704,1
61,59.955237670516375,5,0,5.226181309816167,0
62,38.65132134079001,14,6,3.9270355791700284,1
60,34.81870177103613,10,4,3.4272646354655905,0
61,39.893697480055295,10,2,5.083448227876106,0
50,45.536631223412144,17,5,6.979930316637639,1
34,67.3321249402761,13,3,1.0,0
65,44.08564672958777,9,3,6.877383851725508,0
28,94.92981263189243,7,2,4.419003516475901,1
30,80.54302071786302,6,1,4.665497032390173,0
67,76.16719099331416,9,3,6.390479008249201,0
28,57.606821950537,10,4,4.6584559254773685,1
48,90.28561471440968,6,4,5.451582988193452,1
45,55.63988737757752,14,6,1.7322235396237344,1
61,59.37477171691508,7,1,4.445157902171353,0
23,63.39949079498539,11,2,6.012811279821342,1
58,74.03646081086688,8,2,4.216707670139945,0
33,72.73816158005971,10,6,4.3367269513053115,1
21,50.49749443110794,9,3,5.3280919465715755,1
52,49.34012561148093,12,4,5.862199626907243,1
65,72.79805914304168,6,3,8.043318974329623,0
43,74.30473167782465,16,3,5.879115947867458,1
29,52.13297750354254,11,5,7.703031663637097,1
28,28.25623860643092,12,2,4.805982474149581,0
54,55.853678079835106,6,4,1.0,0
42,72.47051597651718,12,3,4.143790266318323,1
35,96.10833692839562,12,4,3.3798349890490615,1
36,36.04084075318676,7,2,4.873900467305379,0
40,51.46857494338853,7,3,4.357648304587052,0
55,52.21192876949247,10,0,5.526803910398014,0
35,87.11610678863002,10,5,3.659324238145926,1
43,59.30116999082735,17,3,5.431377886173732,1
23,41.85346881255469,18,3,5.739427581021047,1
21,71.17390565843638,14,2,5.070839304799878,1
61,51.90722959918107,8,1,2.0734136405940413,0
68,35.51225453284091,12,6,6.787531254269881,1
46,42.14453385447699,13,2,6.239465918786587,0
51,94.68083908845239,15,5,4.617377754998601,1
34,67.68418443298924,11,5,1.377703805599046,1
60,62.15520110905086,8,1,5.604037856066397,0
60,55.00212528375908,10,7,3.9441851157291703,1
33,65.84297684237598,15,4,3.9009304057098353,1
19,65.60471892004989,13,3,4.843496083133314,1
51,65.84337656414652,10,6,7.910611172053364,1
25,62.29690180555506,11,5,5.293876940468034,1
30,77.37596676611099,6,3,4.7786759496391085,1
59,60.46208692001462,4,2,3.9570317285609207,0
25,40.44122328894723,12,1,5.06220090453235,0
47,47.751542181982636,8,3,4.9977421607843855,0
49,20.419626130205756,11,1,6.206057108615255,0
53,100.53634232084785,12,2,3.937045884162478,1
64,77.25509183905373,11,2,3.3758914981255264,0
47,43.398590097415266,10,2,4.114269625051505,0
18,54.363103012058005,10,2,4.8258841623897615,1
60,47.262470515871335,5,0,4.9575309064719875,0
56,90.85094422748234,11,3,4.980488240375573,1
34,31.60245671458142,11,7,3.018103130713686,1
37,62.28952117637559,9,1,4.829102978135427,0
41,57.82944314870304,13,8,6.367258260704019,1
67,76.53677261418228,6,3,7.544506641987757,0
39,57.9198154455061,14,5,6.968834937326136,1
46,24.8358224668913,7,0,4.878446670108867,0
39,54.97764330715118,6,7,4.683378115235308,1
61,40.5567556411335,11,4,7.48609181963536,1
26,61.591590931131215,10,4,4.780254331854668,1
54,88.68354073040653,12,3,6.734236822353823,1
27,25.211495115354438,11,2,4.941807901517949,0
53,43.99554529200192,10,3,1.0,0
54,48.94614092433006,9,1,6.328039977144164,0
45,52.36737809173577,19,2,6.932507947776987,1
45,74.80251328210488,8,5,4.343863258294118,1
59,56.52911164877225,8,2,2.6854182730643483,0
60,68.3160545144089,13,2,8.043190105981505,1
38,47.48453912536448,11,5,4.708287154544612,1
41,64.59848690835875,5,0,4.3124456642912135,0
59,75.5559526175543,8,3,5.897744679830275,0
57,45.354009005258234,10,1,10.472607722639957,1
19,75.6271623961303,10,2,5.968225326316319,1
25,61.04745537455137,10,2,5.356506049211133,1
65,80.90920480964505,7,2,5.13956045113339,0
44,55.97160199846053,14,2,8.308211596941526,1
39,67.62489310324197,12,2,6.054649431433714,1
54,59.1878753664294,7,1,6.72763374555111,0
44,58.07575475918842,6,4,5.6078609599075735,0
46,65.1786085645138,13,3,6.0717154843033985,1
20,70.73614938449808,9,1,4.443206969650546,0
61,35.0087017615199,12,3,5.338651213966889,0
30,88.67267217635757,9,0,3.6277562844611477,0
62,22.806739189004034,7,1,3.983945897153608,0
27,46.30375780522208,7,2,5.980884654170311,0
53,58.11461858470199,8,2,3.5928083085389133,0
26,68.24711938171896,6,2,5.261008879353632,0
44,91.52345055482758,9,3,4.264741593727044,1
51,22.83417023549785,13,1,2.7517560978685593,0
68,49.84611743220579,9,2,5.455509458793836,0
18,17.463330244014692,13,6,6.550926520133711,1
49,60.63243947820496,13,4,2.3695537150396384,0
42,65.43367169000061,11,4,6.217911150344907,1
46,91.81591484342505,15,3,2.7698897835418212,1
24,62.412695217869086,14,3,7.711111636823837,1
66,80.88050258884759,8,3,6.134120076976529,0
20,71.67674163078118,6,4,2.369456199316546,1
37,51.29503605989663,7,2,6.705949026147481,0
37,31.820785064159214,3,5,3.7735191522126734,0
47,65.50004596583622,9,3,3.0691195912694216,0
52,30.157959657092725,9,3,6.443520172011707,0
52,85.90414145339288,10,6,7.413525151002179,1
66,56.75875795926352,13,2,5.952638812934168,0
56,83.90354823022832,12,4,4.256736570360502,1
44,50.39571131735201,7,3,5.3391241103562,0
43,65.37701572801984,6,0,3.835686041021784,0
31,64.18697714669378,10,3,4.651240966675608,1
34,59.09911763978152,7,4,5.816146594415157,1
35,51.34680973206816,17,2,2.147421352020943,1
62,67.8491203694104,8,2,5.8926193470448744,0
69,41.476734730335835,7,4,2.175060699185858,0
46,35.81129342081883,9,4,2.452484931569478,0
37,84.85653786653656,9,1,6.307702537793528,1
44,74.54335977784201,9,4,3.3118793273044154,1
35,61.3178321720448,6,4,3.0178752658933496,0
21,93.30284765087563,10,2,4.408791319054667,1
18,54.644689625503105,12,1,3.8172493497371143,0
67,86.45406439977958,15,5,5.462769594926233,1
18,63.511481698516434,6,3,5.34933128355819,1
43,39.504984998472196,7,5,3.028834267101555,0
62,96.960803835417,19,3,1.5780757268045549,1
37,79.8142169324817,9,1,4.5943297571913,0
69,57.57957937980871,8,2,7.201043174362836,0
40,74.54342519067899,11,1,4.868341724201651,0
27,51.92593132004186,14,3,4.304795020089938,1
28,76.58298070119083,11,3,8.46072052169777,1
58,15.0,8,7,6.5052145722228545,1
58,39.603973326108125,10,1,1.5447286522527461,0
22,79.58519488573926,11,3,4.4420597288723584,1
18,55.006889235621614,11,2,5.446124267403939,1
34,64.15084589777484,8,1,2.8647349019637285,0
39,33.064286757691306,10,2,4.414176089592913,0
51,96.95733991404205,17,2,5.042592200297538,1
62,83.81059287435353,11,4,4.55254966063879,1
58,55.9862956324934,12,4,2.5784091791945376,0
46,51.90608286273347,8,3,7.936414186949246,1
21,80.59208722839386,9,4,5.5336440093635275,1
22,99.64940900337855,10,4,3.281578475336878,1
28,79.07520511622707,5,1,6.752176943554755,0
68,103.43605334793205,14,1,4.837993007897721,1
38,41.55297341876164,12,3,6.983508529045065,1
52,43.61226339002418,8,3,4.791413162324329,0
29,36.22117763893303,11,4,2.0477520929698225,0
43,68.83521299298958,10,2,2.8656205860151465,0
68,63.5120709960874,10,4,7.282163942955984,1
36,56.960977530560285,3,4,7.06552475462197,1
62,76.18517256246597,11,6,2.34131794217749,1
24,84.64657210429328,7,3,7.786074749307349,1
64,29.486751814263158,14,3,7.051563790792077,0
24,48.06055944197769,10,3,3.7315693265634966,1
43,76.4028718824612,12,3,4.843895144234256,1
57,50.64522632282836,5,4,1.0,0
22,44.03587847283692,10,1,3.5984786482334075,0
38,80.3707485530079,7,4,4.577113930447124,1
31,34.2099986055204,13,4,5.618618924954139,1
21,53.9684038441779,11,4,4.76846108529018,1
40,66.57288051609618,9,2,5.277498268308456,0
59,48.523601721797625,11,4,3.0636166005321313,0
37,75.66311312026349,11,1,5.647697929012457,1
32,48.62246049605262,8,1,8.366300899544168,0
67,88.17238986891839,11,3,5.878891500708246,1
69,57.48507405008455,8,6,5.067815216858844,1
62,73.42540273410707,7,6,3.5188497189950554,1
46,74.92047905965633,10,2,4.286982827840799,0
25,47.449199945118544,12,0,2.3757765788897998,0
58,18.93026902688223,4,3,2.108737618036632,0
65,67.2151150932767,9,2,4.859875099421335,0
36,61.44576694249739,7,2,6.108830180899657,0
65,71.11652055150255,6,3,3.2886804765534765,0
56,55.46945055234324,15,5,7.391513998996352,1
63,51.39144602398568,12,2,3.878322379022939,0
45,100.16946021963399,8,2,4.8201560953934415,1
63,30.552918769784444,16,2,6.890958862786308,0
44,74.67900956728477,12,2,4.373844261572808,1
21,48.50796283633218,8,4,6.255161181096627,1
32,53.284427645191556,8,4,6.145323958552412,1
52,53.65794334852069,5,4,3.6521399472747946,0
54,43.93131451657486,8,3,3.7058936107477116,0
18,71.42448420472479,6,2,7.444746223491856,1
20,87.81287191899915,12,0,7.639895841843783,1
64,69.40027322493323,5,1,6.251074811413835,0
41,62.0676399242419,7,2,3.2645326104504653,0
44,40.27119001801507,12,3,6.7369543711255835,1
57,70.33650531648902,10,2,4.443849951561712,0
53,103.12699263458597,14,4,2.4626630893805843,1
51,52.38610752409815,9,6,3.7266086994763787,1
46,52.48032841296268,6,5,4.5525464943375225,0
41,48.778217380380056,12,1,7.1730987787052225,0
41,50.21171531011159,10,2,3.3949492963912418,0
59,15.0,7,4,3.0684993610797537,0
21,68.10070771711426,10,1,4.034490035794052,0
20,43.088956472907725,10,2,4.756217266770907,0
51,27.794737624164,8,2,6.3460499631149965,0
66,75.06379899465098,8,1,6.140847830304813,0
40,38.359644299161275,7,8,1.0,0
69,53.226618922324846,12,0,4.288368960846652,0
40,89.3288478237716,7,2,5.247810848964712,1
62,31.81568403950973,9,3,3.2592068743577403,0
22,29.34803530804476,10,2,3.4391086268225117,0
48,65.38612379124676,4,3,6.249162659804009,0
58,82.98974728020737,9,4,6.366353557484185,1
23,28.51316564536074,11,1,4.645586757248297,0
54,68.15379473674355,9,1,5.80387321440428,0
27,71.61999079923385,8,3,5.926374669665721,1
57,18.816790326153594,11,4,2.8063608583335276,0
24,75.9700267581444,10,3,2.8331369985837234,1
56,77.53211759684359,11,1,4.213501612041563,0
55,53.764288534879505,4,5,3.6140184280207377,0
38,85.04692724596016,6,2,3.8066549979578896,0
37,82.7291114864969,9,2,4.809741812216761,1
20,62.0623585143441,14,1,4.816660219769001,1
68,50.97109219350133,9,1,1.0,0
39,40.54344214834086,11,4,5.191203135134718,1
64,59.248729812676174,12,5,4.496122442153318,1
21,71.39517839408359,10,3,5.451242008699959,1
45,53.51646277918717,13,4,3.718129119947816,1
29,16.049979894759403,7,1,3.7291620412811373,0
55,85.3742778915314,15,1,4.2189195305588285,1
68,63.804464436897874,15,6,7.137139089025322,1
53,52.407510066463324,5,7,4.166406361230823,1
64,77.14316776846577,7,2,7.221662623476656,0
58,90.49277192965512,6,10,6.954203897258266,1
22,15.0,8,7,4.323245527064244,1
30,68.68527299844143,12,2,3.9779168749492744,1
40,31.467015783793055,8,3,4.047632896455886,0
67,69.98221013597882,12,1,4.711866406139386,0
47,62.55854404749159,15,1,3.8823081804402952,0
54,72.714530528811,8,2,6.47142730924536,0
42,50.0150477101069,5,5,3.7085826448418553,0
65,22.535197763616964,10,4,6.726071719633697,0
44,50.99263617486664,7,3,3.1350105015499694,0
68,68.13695270279567,4,0,1.6652122268147678,0
31,80.30784657350446,14,2,1.4057039940900453,1
65,36.56337399054949,7,2,3.9193063245349125,0
64,80.54120853746035,13,4,3.3848492116462623,1
53,47.04255420706957,9,3,3.2945090785237174,0
56,67.24899763189053,9,5,6.966021025067798,1
33,49.802120942687345,10,5,3.5369646856289334,1
39,63.64341255424203,17,6,1.0688117938278965,1
38,77.83755269140549,14,4,6.129489001080801,1
38,35.45971845422928,5,1,7.672134607910445,0
25,46.401882065063376,14,3,5.89972109132992,1
66,63.69925174684173,9,9,3.6597433802871864,1
33,108.03167322060705,15,2,5.3431952791314625,1
48,42.73620575666344,9,3,3.393364795030172,0
59,100.80267771993837,3,1,3.0567875090770187,0
27,100.08846607350341,10,4,4.604769913416087,1
49,58.05377698596818,10,2,4.8860415957680186,0
51,54.03694947600199,13,5,4.594428609820117,1
26,46.15869602670617,16,2,8.343323774790436,1
34,58.63594939334662,6,2,5.085584396329526,0
28,31.86561134880884,3,9,6.919480222963732,1
49,58.47521965358805,10,2,9.463765042269795,1
27,89.93760547701712,10,6,4.052914009804406,1
39,47.778298750465645,6,2,5.297168613831843,0
34,55.18551392021899,12,5,6.633947137416304,1
21,25.977190514655163,9,1,5.2441235803289565,0
65,67.48124176262087,10,3,4.445778961610437,0
69,65.28963369902748,10,3,9.68705390477831,1
64,61.27404719531542,12,2,7.396696311029142,1
42,55.663458995557136,8,4,1.0,0
38,54.14484162455091,6,3,7.714689499826332,1
54,70.03800467401344,12,5,8.200678577002366,1
55,59.423667968227534,15,5,7.390705346098591,1
66,66.29943743110664,13,6,6.501326335155302,1
18,64.29965634909095,16,1,8.101905466543723,1
42,82.46854574191524,10,3,6.765253692844054,1
68,73.53988194750109,11,3,6.157447220486488,1
53,63.85723686300381,10,0,5.268300601819708,0
34,90.36844061304359,7,1,2.856790992816867,0
58,68.40537058113122,12,1,2.2545415202467503,0
41,86.09925377580838,12,1,6.545909912174608,1
19,72.13885216773275,11,2,6.5101077177027316,1
57,23.16161842136914,10,2,4.914573164943369,0
32,86.09669526638659,7,3,3.2866693085651426,1
49,62.70352482685338,10,3,2.739961981431498,0
56,58.960904581984444,6,1,4.275615288829076,0
23,65.62696694979154,10,4,6.40374641902077,1
18,53.10033676085865,10,0,9.476794101804188,1
64,64.54057720777891,9,4,4.950977393063995,0
40,48.16247867313815,7,2,5.575512084961459,0
56,85.4854451746874,14,2,7.251888738940527,1
34,57.72823772757899,11,0,4.872361079203896,0
51,52.34832314555133,9,5,5.737496426224294,1
58,41.501483685614524,10,3,6.6439670668263044,0
46,65.37551578297283,13,4,7.2040534844047555,1
26,63.742142002501836,10,2,5.1082750817137255,1
30,67.76849227355012,12,2,4.038817338036428,1
23,39.45496224989742,12,1,5.408204623338784,0
23,27.976376023768537,11,5,1.6053862116423971,0
37,72.51182605013119,15,4,5.5874121020335155,1
69,89.69283723753016,8,3,6.733775300376784,1
20,39.47292755220208,8,3,8.396477855573007,1
34,91.78882567123397,15,4,6.849292468033919,1
66,65.67822117472761,11,3,1.0,0
29,59.858741908983404,7,3,7.783556278768579,1
65,52.04902606908444,9,6,7.9338986257066715,1
64,32.30963961150007,9,4,3.158729334324696,0
62,79.754570318492,8,6,4.198759060352026,1
18,44.487872771247936,14,4,7.878136931050425,1
34,44.403866485247995,15,4,5.11112168499239,1
20,79.8385261977391,5,2,3.824925654548001,0
43,22.34033106656547,9,4,3.4970842759608525,0
32,29.528043786636665,11,3,10.269183366046015,1
53,59.63731512983836,8,1,6.574954554579694,0
49,65.86568858009704,8,2,4.442796046857701,0
49,69.69469295937847,5,2,7.8572468829683,0
21,53.964030132074946,15,8,4.819535492529788,1
35,110.6073933728338,7,1,7.422819698180188,1
66,55.442148824683315,17,5,6.162464848680867,1
36,55.38427695794556,14,4,4.322716420561865,1
60,44.06026662372245,17,2,5.996602424407822,1
69,62.47813633042142,17,1,6.077446546203724,0
52,72.29922464093549,10,6,6.601646678969852,1
57,84.0715610906692,12,1,8.256830410190599,1
31,30.21431471119564,9,4,9.423673969164355,1
50,55.080093232885986,17,1,5.822285942121843,1
31,68.93407221618288,11,2,1.1839676796348577,0
51,71.74115069189071,5,5,6.753305808882728,1
21,60.13097315609078,10,2,4.478484015870444,1
41,70.84847939064204,8,2,1.6175549334710086,0
46,43.82072214148399,8,3,6.381390070836571,0
36,91.15810864636714,9,5,5.8788060559651925,1
23,79.85256205958859,9,7,3.388916865892141,1
50,33.10144425869655,12,6,2.6281515889083473,1
66,38.49793903766489,7,4,7.791645367511851,0
57,39.06156499786188,10,0,6.012314380230281,0
36,73.55939941793056,9,4,3.418039253398092,1
18,34.305444671650655,10,2,6.325089260032124,1
22,53.37951331583839,15,5,4.159561637817988,1
44,69.09408792833548,6,5,6.089534229011334,1
33,58.676681309071306,9,2,5.6281577367224465,0
23,65.17775031425411,13,1,1.0,0
57,38.68394577302483,12,3,5.216571424084606,0
30,71.89708746794489,15,2,4.6668933817579505,1
65,47.73576215048007,9,1,3.519352605952103,0
52,53.50760651204118,11,0,2.4719552905537685,0
36,64.75463455811972,14,4,4.564967926086096,1
29,62.06156443061696,10,1,4.294525241058076,0
33,60.47960038031186,11,3,6.302820266268808,1
60,44.98746356046489,5,3,4.709678990760173,0
27,54.00901177601616,5,7,5.177167706413273,1
42,60.04367181674072,14,3,5.654330387638901,1
37,32.4982953366583,10,3,4.0721750714931275,0
48,50.74934067373242,6,4,3.0072889079426437,0
21,67.75359758065693,7,3,9.426873860684365,1
61,34.45126792309315,13,3,4.844572364746664,0
40,83.1316330318848,7,3,4.5800036423195625,1
19,85.39226525199686,7,3,7.826944039306672,1
39,35.09698848079829,8,2,8.774258306865832,0
68,87.15239266100278,8,1,7.891401039387492,0
54,57.12836822575731,5,1,4.219330493766166,0
25,68.37029118314109,6,1,5.6945507641025594,0
24,50.06697895743507,7,1,6.169080019397984,0
31,78.46089654453525,9,2,9.473668086618755,1
20,68.12188037697334,7,6,5.84046291620657,1
67,43.71693486804793,9,5,5.929217170686682,0
33,36.69596000069423,5,3,2.973762314436128,0
36,30.793951295815546,8,7,2.4894225923931304,1
68,63.758835528655126,6,4,7.708779905435875,0
35,71.44942823559472,8,4,5.691636151942892,1
69,73.01931357558882,9,2,5.894561717490023,0
33,57.64037810785244,11,4,7.147198116694442,1
25,36.86007088671272,9,5,6.704612768230284,1
50,46.35850403952434,9,2,6.4435847480062804,0
66,83.04697277923852,8,3,6.271848580812142,0
29,50.30742870799837,9,4,5.277377941593582,1
28,62.868352613629526,12,2,5.418225798793561,1
22,38.48699032850225,8,6,6.832084900292497,1
44,66.7316609091807,8,4,3.123190866921897,0
29,50.846308766418446,12,3,2.89915999219409,0
34,80.93425427551527,11,3,5.163393913386166,1
23,75.47115412413626,12,2,5.2982659238583985,1
50,50.085881068502005,13,2,6.448919463135346,1
22,57.466719453046736,11,3,4.55540153496669,1
45,48.97767519918742,5,4,3.444174033644693,0
31,31.611336069099806,12,3,6.2035139832312485,1
22,42.85115140905567,12,5,7.693185738933627,1
50,63.9643465544164,11,0,5.73007739978629,0
67,66.50518996459164,11,7,2.0920695655230737,1
65,62.97095807185278,12,0,5.551101043197747,0
58,53.965338920827286,8,6,1.1372352611770453,0
36,78.66133211441971,14,3,4.917839102609114,1
39,61.27083809121875,10,3,1.0,0
22,74.06507656191894,9,1,4.139743317942681,0
19,24.524497355949627,10,4,6.02210339441623,1
47,15.0,10,5,4.429139023438802,0
64,65.6757605567616,8,4,7.297459159107879,1
56,31.504686925570212,8,2,5.438142672763086,0
21,55.75096594573888,5,4,2.7527167916901343,0
50,53.958059179507885,13,4,6.801337284294845,1
30,91.74801204831074,10,2,6.3784678283627105,1
37,67.99993105887214,8,5,7.547645371979196,1
24,63.317180535973456,8,2,6.419466422723851,1
32,76.73982309267348,13,8,5.939777746454942,1
40,67.36995173678078,13,2,3.014094584066043,0
31,50.846460140231336,10,1,6.626381640104623,0
40,81.4295186050912,6,5,4.707131783207341,1
36,37.804997442234516,11,5,6.612122808612558,1
46,66.46494375067124,10,2,9.460274706737879,1
37,29.048604117273776,10,4,7.413514849208771,1
46,64.0788771503199,12,5,5.570100229112198,1
41,63.85979283545859,9,2,5.146679745421886,0
35,93.52909923829326,15,2,4.164559311563788,1
27,28.700522131164412,10,2,1.0,0
58,47.982256482923745,8,4,5.092918787869479,0
25,76.45364853148288,7,2,3.9724344635155395,0
43,66.70634512794615,16,3,5.643806739524446,1
46,63.60610102675006,9,1,3.9674802618493654,0
27,40.87728594082921,10,2,5.44210991713766,0
34,48.183633038171415,9,3,7.492130533026202,1
19,84.90082016446513,8,6,5.31341075597017,1
23,58.969816124921444,10,3,2.8276708519600624,1
22,67.50719392288947,5,3,3.3384347764826554,0
45,57.69623342447042,10,3,6.381419508642368,1
58,36.3382896950047,13,2,6.506154272111095,0
22,78.67620852149993,13,2,3.256638205858035,1
35,70.06464769064992,12,6,4.9425509170788455,1
43,106.11273674734377,4,6,6.809361459514928,1
37,39.6883724069891,9,3,8.44153489633517,1
58,76.45145842400962,6,3,5.352844690369948,0
66,33.76912067925998,16,4,4.6018991995970016,0
44,63.146931353461554,11,4,4.260651422116142,1
66,79.5301317812633,12,5,5.286263087273604,1
29,18.557297678070263,8,2,7.778144176430431,0
24,55.90135051516784,16,1,5.289521611547385,1
20,48.735805319147595,9,4,5.99999513740317,1
27,45.960854034097565,9,1,2.1567542524170586,0
51,67.70425304518709,9,3,8.188772010076722,1
42,82.4137141284519,6,3,7.673718334666357,1
52,57.33442569541689,3,5,4.407735000733276,0
33,64.1097285512004,6,2,4.791303857268646,0
19,62.286175061184956,12,4,7.3587198442815005,1
41,60.03607012712828,5,3,10.89056723020349,1
27,38.213147245757874,7,2,1.6304369422677545,0
55,82.16889203445785,11,4,3.9781225595891523,1
39,65.90390736317671,8,3,4.211616105602229,0
43,67.89762980005155,8,2,7.081927388048836,1
60,43.86980741948835,11,1,5.708740200139397,0
56,50.815592040215186,11,0,3.97527359374922,0
44,56.477316045784434,10,0,2.1675256491614174,0
46,29.31750613102297,9,4,7.022601458915143,1
64,26.239313496046435,8,2,4.599495314495595,0
55,47.98504138722865,10,1,2.684215282671504,0
37,70.4504153288478,11,2,3.6356007076580905,0
44,46.93725220140118,13,1,4.149607225099769,0
58,39.62389604818573,13,7,4.40000979611876,1
37,43.706286935246595,15,3,2.9105529101506513,1
61,50.89315153709375,14,1,2.9357768673847193,0
36,52.922820743597924,5,2,9.739055889764291,1
37,103.31042904413113,11,1,5.659009716216739,1
52,81.09241256974636,10,6,4.177130734425085,1
64,80.49548224563456,12,2,5.755943399982287,1
19,83.37160728546763,13,8,5.321113216464605,1
47,40.02358261331901,10,0,3.1866877514284058,0
51,35.55270770025522,12,1,1.169117673240084,0
39,37.86259416931887,11,1,3.9382390642905816,0
20,86.69012266675676,9,1,4.634956692668059,1
23,49.056164222350176,5,3,4.7808851405119555,0
32,34.97287635521426,1,2,1.3371580028636978,0
44,51.38007599560374,7,5,9.960135502652882,1
27,55.227889365707455,15,2,9.805432340830524,1
26,65.36826547389124,11,3,5.889647496422086,1
50,65.01902041424086,3,2,5.050985834093752,0
49,43.43638872252984,12,6,3.870358128288019,1
65,73.71312785027422,14,6,6.157052840276304,1
23,47.21612932499684,5,4,4.765989190720065,0
58,56.87447326589914,3,7,7.504456898432785,1
53,73.7354814100671,11,1,6.828194678538818,0
19,47.163571921113174,13,4,3.2988520882606074,1
46,48.61297152837725,8,5,3.6245516952228707,0
21,71.83336099386261,9,2,6.939331987378552,1
18,42.845336467899614,12,3,6.389275284230983,1
36,52.304159527918586,15,2,2.773548895786931,0
43,71.11484356085785,14,4,4.085797954552657,1
42,101.0818488287195,12,0,4.692080377379976,1
27,72.10809009525494,11,5,4.926492806034452,1
32,69.45279525980024,9,2,4.856231741401842,1
39,70.61603167345459,14,1,6.798478687702994,1
68,38.536194518659016,7,1,5.29154823003457,0
65,62.31193477359816,12,2,5.161502660873892,0
38,59.404670233271965,13,1,3.48646553702452,0
39,66.43169080745513,8,6,5.335111093633667,1
53,62.330161049517415,6,4,4.942557868599048,0
51,67.59399354834225,8,2,4.040283177654794,0
47,53.77065610201597,9,3,2.698665972302711,0
42,61.17217834743585,4,4,7.553895484556467,1
62,35.44342867886016,12,2,8.559445063070896,0
45,53.601854439941725,9,3,5.489004310404474,0
18,87.81667096353287,11,2,7.869200558293004,1
66,66.37616679256512,13,2,5.459069358109016,0
62,59.581579252338464,15,3,2.2262779867198255,0
21,97.92246552508693,11,3,5.600588112081839,1
24,32.78330043397842,7,3,4.320990370941368,0
66,37.81088889107561,10,2,5.951694244798686,0
26,94.25422822552545,11,1,8.141582091489713,1
53,60.91921872097868,10,4,3.9865963719502613,0
36,55.148339274204126,3,0,5.77501158116183,0
18,36.01591349808714,8,5,6.722247606627363,1
27,68.95392532790024,11,5,7.708371987884647,1
53,70.88919739054924,15,0,6.971541280408188,1
26,38.11011278330207,7,2,2.7701233259691893,0
62,57.19448828899144,10,2,2.7677863906206417,0
63,53.28968335933868,13,2,6.529853977065433,0
59,65.11954292837542,9,3,4.230757320470486,0
49,37.614995155587124,10,2,3.03228610708077,0
49,85.03894909026315,7,4,7.376685258823095,1
23,78.31647563195209,11,4,4.260656756175942,1
65,52.73648882534368,4,1,8.260739935728616,0
55,55.67162576723258,7,3,4.119048647511227,0
34,57.27155699444768,7,3,3.5063741930197097,0
27,44.43382893986993,11,2,4.871293063677345,0
67,51.13141163529929,19,5,6.516538197501957,1
44,54.59459264650782,8,3,5.5858613058608935,0
67,92.25736741414256,14,4,8.783357491388273,1
52,78.93236616660873,7,3,5.343008542280536,0
69,78.69309414673248,7,3,4.646947650548209,0
38,67.39851226008781,9,6,8.018310004712834,1
42,37.65345982137531,10,0,6.19039170891334,0
45,59.170177908452416,10,4,4.172840177563591,1
64,79.4097691922676,9,4,5.477218038343145,1
32,34.83470741265424,17,0,5.436330325207023,0
21,72.73106413746528,7,1,4.589135557449353,0
46,106.45218450525533,8,1,5.3648320674322925,1
26,81.23633291979463,3,3,2.42477513292457,0
44,88.28058271123975,5,2,4.2879721312666295,0
43,64.36677500884322,11,3,5.862514265110246,1
36,79.3586389752998,14,0,3.9435048445951577,0
45,45.64293571291929,8,4,3.216919062661726,0
34,75.91727624682453,11,8,4.9187129396426075,1
60,73.08776268121527,11,7,4.054561472718234,1
58,65.79822348075326,12,3,2.3558215400853695,0
59,86.32014839436997,9,4,2.405750029158337,0
67,49.224303243052226,9,2,5.816159839655332,0
37,56.25884967052675,9,3,5.181133916734862,1
62,61.90924082716593,9,2,5.628061878140007,0
57,39.407780578211984,13,2,4.402707352969845,0
56,64.53863887600495,8,8,1.973183851041231,1
66,25.62139174092306,15,3,3.2517371822583074,0
40,80.93909068856419,15,0,4.356122982874151,1
64,60.93274733131931,15,5,5.872180035230944,1
49,49.58214192192473,4,2,1.502765435397249,0
69,43.31252775409757,8,2,1.0,0
64,55.30841940761625,10,3,7.897834490875844,1
50,73.76519421544828,5,9,6.19576065950808,1
63,70.95477957475121,16,2,3.2478362140832497,0
22,45.889241054430784,11,3,4.530651822963357,1
60,43.07920654744731,10,5,4.1575447446021565,0
65,73.13797412639295,12,1,5.579326374490488,0
51,45.55305190769941,9,3,3.985178052320779,0
57,61.19819548159007,12,3,2.7027993605331226,0
28,62.47509285048554,7,3,5.978625122518905,1
67,66.24124263453477,5,2,8.628792540654377,0
20,77.16540860363743,11,2,6.05957613977928,1
50,34.74074126265354,12,6,5.150148501109839,1
28,21.776813494790247,6,4,4.571479207908557,0
33,48.65105437543296,15,1,3.4225105899673918,0
35,96.03056815664372,7,4,4.1848739790008835,1
47,100.44348200174757,11,6,5.784682529127004,1
65,96.62354271131775,12,4,7.374464524963363,1
27,56.14037264478621,8,2,7.463787143087526,1
35,24.357698360303424,10,2,5.340742738313731,0
55,15.0,5,4,5.373593280968683,0
36,47.71923676901178,6,2,5.104433157996981,0
53,56.0385273970128,11,5,6.142022524781134,1
30,86.01250802111917,11,4,5.09618634474613,1
63,77.35610919084891,19,4,5.128937322951815,1
20,64.5481015798324,7,3,3.2795440291849984,0
27,42.203104581177165,11,1,3.2319586436305867,0
55,40.7844088351022,5,2,3.6177124440038506,0
18,65.08255374142871,6,4,5.479845622421513,1
44,73.94101957679453,17,3,4.387199892080113,1
63,67.83762524491169,12,4,10.1647563484629,1
25,39.3080408078669,13,1,5.775859944901852,1
68,73.01335257584172,7,5,8.14161519300435,1
63,68.51821934202823,10,0,7.969491337511082,0
59,38.586671876196434,6,5,5.849339658783905,0
34,44.313580593994885,8,2,4.918322532254833,0
26,73.76991949123133,15,2,3.202015355987853,1
23,55.30984929708218,12,2,3.7962712703839374,1
60,91.78294603272914,9,2,6.680737413980685,1
42,70.02258552129153,9,2,5.539297331284669,0
56,50.267376236214616,6,1,3.715100194375873,0
66,59.79588799218135,10,3,4.585158318757978,0
45,61.267667852754364,12,5,5.658901263323509,1
50,45.4321937351658,14,3,5.049616526210599,1
54,41.748236036447466,9,4,4.523661034781759,0
26,74.02779787619,11,0,4.890415034997113,0
35,76.9054659408419,14,2,1.0,0
38,72.07562939105918,10,5,5.036414444563118,1
19,90.30636188647604,10,1,2.8834322142393307,1
60,49.16453527976796,15,1,5.726951358328337,0
55,93.48541532142261,8,3,5.267923538624078,1
57,41.981577628916945,12,0,6.496812631824982,0
53,39.74628873263015,5,4,6.516372125046183,0
67,24.800822357014994,12,5,8.439292762480394,1
60,51.08409372346366,10,1,1.0337320167842754,0
54,49.925553263410926,13,3,4.747883678335535,0
32,70.51874560509302,5,3,1.0,0
45,64.87781883240902,12,3,5.981393165167724,1
35,36.140532579617265,9,5,4.665939567242553,1
51,52.14547523148365,16,1,4.0584778357695,0
39,52.57075957824629,4,5,5.534036996747978,0
28,24.48035506076215,7,6,2.8942892438281733,0
30,40.38106545973261,10,3,8.69569644374545,1
21,44.58372738771821,6,4,4.511166834104932,1
39,88.67250039641893,11,4,5.153066539810714,1
24,63.82901431914705,16,4,4.7429479259432314,1
60,73.24337507895,7,4,6.844819701123079,1
41,30.02729005701576,10,3,2.595590709785475,0
21,83.88428966027983,12,2,6.6564174819368995,1
45,86.02204126048186,12,2,3.962870667173086,1
32,20.033100657107482,12,4,3.9803333765596425,0
18,45.89366552168303,23,3,6.758785946325635,1
20,69.9153114603102,12,3,4.463594569759574,1
31,72.88776907076364,13,2,6.227563641629155,1
55,46.43010539025556,13,7,6.264907446363593,1
67,53.89001073892694,10,3,4.30172811123178,0
18,48.05237877909714,7,7,5.4658798269240085,1
55,62.20836093892239,11,2,4.032208144791311,0
55,83.94357062923825,11,1,4.960868652213563,0
38,44.57915685717591,9,4,5.947370895080023,1
65,80.01640995536829,19,1,3.086492559075037,0
46,44.36655855306225,11,3,5.880586447112952,0
22,43.04745575006231,10,5,5.635326640760001,1
66,76.37189236686427,11,2,2.0220009679230864,0
27,78.43872756015233,13,6,3.5078448776741222,1
45,77.02819873525308,14,1,3.617037496751275,0
38,33.68405183563718,11,3,4.111223341114174,0
67,50.68098043855898,11,3,3.08821766540569,0
24,76.45977184006642,8,2,6.8783191244446735,1
20,60.83083681127789,17,0,7.121071798375997,1
62,38.526143076050715,8,4,3.4242454448414033,0
64,69.16635878250884,9,4,2.6916599842523152,0
37,45.70385482017059,15,3,4.973322170727062,1
36,95.89049696784424,8,7,7.6603772736147935,1
52,90.89682924836517,8,1,9.308399763766221,1
21,72.08194852711135,11,5,3.6508420019389405,1
22,87.22013409539548,11,1,1.0,0
18,61.295827002467625,7,3,2.0250374110128733,0
21,75.30874988750031,13,3,1.4350823423970116,1
29,89.5544059060415,13,6,5.833679103690616,1
44,64.90997363588626,5,3,5.195055626055196,0
59,54.896256569714325,10,6,5.434381049695697,1
40,25.907560836457684,12,5,7.2518609159720935,1
42,58.33732948557012,7,1,8.257877801167526,0
38,76.46846369124623,6,1,6.685911603534342,0
69,78.9126685513526,12,2,6.470386584801542,1
41,70.08730131436819,14,1,2.0518834404178117,0
42,49.174018100755205,8,6,3.9828112614633655,1
62,20.46356862104819,12,5,7.7696431826148995,1
63,50.0956980399053,10,6,3.9006793248891283,1
49,53.91310257892097,4,1,7.211108733473656,0
49,53.741420656199715,10,2,5.246761532515804,0
22,72.3711271395585,4,0,6.5663718661776045,0
53,99.7135282202968,8,2,3.2563212977694507,0
63,62.47058403682186,12,3,6.526267867492999,1
59,55.66536421687077,12,5,3.7210450386320364,1
66,54.81556373991815,14,3,5.461091017969222,0
59,62.48769533815428,5,5,4.941805120725106,0
56,43.43412479303202,10,2,7.384076206032095,0
33,62.403971174921104,9,4,6.664145256853597,1
50,69.016246726636,12,2,1.468578793024916,0
66,64.19372127148976,12,4,3.379199726140527,0
38,69.15083868009563,11,1,3.7282153959072333,0
26,68.6749521869707,11,1,6.383478920432981,1
23,24.562066355071124,9,2,4.0092782790079395,0
68,72.73740316790807,11,3,2.82126956460513,0
62,46.579703086750925,11,3,2.2707052715501588,0
52,38.08321673992084,12,3,6.454707177416216,0
56,37.910963442900076,10,6,1.0,0
39,68.67083220945058,12,2,7.110274260574629,1
58,55.548501455502944,7,4,2.4261762121409,0
22,26.360624320291784,10,3,4.104564582757444,0
59,69.56075630384566,12,1,2.6629928607676363,0
40,31.207837384023453,7,2,3.1616868505618116,0
34,62.79642717036422,9,2,4.553167592190828,0
29,64.76997851346108,11,0,4.7265407943622435,0
40,77.7115416339009,5,0,1.9073088395206135,0
33,95.63369572933703,19,6,4.189260527213587,1
20,32.706473481989164,8,2,5.2064669012804075,0
47,58.95052287873901,13,3,5.935903609529758,1
39,54.473294099115655,7,1,1.0,0
26,68.67499371921924,10,7,4.04232124985449,1
46,64.31337541867236,13,3,1.0,0
64,52.9490751452676,8,2,3.983530538241239,0
54,51.18195622778289,15,2,4.139074401487109,0
40,37.670982896319046,10,3,6.258285126333406,0
30,79.75723164813019,18,4,6.9468509268563965,1
49,69.18408363199059,6,2,2.9564195809258145,0
63,78.35536395590275,13,4,5.588524744942829,1
69,53.79207727048973,6,3,6.310021768182963,0
64,46.86329062611139,14,4,3.5059016019256664,0
65,38.43369866741544,12,5,6.546010978608111,1
40,67.17835167481319,8,2,5.271934750901535,0
62,39.204135509435304,6,3,4.4530871997987616,0
34,96.973261379331,12,2,5.283524461518385,1
57,33.847148378131195,8,3,1.8395964326326801,0
38,65.47320238425004,15,2,5.280927849037927,1
19,91.33709414427572,13,3,3.3083932673423684,1
54,71.98179518527618,7,4,5.057656410846444,0
23,63.51347424983559,11,8,4.188360482141477,1
61,40.630327060762085,11,1,5.5767844266900095,0
35,32.36461622864592,10,3,7.383738739588668,1
47,75.40100217835172,10,3,5.254277844972205,1
39,90.12294481549893,11,3,7.000904765651331,1
50,51.22300019043657,10,2,2.9541571005799505,0
47,37.21876984767298,8,6,7.86735973539485,1
34,15.0,12,1,2.9745377489929488,0
60,40.384703126749244,10,3,2.4931232715531584,0
49,57.7268631500192,10,5,4.450339794312766,1
59,91.98246481673468,12,5,4.111080243937506,1
68,73.46267384465938,7,3,1.8360138300854087,0
31,66.10170809413506,12,3,2.7443118717623505,1
27,51.99760677397738,7,3,1.0,0
64,48.336685654880874,11,4,2.29756011690464,0
68,88.11295195015927,11,2,3.680319450884014,0
53,64.0147708151678,7,1,7.979695251717001,0
51,17.947986161579557,5,6,6.426080080576651,0
26,46.52920704205514,11,3,5.646999943677732,1
59,42.83567936456747,9,5,9.330575323117358,1
45,49.0747198164507,6,4,1.4151616716196114,0
28,71.25821320570171,16,3,4.864600727060131,1
31,57.851102364115015,7,3,9.070884736353772,1
56,58.46269185992676,4,2,3.9853137857718686,0
64,86.26946322650474,9,2,3.3444401708006155,0
36,46.07077820426623,9,2,6.634676238772926,0
32,97.28399051774699,12,2,3.8865619356524963,1
45,46.57384817257828,4,2,7.518600480653776,0
41,61.783963932251424,9,3,6.662981714445976,1
25,54.37592809194466,12,5,4.6190186929570185,1
60,62.468382670019224,13,3,6.9611456478444715,1
26,68.89183990146257,6,2,4.528904527304388,0
64,68.67670480177753,7,5,5.265424750831922,0
50,44.9376533875884,16,4,6.17048607236701,1
50,37.54170645104858,7,5,4.220926333029425,0
36,110.06343581811421,11,7,8.020577158425636,1
20,50.32031320798894,5,3,5.13997058175589,0
27,73.98424877343973,10,2,5.579295657834474,1
57,27.847173789536065,9,2,2.3672190317014397,0
64,54.40774560190646,11,4,3.710916127310818,0
59,57.45601232035114,7,3,5.325768173586428,0
18,69.45630139855665,11,2,6.737470479716682,1
46,15.0,9,3,7.825861674050685,0
67,63.32281226156661,14,9,2.8786401976225497,1
51,37.00517089264214,10,1,3.3467635058651792,0
68,66.48691422389848,15,5,2.5403017654892066,1
30,39.27341606323674,7,7,5.987225582078569,1
18,42.890346081488374,9,4,7.826658730757576,1
51,54.52744779213464,8,1,4.684053638098741,0
46,38.95341060793609,14,2,5.116748817851632,0
65,50.4893110652929,14,3,5.2650607208437945,0
64,36.13248462913369,7,9,4.061859731387294,1
30,23.336590966025447,5,2,2.5573834114925504,0
65,80.35914104858719,9,1,7.119925581087023,0
66,34.07902614352143,12,1,5.3085063803989,0
46,56.42638224784033,14,1,3.9036387869586697,0
56,75.0578216298757,16,1,11.010253608185115,1
41,47.70111794967914,10,7,4.994329223127889,1
43,43.49668200508924,9,2,1.5759595181751669,0
34,64.52476177334843,12,2,6.30961772667273,1
24,82.35867645454304,10,3,1.3169164064027914,1
30,36.61369469827062,6,2,5.932023704539952,0
22,56.99704335965122,11,5,5.878929013250966,1
43,25.35010810065345,13,2,7.759773627779399,1
66,52.1359799263562,9,3,2.9953822685995606,0
20,60.68409369076151,8,2,4.412675095397706,0
24,42.90750716489869,4,2,4.861851741658845,0
66,50.86016332349537,8,4,6.731511984643981,0
56,31.835464633850997,7,2,5.868485981605109,0
18,61.54157222762987,4,2,6.037585513620288,0
66,81.11388497766299,13,8,7.437651976162488,1
34,38.05712260459073,6,4,4.555700720840888,0
60,47.54656466895234,2,4,7.92545245905329,0
42,70.05092492908364,10,4,4.8233285124589855,1
20,84.24181438645472,13,2,6.790922208778263,1
32,30.136203755821374,11,6,4.008972219787284,1
46,56.624305251681015,7,1,6.190062182858317,0
60,65.6626164463905,12,5,7.31630228004625,1
49,57.95887218742304,10,2,2.8358553505980364,0
43,15.0,6,0,6.88869963082406,0
33,70.02180018617544,8,1,5.357511444895724,0
42,90.38672702181287,5,4,9.076791120420783,1
45,62.33323502339007,12,2,4.472213316022301,0
26,39.37787893411473,15,2,5.586988459658037,1
18,49.73745507271434,10,4,4.687853062378989,1
46,95.39826135311186,8,1,6.325682817213347,1
39,78.19925081721118,7,2,1.0,0
33,72.80053236768659,7,4,2.179241182403301,0
58,67.12825167068752,14,2,6.3371300664297205,1
68,46.77725775618055,10,3,5.053041359828135,0
61,55.98857638688463,9,3,1.0,0
68,58.44154528642968,10,4,3.7318701073096756,0
58,70.99148632128887,7,3,4.214336481071591,0
24,90.17837788533807,14,3,4.029810303554337,1
31,82.36676273586255,6,2,6.863111459899917,1
46,31.612312884079188,6,3,7.512720884882867,0
36,64.47989937802097,12,4,1.0,0
36,74.73526690335794,11,3,4.761036658972486,1
19,72.37720660289271,11,3,5.227496350692772,1
58,47.41532473225161,8,2,2.036741207776029,0
62,118.28218431536723,6,4,7.506233710261237,1
32,34.45830875337762,8,4,5.741966980980333,1
20,38.336231066679005,10,5,6.701026771704615,1
28,64.67190162523153,12,3,4.108417587922838,1
63,102.33606109927706,11,4,3.4421507421064073,1
47,43.27610298591658,12,2,3.8611497320694754,0
57,54.683432687060154,10,0,4.779937099469189,0
35,81.54587346031386,10,2,4.148985856800009,1
68,59.64275690224533,7,3,6.811112792697078,0
65,53.30792290939409,9,2,10.332087547652453,1
19,71.3126580377344,13,3,6.165121955145282,1
49,65.45035980459187,9,8,1.105510705695588,1
25,80.60877571273582,6,4,5.310144303225085,1
39,85.82937778130727,14,1,2.624402146346479,0
23,66.14006120010724,11,3,4.184654916859581,1
29,65.83465450756619,10,5,4.928760008559222,1
64,64.28221964572268,17,4,4.481716966722191,1
57,69.78261113298575,11,8,2.929905192536039,1
53,61.103412757429275,12,1,6.043879007397554,0
32,59.98783035355421,9,2,1.0122241327799824,0
45,83.93254241654485,16,3,5.772714036479701,1
69,90.32232360710086,11,4,3.195925886997188,0
66,29.848941107331584,13,2,5.557396744409081,0
62,60.20042303481138,13,3,2.3106279298819854,0
35,46.226111331095304,11,3,5.462983413918898,1
19,53.78057067027855,8,2,7.754626815161002,1
30,68.05032419470643,10,3,3.810622472943872,1
62,73.38876743084937,10,1,3.7667578531225687,0
32,57.7574711277731,9,0,5.864998942539934,0
37,21.733193305543942,14,2,5.422139088530804,0
46,40.69908838847641,11,2,2.236531676246705,0
59,77.92999340400331,11,5,7.215254251008742,1
46,15.0,7,2,6.617897902190806,0
20,83.74854303364,10,6,7.564181440862699,1
36,70.42459981289083,9,1,6.091802970745679,0
20,86.32352163060044,5,3,8.775620490968118,1
31,56.028616262380794,9,4,1.2547803735252891,0
57,18.771891519541903,12,3,8.047827497772204,0
21,68.60725283012997,10,2,4.220157250909697,1
69,85.49306248076682,16,0,3.912062041695133,0
28,78.49443611026842,8,3,3.5710953896375184,1
48,46.746170330239295,8,2,6.018700998391893,0
60,61.73522150925294,9,3,6.600486524819942,0
49,49.343274624401516,11,2,4.067313389527133,0
44,43.61467071621256,11,1,5.547156053897582,0
47,79.10777142359701,9,3,10.527686540185364,1
60,36.049353774696755,14,2,3.6602436205725724,0
19,42.12367138836775,11,2,4.211042834329016,0
66,37.919487330552286,7,5,7.839784642122124,0
26,30.195049534019066,13,4,1.8489749991963516,0
45,62.92828583685207,6,3,5.490231743178012,0
48,83.23006096963951,12,4,1.0,1
51,56.302464875094685,16,2,2.2409976390408857,0
32,29.88504398871667,8,3,2.619845581874976,0
65,76.79889079484056,9,2,3.246992915460438,0
42,93.71403508069943,15,0,2.505603674243379,0
53,47.07515351706811,12,0,5.4019661857261285,0
25,50.428914665645635,14,4,7.799689022509506,1
26,70.31321260166789,12,1,9.07811974252801,1
54,92.43747495570102,12,2,2.941159880766799,0
65,49.603317085495476,15,1,6.456854334248277,0
62,33.3510043800359,8,3,7.417008786710304,0
56,72.62837212544812,7,3,5.241844708480818,0
49,75.98136146284598,8,2,6.416982457873192,0
69,60.122629008704536,10,6,5.920083831590677,1
34,48.83733480685099,12,5,5.917065486183462,1
52,79.88757461984093,17,2,3.5267281436801374,1
54,70.56072009095928,11,5,1.0121353084543658,0
36,44.63128966193014,8,2,4.302619413167989,0
61,60.98189462611343,9,5,3.4662578461170925,0
46,32.96584935950707,10,7,4.444246249647872,1
24,73.7178091287584,6,5,6.9229024505964905,1
45,54.75532861234288,9,4,7.8713506087489,1
26,51.28578335230526,6,3,5.301462750751047,0
45,59.34251029695132,5,3,2.6319663908449433,0
23,60.806153986604954,11,2,4.221410180266878,1
46,77.8986012313112,13,1,3.455239305371919,0
34,71.82181062650443,4,3,5.247919096903879,0
33,56.87181442414395,8,3,4.066492919852336,0
40,75.27336299437991,8,3,6.805324549126332,1
48,68.01474507383226,6,1,3.3040906384195106,0
20,51.46800727427926,10,2,9.3668652647554,1
38,57.50563683527028,10,1,2.055270320443756,0
43,57.03554222313758,8,1,5.611433192782248,0
53,70.10522686348403,5,2,1.7789186665503673,0
59,52.659547705567164,5,4,7.095787698840763,0
54,52.19181627156733,5,3,5.093765725312253,0
39,99.37514618867917,13,4,5.411507597071874,1
59,78.79470963494208,8,7,3.2054869387340448,1
29,44.78798671149722,9,4,7.171902727445442,1
59,71.41881987884396,12,3,6.2856854647765275,1
30,62.36700131310354,12,2,3.9091695693072963,1
28,67.83102350520187,12,5,4.966886737625984,1
33,62.74682649130209,11,3,3.219354447451446,1
25,83.79285290970472,8,1,3.061703805030639,0
57,66.91240689302892,7,2,3.7693859396957654,0
57,58.75822603571425,7,2,4.452093747076586,0
62,80.84381153966035,15,1,5.003495226509747,0
19,64.66570082175744,8,5,4.911351733528571,1
47,62.429571586581154,9,1,3.269617718384949,0
47,66.28045204972229,9,2,6.518082744108401,0
29,58.12781953267267,10,1,7.179018284357129,1
27,60.18453985990938,11,2,6.827202109532495,1
61,48.26610822476255,13,2,6.412413996696593,0
28,44.976655607522424,13,0,1.0,0
32,40.02859227035121,10,4,3.003074486059418,0
33,32.16033426405848,13,3,2.0232090161164487,0
34,42.40565277230887,12,8,1.4547126906247367,1
43,56.514659310661486,13,6,7.287821167938166,1
19,62.06235164891274,7,4,8.39028166409279,1
67,54.57406873704719,6,2,5.015140589673712,0
29,15.0,11,5,5.942659849706807,1
68,91.49172715524685,7,4,4.2814253911074145,0
43,81.72960245780763,6,3,7.3393766508311185,1
40,68.91519702434258,8,4,5.560053252140291,1
35,98.14981345106537,6,3,3.9571609275790207,1
49,40.45271765032579,11,1,6.124593439636531,0
66,97.7525024125201,10,4,4.6367241565144,1
55,40.69571846498904,5,3,5.391168907727462,0
64,64.77475850582714,12,4,6.386660218373935,1
20,34.52325349731591,9,3,12.520310497150568,1
55,60.293881910887336,9,3,8.572429092193705,1
20,67.72332995996777,7,1,5.30003386622203,0
47,56.90619337730891,7,0,3.120538962933494,0
18,74.27754888180274,10,4,1.0,1
47,61.98028898974515,8,3,7.568489562038252,1
62,49.551705432449815,9,1,7.239642537411882,0
49,48.663733643953215,5,3,3.744076341886693,0
45,76.21827545231393,9,3,4.82482143779859,1
38,46.92515940386065,10,5,5.41600181148482,1
63,78.30805940969874,8,2,6.188137901319664,0
30,84.45423585663862,11,4,8.309013953136859,1
44,26.625722753077397,13,1,2.393887240849177,0
53,82.6585277460207,8,3,6.347305725625844,1
24,101.20845396889398,8,4,5.437648704243215,1
39,65.04007522403857,18,3,3.979727877143623,1
27,71.98168370589644,13,2,6.612921463834308,1
56,80.74010648738317,6,1,4.777407933775781,0
32,54.490353696419554,7,6,4.839190558989123,1
32,63.64560447075739,8,2,5.627580461558262,0
21,33.71600940753781,12,4,4.084049594631919,1
49,62.77270057060902,7,3,6.308791395993136,0
40,69.96223991289082,8,4,4.20529774278688,1
23,70.32326045852939,10,2,8.380286080471702,1
41,81.3084944719516,6,3,5.456667468910993,1
37,44.50395643728942,9,2,3.6599203747870037,0
54,49.347864866530074,15,8,5.617552959564374,1
37,97.9101469198271,16,4,6.979001274316657,1
29,56.993432524725804,12,3,1.849622140560537,0
50,64.00067574624656,15,3,7.534115521117723,1
45,58.65979916549558,15,5,5.6805740543308465,1
25,43.56638347389955,16,0,4.9392644237504095,0
18,92.47058421783612,7,2,3.627393716704172,1
54,49.445971761587884,6,4,5.694104858275066,0
39,37.4542895258614,8,3,3.232696259189744,0
23,50.98519445394497,10,2,1.021569767584944,0
38,19.96587996548933,15,0,3.573958579938857,0
49,46.97425070033636,14,2,4.454905864055925,0
52,40.637428042953466,21,2,6.226286389707463,1
32,72.34857261854648,12,3,4.56239193568781,1
22,46.53171520880255,7,4,2.709813050893286,0
63,77.75607871157698,8,4,3.677789544502091,0
67,87.96967986138642,11,3,5.04127980731,1
65,75.62350672575198,2,2,6.291194276167227,0
23,55.69223422279847,14,5,6.6263693883931625,1
42,62.82228993411186,10,4,2.276059687888955,0
63,29.50030119711881,12,2,5.102312857375295,0
57,57.32441254957521,13,1,6.547441119114425,0
46,42.791230638663336,16,2,3.2538685283405635,0
24,73.88652762298598,10,3,8.60043945085442,1
57,111.45504778488947,7,3,4.011023346679467,1
30,69.99643271947619,5,3,7.039921087697648,1
55,20.177197020906668,8,7,6.382337322442087,1
35,52.77539614171254,9,2,3.6244940076725225,0
19,62.44981850748909,7,1,5.032351335576233,0
25,61.747148505205274,12,3,7.728275744801008,1
28,45.38373748782494,4,1,3.9262437460540176,0
50,64.9058348527387,11,3,5.354552818446187,1
55,35.149983261612256,12,1,1.988673627940047,0
65,41.101825546298656,10,2,5.719173854433736,0
44,72.91595283207423,11,2,4.1909477904112356,0
37,39.686735382403484,13,4,6.047724069021225,1
29,70.76423210984514,15,2,3.3112493259035167,1
60,32.61072450687884,13,2,5.63944197598888,0
48,95.29651767583472,7,4,4.299504301083002,1
44,44.51460155191891,5,4,1.0,0
49,55.52666856393112,11,4,5.175729041058063,1
27,66.61226522180812,5,4,7.522152258801944,1
20,48.693000949978114,12,4,2.807122513106424,1
62,62.86811922142609,12,1,3.710879483415714,0
44,71.5071344904025,8,3,7.650694133480384,1
52,79.2122646500697,15,3,6.112965241851839,1
48,75.82994871945914,9,0,4.342160069823005,0
32,56.56379072394652,8,3,5.591526161494901,1
33,57.067364519127956,9,4,3.748659141871455,1
30,106.98217116050066,14,3,9.942941097491442,1
66,78.99778136498584,7,4,6.773734661824609,1
52,41.56352687359573,5,4,8.417614738662039,0
69,61.99976327531104,9,4,5.1838268724025935,0
28,53.29713722443615,12,1,2.4523294394988273,0
38,57.293315321537804,16,5,6.006677322196672,1
68,35.41009684583824,8,2,7.510224530663997,0
28,51.76153531228094,11,7,7.594267456906895,1
47,96.23111546387827,11,1,1.6246762410662754,0
65,71.58152601751006,18,2,5.422847300450746,1
52,15.0,12,2,1.8041767665338564,0
39,84.33446984995894,12,1,3.828193254517303,0
55,81.79259045818323,11,3,6.17084217714338,1
48,52.814293913871666,6,5,7.66277206053512,1
31,74.3452708756643,6,1,5.444967845281847,0
41,42.81201578365599,5,4,2.7045084621441124,0
67,50.59488567467285,7,4,6.198741536754916,0
66,89.97092721339708,14,3,3.2982571231032956,1
49,54.56539920260583,10,3,4.415357540872875,0
53,22.605366760900182,8,1,5.180881169695711,0
49,58.73393554437327,9,2,3.6602902754814415,0
32,58.42823214171286,8,4,6.272901716051884,1
60,83.9673713874692,7,1,6.504916511022788,0
52,60.2867284435152,9,5,7.056371880164177,1
20,51.56835377119415,12,5,7.85066486845661,1
33,80.90112290462412,8,2,4.713651527879912,1
22,62.4158046500222,14,1,2.546089494882564,0
38,44.99954636868566,9,5,2.7388959290705968,0
27,83.09995121083236,6,1,8.470318817201742,1
36,63.873235290335984,6,0,8.230579539203397,0
42,60.058519333588755,16,1,7.676731104626155,1
21,63.55816782823309,9,7,3.8289869514614763,1
46,38.58663257166806,13,2,8.376208677838981,1
36,49.44692447643325,12,2,4.660631819886113,0
60,60.071652036655664,15,5,5.686153166361869,1
19,56.1067260995064,10,2,6.652870817686946,1
27,85.4485676563319,10,6,7.522434092045678,1
60,64.34811705454007,8,4,6.082460134167404,1
42,77.09807845272805,9,4,7.750021262251577,1
37,60.18790709151699,15,3,5.026567889745596,1
65,81.12576967492245,12,4,4.594254000672414,1
36,67.95055513146308,9,5,4.359321149862482,1
40,60.2684097077692,11,1,2.7012533609217892,0
41,59.73433822081961,11,3,1.0,0
28,40.911227474180734,8,2,7.082850059302486,0
63,70.13831440272621,13,0,4.5317709957863626,0
51,59.19590530927242,10,0,6.486288609611535,0
45,49.96016079637591,11,2,6.196558242077838,0
22,82.12923541624143,4,2,5.316190915149494,0
22,34.99567948210398,10,4,6.888967070831763,1
68,51.55008209135132,11,3,7.14301072255955,0
38,80.55437497559066,7,2,3.096555745368363,0
29,66.31045881840507,5,2,8.06585894665416,1
67,59.042821446944856,12,5,6.728729551462991,1
21,65.02007086300293,10,3,3.248821598190056,1
66,63.58828342097683,10,1,3.7015592222265665,0
59,29.666749074281572,11,3,2.514263689867868,0
37,53.01476229304077,11,2,6.255616740335788,1
55,92.33043309027498,13,3,4.646295894990707,1
42,46.81351730445665,14,3,1.0,0
31,53.63397971791332,14,2,3.891383516693285,1
28,49.16758473381625,14,2,4.238171184770962,1
49,58.25969553363725,12,2,5.211346888117276,0
28,48.33754337351404,12,4,1.921648258693244,1
35,69.7348300431612,6,2,5.233302120841294,0
44,63.94626824580533,8,3,8.00146770879143,1
35,75.47095230214036,12,1,5.3740151174199315,1
40,38.98117667622079,10,3,6.178897928369082,0
28,53.193190342341936,10,5,8.126767825401995,1
38,55.4855473677573,5,2,4.810912959621011,0
61,69.1129382017719,9,1,4.74637116663293,0
22,44.13557605585931,11,3,5.68970553306313,1
40,78.31307608516688,13,3,3.2302908495820004,1
58,83.72831181035218,6,5,3.6108798062175484,0
42,40.22255304728832,11,4,1.0,0
58,50.182542102128686,7,2,9.576690507436776,0
27,49.361369834158154,11,3,6.661404306861528,1
39,112.64772409354997,9,3,3.105339056125507,1
36,51.401997895842264,10,3,7.047714356869266,1
18,93.5525088431227,10,2,3.3839072015381157,1
24,34.66736009786781,7,4,5.136111551777256,1
21,40.20698067671273,9,3,5.125969525437588,1
18,46.26790936303598,2,4,4.107648635424939,0
32,43.08621377106955,14,5,3.374342719277079,1
57,54.64202531683003,8,3,7.417095367912946,0
29,45.82443594557004,6,3,5.168992071949405,0
39,43.61316814530853,7,1,8.363865882883811,0
39,83.16943992946655,12,3,2.918095871450916,1
67,84.4758724502633,12,4,4.054367705457716,1
64,78.98592996750631,13,8,4.908636970039141,1
34,70.47997911168656,9,4,7.206421579456267,1
46,61.854861315591045,9,3,3.421575442162444,0
63,50.05938618668183,12,5,6.142584115792819,1
31,40.93684990489816,8,5,5.685834427200724,1
67,67.25991406865374,9,1,7.856891011240885,0
37,36.52739214906404,8,1,5.995945729741885,0
67,40.121581416492134,9,4,1.4073542049652779,0
65,83.0582651240962,9,5,2.9721712944927137,0
50,98.01298083444175,6,1,3.073456983770307,0
60,67.86590276332961,15,6,4.095016170005055,1
32,82.12914304589289,10,5,7.648789884659978,1
29,55.08303365112033,15,2,4.469624573460969,1
57,33.24651627824632,11,4,5.069064471261584,0
37,72.24343237237169,5,2,4.550092350095297,0
47,71.38578646540128,14,3,6.07768218683975,1
55,61.43337107760488,8,3,3.556301407896806,0
20,55.15249083789777,11,1,4.65880248062478,0
45,79.24421157162196,13,5,4.634600846078865,1
43,40.285339331450515,13,3,4.858166469212533,1
47,44.524388422186846,10,2,3.8684179402517307,0
30,39.83786986479144,5,5,2.32996368423081,0
30,61.699459252716544,14,0,6.86528625980607,1
19,38.24213975781483,7,1,4.767189269614734,0
54,46.31515638969513,10,3,7.257024168589741,1
66,45.88488875545604,13,3,5.958941111006955,0
55,54.787833353320835,6,3,6.029346297672019,0
19,30.252511071920463,6,4,7.261339860333235,1
53,61.74409984074534,11,2,10.195811642144186,1
43,84.94607301329356,12,4,7.607462427238073,1
28,62.70982744633524,5,6,6.772795324629639,1
25,90.82642289602641,10,4,5.584609709108083,1
61,86.6799637175385,8,2,7.517631475169921,1
57,75.55470094495709,6,1,3.506948440737463,0
60,61.49371685273771,17,1,6.1695060697426465,1
39,60.45000776490879,12,3,7.554422767076535,1
37,75.2759954472652,8,4,6.904780246024569,1
25,52.16658780991935,13,4,4.847618224130544,1
46,22.349584970650724,8,2,5.910864916454298,0
57,69.8400810820592,9,3,4.341693253550588,0
43,37.37862740130058,8,3,3.4635404102475227,0
47,40.757175436192306,9,2,7.901586890076469,0
34,60.00447895991576,8,2,4.131561196501476,0
37,58.097502448930605,11,3,4.114637533592092,1
69,31.758487873687393,11,8,4.158693907621297,1
33,63.309831282662806,7,7,3.6082031055932924,1
63,79.32279321722098,6,3,3.550545926004812,0
60,37.433168594684346,11,3,1.549491156861036,0
24,85.44966661697518,6,4,1.8957218744227937,1
33,28.79658349740112,10,3,4.6146823637026895,0
62,102.34648288741907,22,3,5.9128028986336725,1
64,51.774791390330336,13,2,1.6476350056218725,0
65,62.912339936537826,6,2,5.3637836056812365,0
44,22.159328550286602,4,5,7.566186423508055,0
40,58.75727867061383,10,3,4.056978912517634,0
41,64.56964355436384,7,0,3.021407789459759,0
26,58.27675791801011,7,3,4.879750257169114,1
52,48.738378458952525,7,3,6.038406520063079,0
68,41.0687096294437,8,1,3.881419293923274,0
37,82.61053239074622,10,4,6.905730382006125,1
54,60.616142699959,12,3,5.938641328930609,1
59,90.81504753033545,13,5,8.46208081269118,1
34,49.47035290410154,10,3,1.6371808415683429,0
64,51.30410613255566,13,4,2.1765667358913943,0
48,76.31188489192326,4,4,4.163103184270742,0
25,27.54050075992872,9,3,2.3218218619506326,0
32,35.73073279694154,11,1,8.147783983305228,1
48,81.94969942706328,12,5,5.465688113887207,1
47,36.561321415536106,5,2,4.340178798242917,0
63,23.618979693949044,11,1,8.10737960144468,0
37,97.37054376146182,13,1,5.585185725892316,1
56,32.12364704251589,7,1,4.582275679090682,0
29,63.68238796656339,10,8,3.4366689976893063,1
66,61.38170385448542,9,4,6.111622399198318,0
34,15.0,2,2,6.044444348816347,0
59,54.65365953664382,7,5,6.363659627527329,1
47,68.9682649895822,6,4,6.612334861929242,1
46,67.08618763037721,6,4,7.901130767232562,1
36,78.07041367607003,9,2,3.344055481622324,0
63,52.25017370189132,7,2,9.47355877186823,0
28,74.25008884184321,12,0,8.600065512166719,1
51,46.213418638398565,8,0,8.434501377625985,0
67,31.7906516717445,8,4,4.587600801908986,0
24,34.04543248637535,8,9,3.572041593041554,1
61,30.757790896091706,8,4,5.2098230425363585,0
51,80.19171935782387,11,6,5.566894481994297,1
37,29.70852981882887,7,2,6.714428406217912,0
67,65.48077681298606,11,2,4.671527681963215,0
55,54.68151611855134,8,2,6.842696476085125,0
41,57.94702853098737,15,3,4.305112762177396,1
27,87.27214590399399,9,5,5.095498380497971,1
49,51.23145265569453,11,3,6.445608876141872,1
69,72.23203123099367,7,2,5.243501912954523,0
32,60.751267027622234,11,3,3.6483209346480114,1
54,56.959621887346046,6,0,3.1961236169599303,0
37,105.99938248772946,8,2,7.1303298926231795,1
20,31.173165085692606,7,3,5.992524957773576,0
54,85.7826367087489,12,5,7.7746561909115055,1
57,73.12813130979944,13,1,7.290366319609667,1
25,50.40950010736432,12,1,4.436801429737236,0
57,92.58637034883225,14,5,7.013362458624184,1
61,23.037797752229267,8,2,5.704883574220914,0
40,49.56466685401857,12,1,4.772873433777798,0
57,35.83035591461848,17,1,10.299954204667957,1
28,68.2416692974292,6,1,9.691962082174925,1
63,37.73871797625645,14,4,6.300883147209431,1
25,68.66127893482638,14,3,3.300109715752508,1
46,56.27127168356892,13,6,4.043189929402259,1
47,50.41292114687831,11,7,3.916163063746219,1
27,67.7729449206662,10,3,6.628549951421915,1
56,54.62756752123872,18,3,5.768072007591135,1
45,38.227303138819224,10,2,4.3755336471238575,0
66,116.02745979269957,9,2,9.132628940973873,1
53,50.256656339417106,9,2,4.140587345200115,0
30,15.647818396959707,9,3,8.727346748205658,1
49,43.15802620557223,9,4,7.341618002261162,1
53,34.654466232545396,10,4,6.287975280208487,0
54,76.52291232081032,9,2,3.4422114193498885,0
43,66.43305319183172,7,0,8.208541235780565,0
39,67.97425603580689,7,3,8.945973186461808,1
21,52.59955068325512,11,4,5.472352328275399,1
48,54.41299505886157,9,4,7.495487926221912,1
35,52.58137792784663,6,1,5.196420810865725,0
55,58.37613631729061,12,5,8.010036282715582,1
41,76.7066687072967,7,6,3.1033505892036404,1
40,66.72150825010692,13,3,6.978725878052618,1
39,70.00225659241734,6,1,1.0,0
19,69.99117816498405,9,6,2.6603211980116477,1
48,77.68884874763475,10,3,2.8808298868739213,0
28,65.7630008308051,6,1,5.027478990931985,0
45,67.17696145357837,5,3,3.232382548552963,0
63,83.77612482386313,18,3,3.247617464187895,1
49,46.69908163993776,8,3,4.6413037441608305,0
22,42.885148400969854,10,2,4.744647558632036,0
55,36.28156801626288,8,5,2.6937491575135604,0
27,63.658291272405116,12,5,2.3138540195454795,1
57,22.925355175617533,12,4,3.2979341766399877,0
63,69.24308192119355,10,2,7.003945251869651,0
41,57.81613810998895,8,2,10.274007268494621,1
52,82.69279399642113,13,3,7.919122759388753,1
61,46.56165379070019,12,4,4.285647919397746,0
65,55.93363429164987,5,3,5.832591241616601,0
40,82.44406666586738,15,2,4.99680777534188,1
34,87.66271293556305,13,3,4.713970297051234,1
18,46.3969526849636,14,3,5.219354643517172,1
48,63.6356246517432,8,3,5.554344179441761,0
48,65.88837955368096,12,2,1.5076021680366787,0
59,67.47306811242296,7,2,3.7614787548979107,0
59,54.748486813687556,6,2,4.9149428708245475,0
51,85.6276679624727,8,2,9.768747332643514,1
26,22.205930327569092,8,3,6.27417493142436,0
39,51.57739530397832,5,6,7.2039580638634755,1
30,68.95861465545894,9,3,4.779478632276736,1
42,69.14449623898687,12,3,7.8779916921224835,1
65,87.05518061229526,14,5,5.568550670212282,1
35,83.96450786402573,10,5,6.651494573537445,1
68,54.28916749385552,8,3,5.35032036022211,0
29,85.9974248706121,7,5,6.104098563013553,1
57,45.7191651244509,11,6,4.048587907096648,1
34,78.61774765583675,10,1,8.659487374526915,1
32,96.21044956841986,17,1,4.036684720461702,1
59,84.29888213709938,8,2,3.1025510310125393,0
32,62.11540767048246,15,3,5.320681089257672,1
32,53.36442456455755,9,2,8.746249667148051,1
56,29.428174074814276,10,6,3.633747399861625,0
30,66.21079275828409,16,5,4.6378272813543004,1
34,37.69565544058162,8,3,5.512505079639984,0
49,44.13730672772127,13,1,2.351972076128744,0
26,36.18508398526657,6,1,2.248903246531142,0
57,50.7921533468669,9,3,7.25039676873915,0
37,59.440611710260356,14,4,5.151035848673916,1
43,65.4722916233141,16,1,2.8793784835746083,0
44,47.989867291720735,13,2,4.372721575733735,0
38,81.38567412790366,10,8,3.8813634937939723,1
35,55.83589484020068,16,0,5.015857760887899,0
30,44.245551334689615,7,5,5.393148739258071,1
33,64.52584534486873,10,2,1.0,0
26,99.27105667087632,13,2,7.668029521411048,1
29,66.70321133070236,11,4,5.14764454424142,1
61,52.74288745252786,17,3,3.723270045722753,1
55,29.45077287762592,6,3,6.7686605581205175,0
36,55.61175358055859,8,1,2.9310212848825627,0
24,64.69856250176231,11,6,4.371418082957196,1
52,52.2483821748886,20,6,2.566892368868476,1
65,26.69230723518001,9,4,6.488776388832617,0
35,42.98869220993132,11,6,7.387130696784722,1
33,89.09076921775515,9,2,5.768167102756852,1
56,88.68002007460922,9,2,4.621858548669881,0
21,42.26721661590804,5,1,2.4485589227279596,0
42,73.45513574398844,6,3,4.085243646641147,0
49,36.42854430459653,9,0,5.463547762277876,0
57,88.08632563989904,11,0,3.851001009527882,0
30,64.90471695788473,15,5,4.090148172131046,1
62,78.99282997233067,18,4,2.75565998275836,1
34,25.69813305634922,12,3,3.5133280781197325,0
66,73.55274203849777,13,1,2.066894921678484,0
54,59.84651872630993,8,3,5.553203039730186,0
23,77.03858141581685,11,5,5.099620490186103,1
36,78.297355961957,5,0,5.189016368152309,0
30,61.315693789494986,15,6,4.278783515434327,1
43,47.98340721808171,11,2,3.8186668137767255,0
31,75.59392364358989,5,3,4.404170519692197,0
48,58.796910011897445,7,8,4.147391734965783,1
21,42.54430092944715,12,4,5.306380021209046,1
56,41.59695537084629,6,5,8.665965822054561,1
25,30.456711673752366,6,4,4.621621022612541,0
42,49.79417680873873,12,4,3.81615859708777,1
30,82.05384092148756,13,2,4.50146355014747,1
49,63.55659599410868,6,4,4.0154433499432045,0
55,49.40464588153919,11,2,4.007509786261079,0
55,76.0971187636016,5,2,3.831293067296447,0
45,43.35046756553223,9,3,6.3700013188283195,0
47,61.90700548665557,8,2,6.344221653966767,0
20,56.40739254548969,8,2,6.8047383185871695,1
45,75.58261251176704,14,1,7.228167935360185,1
20,28.455432581609983,15,3,4.270814048221375,1
62,42.99604508370689,12,5,1.8645938092536172,0
51,27.23508681810933,8,4,8.939138831400264,1
33,54.8080655638146,9,3,1.0,0
39,84.2285500726486,12,5,4.316685272097288,1
49,49.89105580692946,7,1,2.1469345321933564,0
55,49.786321236086984,13,2,5.8056488443738425,0
25,77.43448848368273,9,6,3.0862658434378307,1
25,81.37099116910599,13,2,7.263228553973894,1
23,58.2285786546242,13,0,5.464933998496812,1
31,73.69429708099784,7,7,8.022822851185772,1
49,38.46090918244107,12,2,5.203157953286208,0
52,87.55948667850828,9,3,7.318557400982149,1
27,102.97412587874103,10,3,2.8287744443655543,1
20,70.42431582377449,9,5,6.970148177748963,1
29,18.313367573143992,9,4,4.729955422715249,0
66,48.835394752044316,6,1,5.475756915986681,0
48,72.25650643338642,9,3,6.855025855304002,1
46,51.57034005667275,11,1,5.773128030855383,0
22,85.44397108500195,9,2,3.418792528001495,1
69,71.76314528871731,7,3,4.021057878216,0
42,45.87048998468407,8,1,2.8846761527537788,0
58,60.645296215425056,9,3,6.430607546263886,0
48,42.12333558721819,9,3,4.308585973235624,0
38,56.348302431751165,7,3,4.102434575693435,0
37,48.90813519134896,10,3,5.405046216198352,1
56,83.49523600466077,4,5,4.526162027823786,0
39,102.3202411366199,10,5,7.337822535469877,1
21,31.376233335284958,14,2,6.570167029644256,1
30,21.535674275804958,8,2,6.44580271671521,0
62,55.09655156297229,10,5,4.1694994759133905,0
59,29.631686023426347,11,4,6.41963230724761,0
67,60.924232073418345,8,6,6.006808521211675,1
66,74.97872227611853,13,3,2.567557917600838,0
37,89.8828379453365,14,1,4.50770088222867,1
69,64.02789117430562,11,2,4.657394217022739,0
30,56.13689550300842,8,1,7.9909739249593645,1
34,20.432301668538315,13,3,4.160394692424778,0
53,60.52370298371597,13,4,5.964827013211312,1
50,61.425745210989234,10,6,7.601933600997783,1
18,72.7791362842549,10,1,3.1548920804338323,0
32,45.83023796941818,14,6,5.558813359192374,1
30,51.2989479952828,13,6,9.064927876014297,1
34,30.439954893916315,7,2,1.8624621582834577,0
41,15.0,4,5,3.7863470635044227,0
25,37.830058184064335,5,4,5.5458384811876416,0
67,28.59348371493967,12,5,5.728662979043843,0
44,66.73424590841222,6,2,5.3148202053231275,0
62,49.63731886666285,8,4,6.091428462736226,0
40,49.23525739850422,11,6,7.521913666913351,1
63,40.311739076495755,12,4,5.108493610007952,0
25,15.0,9,3,4.851512684421285,0
25,90.166214974951,15,0,6.18926355704567,1
43,39.99458954446423,9,0,8.979889489702057,0
64,51.75159860300186,9,2,6.199940643353475,0
30,30.90215669421379,10,1,7.077648264241624,0
56,79.43860686881268,9,3,1.8536167540465325,0
54,62.868578740746486,12,7,4.640812867644182,1
66,43.472694294682626,7,0,2.572698443507041,0
45,52.15540777311952,10,6,5.030453922692433,1
42,93.56359844249741,10,5,7.85389133425136,1
33,58.540611362374435,12,1,2.416448891427628,0
19,56.365329247681885,11,3,8.474238878709425,1
35,41.172370277214696,9,3,4.990752800799382,0
34,22.108376990553943,5,3,6.785535356122173,0
47,56.799226528413115,13,1,7.057609797077745,1
56,66.50970224649235,7,6,8.991059547945424,1
30,81.9916892865534,8,2,6.162214522449505,1
49,15.030069310006894,7,6,3.256282819159897,0
67,37.49807345953942,6,2,7.024914337530886,0
46,48.385178188870995,5,3,1.0,0
63,59.930383028535964,12,1,3.1853191279797377,0
47,57.09932616943155,15,2,3.838848502847214,0
35,57.56622628625461,8,5,1.0,0
30,68.16192117139889,7,3,8.368083230095714,1
60,41.934137784417814,8,3,7.658180063683747,0
38,78.68282884467389,5,4,5.902017648818704,1
47,68.66904883398962,7,2,6.95942589576485,0
38,53.603354717438414,4,0,5.732601580314472,0
65,92.01815983777831,8,3,6.727853355463766,1
34,91.12832071143534,9,4,7.5248150259193345,1
57,78.65790710387617,6,7,2.107659499093985,1
36,15.0,11,4,6.830760392536445,1
69,91.57890185435951,8,3,7.258390085145686,1
32,75.89517044943868,9,0,3.818928175636679,0
26,100.12817275425874,10,4,4.537791879191483,1
69,84.74929183467077,8,1,3.4494324787298343,0
27,91.5668535499457,8,8,5.622278968850907,1
61,77.57309700360759,7,2,5.781640386321514,0
48,86.97386397291024,12,3,5.391626854732253,1
40,99.8824748146888,15,6,3.4671607674558698,1
69,64.33109476756411,10,4,7.743570118418882,1
47,28.555389118437407,6,1,3.83636012923102,0
50,53.850781999697155,10,3,6.105294680597569,1
69,67.79891198766873,10,0,6.576988079023617,0
26,61.497751687431155,15,1,1.5769339608527488,0
64,35.06876067681147,6,7,5.6697738833954725,0
18,27.37864749610042,14,2,7.507202048443315,1
61,45.176746627303416,10,1,4.971699560451103,0
52,76.15479111968303,12,1,6.797967955960612,1
28,91.60679541645939,14,2,3.6438905277358566,1
51,78.33135227555402,10,1,7.108425453361718,1
33,81.14854574228272,8,3,2.7259795574759114,0
26,58.38368853672885,14,2,4.956265876892953,1
49,25.15835084588072,7,4,7.469817073187449,0
32,50.89558838234589,12,1,7.359189077273204,1
29,54.824711762552425,11,1,2.4005858276443304,0
50,50.058950263286356,8,3,4.571934027502374,0
62,61.093897307492526,6,4,3.801026733352643,0
31,68.82839519785901,14,4,7.359458097229083,1
25,77.06030376486996,10,2,4.851008994405072,1
25,54.43760271267332,8,1,5.2965793846200615,0
44,21.924811887108135,6,3,5.963689485605655,0
29,50.3424456141773,9,2,2.572292753550367,0
18,60.87420793983968,5,2,5.597963848471387,0
60,84.45615844266817,9,1,2.9796618324062294,0
57,48.64384315631789,11,6,4.020463959594301,1
59,70.25087256798804,8,0,4.113065176581274,0
68,65.80175799270864,11,2,5.968017886092153,0
28,60.878010662467766,13,3,3.4142792044248083,1
56,78.61066638649183,7,4,4.050952053672113,0
60,46.783176064948385,12,3,5.648063642116064,0
48,48.49627100712967,11,2,7.770609582887637,1
34,59.76198353811544,14,3,5.875222388088522,1
50,47.197069898126,6,6,7.261204090306462,1
49,70.16024582109199,12,4,1.0,0
46,45.736153912677345,15,3,7.870367624495248,1
38,64.52608415490269,11,5,3.2853014793105295,1
38,57.99654462426487,7,2,3.782425883479544,0
57,64.29851929553412,15,0,8.882898561683866,1
40,50.80517209873922,6,5,5.340623761197925,1
23,53.21823410946346,5,2,3.5003083995044975,0
39,61.920185359941,8,5,3.776500717632135,1
67,64.04149012322625,11,1,2.233659084039661,0
55,59.91596169217688,12,8,5.029209085437,1
54,94.10724713026168,1,1,4.328032726712974,0
62,40.18526162517432,8,8,6.338890189359974,1
68,58.71592410094573,8,4,8.437907777966505,1
25,28.52741955766031,12,5,2.492243348599916,1
58,67.44162957334773,10,1,6.191907325093165,0
66,37.69506927246372,8,0,1.933529753937841,0
52,54.433794882468476,15,2,5.8695838721933935,1
68,52.55871349337348,11,1,2.653227965583218,0
28,65.61782253202342,7,2,2.3067846643942786,0
41,48.9441816490964,15,2,10.10115806014818,1
66,48.09388604612035,11,6,9.295880733887582,1
38,88.71712928171796,5,7,3.584056122597426,1
68,65.69133580949052,9,2,8.804281662554937,0
19,48.77898295955464,7,1,4.920875737459469,0
57,54.983326563775385,6,3,2.2582603694813352,0
36,92.9070990454149,12,2,6.298829749842855,1
56,55.29670243497806,9,2,6.898491736872903,0
45,46.21446753695224,13,2,6.50486514264149,1
34,46.300076997472146,6,2,1.620316430003339,0
23,49.01747038020845,10,2,2.713703999480279,0
36,48.110045551465554,16,4,6.874117568530085,1
55,34.40704303301514,12,5,2.695541106766241,0
45,37.515998061060436,12,2,7.036521821941031,0
19,43.4135925127726,14,1,4.27427228567103,1
55,71.83142036906196,10,1,1.7108872297475592,0
54,52.37525425454253,8,5,2.36205965308029,0
68,55.8567662181192,10,0,5.9081796554152985,0
69,85.40176050509794,9,6,6.0037196595616305,1
21,85.90014299876836,9,4,8.12369425276659,1
39,54.3575011372453,7,6,5.03996486723499,1
43,47.38272978633182,4,3,4.60133796271804,0
66,42.711393726529245,10,2,8.595123825508402,0
60,73.85551539416475,16,4,3.32120146783359,1
53,55.90585532955424,13,2,4.433395599148008,0
30,52.2701021935442,14,4,5.949586406221224,1
69,43.72670849724895,6,5,3.208579352763678,0
49,44.60667181977223,10,3,5.893213144089735,0
34,66.40116382986488,8,3,5.008803112075257,1
58,33.69123468225476,13,1,7.270339086873086,0
53,79.89737387575877,11,1,4.164134371968206,0
63,49.32310712370163,9,5,3.7226739254636794,0
36,57.00728111496415,6,4,8.837917614495394,1
52,33.26044083718891,9,1,6.702987665297509,0
63,59.75268123515271,6,5,7.17264033589751,1
57,53.4335811461888,10,1,6.6711046943309995,0
45,58.998388022870664,13,5,3.652039156897733,1
18,89.43417796723782,10,3,3.080550037916235,1
59,63.553960915804794,9,3,3.1017843940070815,0
35,44.106816317083926,10,8,3.8491333029225556,1
65,45.773601789068636,13,4,7.400375346414487,1
57,71.90262371827538,5,2,4.948645936656266,0
50,85.97386581986848,9,1,6.879794300747841,1
29,65.638360415021,6,4,6.646503037273961,1
25,73.7742548910954,8,4,8.204708863158409,1
41,72.1947544667341,14,4,6.602912284040114,1
33,88.38128826715042,6,1,5.425856546986494,0
67,21.008196545479343,4,5,2.402474586128828,0
21,73.34437878609057,8,5,8.882557286647142,1
55,79.67472087807127,10,4,7.129440523098014,1
61,33.22552587728853,12,3,5.848385928342172,0
44,42.286636319871675,14,3,5.425071581923462,1
26,42.98434502743693,10,2,1.4390049056311804,0
64,45.42419607245233,9,6,5.843846874071369,1
33,50.365658981289485,10,1,3.9395330682782745,0
29,64.85205626109882,11,7,1.7201952149225286,1
48,77.31349302334739,13,4,4.031577262495672,1
41,81.62633915537073,5,4,5.481999226896643,1
31,43.243538776644364,12,3,5.746956508807996,1
62,43.10594002594034,13,2,2.6433395297980007,0
42,86.31643680032445,11,2,2.275830293778247,0
51,72.93487870837289,11,2,4.39433111177952,0
20,61.657296837379924,9,5,6.141483964773531,1
41,69.46673351109933,8,8,3.4141292408594337,1
59,59.40392436297119,11,2,4.111136231467312,0
26,70.4916936609523,10,4,5.376511395617239,1
43,53.27866606988519,15,5,3.359043676094667,1
37,65.37609868878462,10,1,1.0,0
57,29.789078992610072,10,5,5.621461766766083,0
27,46.24431410349138,9,5,1.506588651630024,0
36,46.459776464193126,7,2,5.6603136481004945,0
20,52.512199335861716,5,2,4.558005518283163,0
41,41.46973490440504,5,1,4.542461971974419,0
22,49.329127483538365,8,4,2.7941782416397998,0
20,29.711718752037587,3,4,4.336026408440325,0
44,70.974009527898,9,4,3.2427190627615765,1
33,58.34972962177211,8,4,10.695788180274285,1
66,25.89584784447966,9,2,3.3922616608139204,0
32,43.30340178906654,8,4,7.077065123679615,1
52,66.73202855124333,10,3,3.8695904623482344,0
29,49.13956107228421,6,2,5.4862401467218564,0
58,46.06117079723806,13,2,5.01522158783134,0
61,58.50814645983847,10,2,4.669212302431386,0
43,66.87195070356432,12,3,4.6064757338689875,1
64,31.272950859216788,11,1,5.494990589321933,0
51,71.00256962435759,8,4,7.752854769834785,1
40,43.99413436785247,15,4,2.7375268684897276,1
48,59.641440635004024,6,7,1.4635201458211666,0
67,59.29159718616981,9,5,3.3391534899892914,0
37,49.458677635204516,8,2,5.255761964478934,0
29,39.52680507738571,15,6,4.408345499134894,1
40,54.28626903815473,9,8,8.084022369788382,1
21,92.5066061815039,12,5,7.839541329915243,1
40,32.76649939072738,13,0,4.090681898231834,0
65,93.84626038209751,14,1,8.0898371800546,1
65,54.80557657846935,7,5,5.841207628069707,0
18,60.70742834177278,10,2,3.542376159572298,1
42,38.265783772305454,15,1,4.760506682508715,0
19,44.57461166645038,12,2,4.6137452247139175,1
47,49.94180699923962,14,4,3.5280170608434305,1
20,39.08610058244176,6,3,3.7321018203726704,0
38,55.82164085258256,13,1,5.9028012220441965,1
42,51.859682163864576,12,5,4.200251961378971,1
37,97.01562284871467,9,7,4.434445882928292,1
66,36.68051628639078,11,5,4.585579031012746,0
69,62.05381033497174,7,2,4.663689940669336,0
39,64.9569256380365,7,0,6.841370148199998,0
38,38.59358902696325,9,2,3.347100129385927,0
50,73.73654990905678,6,3,5.460776598266851,0
69,52.03345974236744,12,1,1.9738724228642064,0
55,15.0,10,5,3.9565882575017843,0
32,73.1969922420913,16,7,2.385066691830212,1
63,37.66118231795272,9,3,8.235933910242158,0
69,39.044501077218015,10,1,5.267782072402115,0
32,73.75804165784797,8,1,4.148360315316938,0
63,53.056770351631,7,5,1.5262518333186694,0
42,78.35544301103,9,2,2.321230164380287,0
38,84.20332190730637,14,3,6.703259675688974,1
41,47.101430793554044,3,5,5.709336022491668,0
22,75.86524991910062,8,4,2.1180745193206842,1
23,44.89078397214236,13,3,2.1273344520492605,0
66,104.66231834264353,11,2,8.696004017696533,1
60,46.1408599093757,17,2,7.710538943312896,1
65,80.52174881920008,6,2,5.590697374375357,0
61,76.87580051763152,11,0,5.232105727991137,0
64,66.32175644217868,15,2,4.6639173787055554,0
40,46.58913677166634,12,3,2.4850073256375445,0
21,56.972050161171815,10,8,6.720743220991681,1
44,16.92823774110896,12,4,4.60901333922812,0
35,64.488400767645,13,2,6.460601555440802,1
38,66.9923066205677,10,4,4.191565066651986,1
45,62.66998838122743,11,1,5.72602005478505,0
52,15.0,11,3,4.039491275441764,0
39,34.68727109820378,11,1,5.139029756949385,0
57,45.03818034302675,14,2,6.594865645657497,0
40,65.83317866378093,8,6,3.9295129708020315,1
20,65.7867781128597,12,2,9.039186138486766,1
57,56.59552416057642,8,6,3.8440647933381085,1
67,72.70491073207913,7,7,5.2728953994603565,1
27,39.475152493942005,11,4,7.764163415621338,1
42,72.20470011387992,9,4,7.90056018863588,1
69,69.49484209679783,12,1,5.934667325666472,0
66,67.55109465675821,8,3,5.537747471845254,0
25,56.35919137828688,12,3,5.138010248976445,1
28,96.61487649662524,14,4,7.712717453637936,1
22,69.86391376979758,11,5,6.914542158173413,1
62,40.63328273492883,9,3,7.179201145595726,0
54,64.96610951471969,12,4,8.268944443218716,1
62,75.04966754148437,5,10,5.915943610965112,1
55,48.237828021513806,10,4,4.1860651680730765,0
46,81.78544493862198,12,2,5.702559968637127,1
22,67.64067411432022,5,2,5.112225427758561,0
26,15.0,6,1,4.6218619191773564,0
65,65.99343954675852,12,0,4.19139678281322,0
19,51.87941691174569,17,3,6.095391866501374,1
18,70.74359629083472,9,2,6.275163123773552,1
57,78.88429680503629,14,4,3.6079776590736,1
68,63.90324094283636,7,3,5.631980622373167,0
47,93.30504467889392,12,5,8.246527541123639,1
28,56.42586230873009,9,2,3.506964474469968,0
45,72.49635646107751,6,9,7.737981509028176,1
61,76.09885147274694,9,6,3.2509619043495475,1
29,58.053080622145345,7,4,5.722639563666089,1
56,75.57548615955565,8,3,1.4379810926670955,0
43,48.106540256756624,7,2,6.27958587295397,0
30,51.54863161957563,10,3,4.55839446833798,1
25,33.75022619327375,11,2,1.5103762943055306,0
45,64.82818232740094,11,2,4.057614994035238,0
47,66.50503351708689,12,3,8.532384575026057,1
26,83.58526317158459,9,4,6.139860507406167,1
56,75.82280008711767,11,3,5.225976438856092,1
48,54.304088867051334,16,3,6.060671834029333,1
38,36.43640625331446,7,0,7.019703342072374,0
64,68.65700805039948,11,4,8.047302210953182,1
51,82.21506344829284,11,4,4.418014096746411,1
48,75.10369947607887,5,2,6.185651209774652,0
69,81.68955049714575,3,4,5.950141299012999,0
42,55.76220937603515,13,4,5.213304980742991,1
29,50.66762063648709,11,2,4.6270706103529795,0
18,45.26197295536402,13,2,8.208010125751386,1
39,58.88207066772809,7,2,5.526069819434924,0
57,58.42818408062361,6,4,2.5652050931721053,0
54,64.13355257078233,13,3,1.0,0
64,57.41405085928984,9,4,6.908351544599143,1
18,57.32744540546457,6,3,4.139349845691527,0
18,44.46611894055712,10,5,4.69561278594125,1
59,78.83238027102982,5,3,5.815687890314548,0
59,61.53036124487423,16,4,9.921624940842062,1
38,56.51112131429436,10,1,7.707497385513607,1
32,45.051414935015906,6,2,4.5465979638301155,0
34,33.36173779217828,7,1,6.4614546799620785,0
39,86.15928385098687,12,6,3.7953829605169367,1
55,71.09277416263615,8,4,6.547717932803111,1
52,27.52164314860066,13,1,3.354691089218476,0
62,75.26284601419314,12,0,5.365249964236074,0
33,78.44962340466219,11,5,5.431923553368824,1
25,62.48752244601859,11,2,2.8968763777874114,0
64,91.96221791503518,10,2,3.8229851824975594,0
34,64.33439284245766,11,4,1.0,0
34,31.663529441016202,4,4,4.241548933988095,0
43,67.30338002096642,9,2,7.231144686859544,1
30,64.89794603425459,11,3,8.997813782398303,1
34,47.9340630244369,6,5,7.983340305366743,1
55,71.4711767375485,18,1,4.228583565847559,1
34,26.64669467618276,15,3,4.986247426459456,1
65,79.81133654885579,11,7,4.857542019735914,1
31,42.437565927890944,12,1,4.580974205998238,0
62,40.30107749765935,10,5,6.948638004949556,1
23,57.72350455385046,6,2,3.897113236312902,0
52,68.65945856087271,14,0,7.904794515922875,1
63,63.27848127186859,9,1,5.277486529882658,0
31,45.146816684552434,14,3,2.668091736165475,1
64,49.87821417616223,14,2,4.80557874687369,0
25,37.33915305245076,7,3,5.958041262893198,0
32,55.506401967402596,10,4,6.953862910095054,1
44,81.50042429021819,6,2,6.508453709770578,0
30,59.91474124712248,11,2,4.367520356048097,1
66,77.18828509518906,10,2,3.963101166175552,0
48,89.10802675452383,12,0,8.460937068131226,1
52,48.23962961926066,11,3,5.053064720662159,0
23,56.26853493889271,8,4,2.7327074609069695,1
22,103.4238572212499,12,6,3.829173155181504,1
39,88.8868682395989,11,6,1.0758753971612234,1
66,26.55190948375295,6,5,1.7423645889842403,0
40,67.74296632121813,18,4,3.9404066274999052,1
42,60.01119984679391,9,3,3.408566988636088,0
51,76.52906221717525,8,4,3.6268735599207655,0
43,45.10042465029889,12,3,6.540482915571419,1
64,43.207832559186556,12,4,6.748201470910445,1
22,46.47858569412781,10,2,2.670705589408921,0
43,48.561429076031345,13,2,8.783077996843838,1
37,76.30648333618029,14,0,5.201292895860342,1
23,36.375976537022396,11,1,5.015581263502358,0
23,47.54772200081362,7,2,3.416136008617932,0
67,24.219752189971175,7,3,4.399304900133542,0
35,80.14235646824746,8,1,9.057215378605632,1
21,85.4206019886228,14,2,2.8374937519549848,1
34,53.458531382724274,11,2,5.534616696811717,1
31,54.04101270373554,9,1,3.915133466605675,0
31,69.06443804565795,12,4,1.380673953049544,1
30,89.48964014756511,8,5,1.9282645471843511,1
24,68.17221495127835,11,2,6.2213790219807725,1
61,46.04916115049771,7,4,1.5547057726569324,0
32,27.62354856027119,7,5,2.530161007543184,0
36,37.69747474673025,11,3,6.643765216515858,1
60,61.4643890062493,11,1,6.402271524046295,0
64,46.89344953598411,7,0,5.117218727338816,0
61,63.89935411981517,4,4,2.6438488421706343,0
52,48.941519675275316,11,6,2.6365057991668666,1
34,38.83707137411177,13,1,2.3519950219847545,0
52,36.45936737093858,6,4,4.732623160538224,0
36,91.2470901874646,5,4,6.282305197280772,1
37,77.77975498367286,9,5,4.151763970064918,1
53,94.61035903655917,13,3,6.769605946845178,1
52,70.79901801510206,14,2,8.220083736341275,1
49,51.40017182770322,9,0,5.782188727906513,0
65,86.46681844979875,11,6,2.4932677553341938,1
61,59.33863997276464,11,2,5.171972186090243,0
57,64.41683540580705,8,4,7.7070511944238,1
41,59.14351241848962,13,1,3.7381389138927936,0
34,15.0,11,3,3.6843577971447776,0
24,92.09470024589706,13,0,7.279733620316565,1
60,69.82007891915507,8,3,2.1279741459964905,0
67,66.5964612173702,10,3,5.396906872373942,0
18,58.76447875458879,14,3,3.7647751166990293,1
52,63.26855640772262,4,3,4.134354953317461,0
49,48.054421283075044,11,4,8.406691424538211,1
53,72.33158704614542,6,2,4.038229755002151,0
30,33.85803311201735,17,2,5.243183826903332,1
23,63.721368649410934,11,5,7.062947126073425,1
31,71.2314694114221,9,1,2.4357308413875995,0
54,56.02661732354194,11,4,6.671938486320016,1
65,67.41735584942049,10,3,4.103722152539693,0
32,40.173312155314996,7,2,2.439622031835576,0
64,40.68346458208072,4,2,4.015288450921199,0
21,64.73434242052787,15,2,5.124365145359703,1
57,73.57099309242103,5,3,5.480261016437302,0
33,22.50268688996578,14,2,3.501967098111677,0
45,70.44041270221533,7,3,4.567912443210458,0
33,49.13596999247326,12,1,2.214405751586036,0
21,56.14387825385175,15,3,3.584435426242064,1
62,33.20964152869926,7,4,2.2760017577209406,0
43,42.96765519626584,6,4,4.841442124152476,0
45,79.32250651060622,7,7,3.324996429977219,1
49,60.657267479604265,4,2,9.149423803386036,0
62,52.34443196580883,6,1,5.765837026084669,0
19,57.670232947379304,8,6,1.747448255919339,1
48,69.78423649328602,13,3,3.507452624746403,1
20,68.80988992326675,12,1,6.404910599008074,1
25,58.49945999206398,7,2,5.489193809232219,0
41,81.85918221793337,8,2,1.8579023102293584,0
32,79.40925273813332,6,4,3.425495554460994,1
60,68.26744058260792,7,0,6.286582466526568,0
48,61.09223565820141,10,4,5.742468258016979,1
26,73.14642190239078,7,3,6.152378555104191,1
56,66.28534843602367,8,1,4.440002801723296,0
62,81.21600143611894,7,3,3.2868421739815092,0
19,77.99122753476615,11,6,2.447958438452588,1
25,39.634921971645426,14,4,6.899162021070854,1
24,38.28073658516587,13,2,8.887132408834859,1
61,45.975009111918475,9,2,5.55401013256268,0
68,79.52277380133842,10,1,6.871581107240569,0
56,28.473820064575087,6,4,3.4020203853279956,0
59,67.89514778215987,7,3,4.958291806922641,0
33,67.25086182185923,11,4,4.874086983071485,1
52,83.25296117372386,11,5,5.769940167131773,1
47,63.60677381327775,10,5,5.155247006895832,1
27,33.135812188321985,7,2,10.554134897380674,1
55,40.81290078703754,11,2,6.5992497448895096,0
35,36.360089562043505,16,4,7.598590491110166,1
67,49.24112067333719,16,6,5.541657520786512,1
22,56.34196865152146,12,6,1.0,1
46,36.69116947557886,7,0,5.896632406484395,0
56,89.41323981304578,9,2,7.190511155875537,1
51,33.49437256095118,6,5,7.786922960714917,1
60,86.92206847724961,10,0,4.865558870193395,0
62,83.70326062878681,11,5,2.1295910552701334,1
40,77.9660509937807,6,3,4.421438505762319,0
22,46.124667850064995,9,2,2.100319620697262,0
47,66.84901758353803,8,4,7.574271409862858,1
23,34.452577328987644,5,4,5.907726807631371,0
63,78.21814070067498,11,3,3.9751204086783107,0
61,58.52030436927462,13,3,6.484255977982679,1
21,51.81359570826629,11,1,7.938271963840155,1
46,35.525103066874614,15,5,6.568319270178252,1
40,15.0,9,1,8.999371445417454,0
23,39.22918285928488,4,2,3.2289413315728304,0
49,82.25596391225812,15,0,6.9459918366653035,1
59,51.94333143050392,5,0,2.0817802728795636,0
35,56.61342285769906,11,5,8.787808334904819,1
32,73.11108716576905,10,2,6.4561874666476555,1
57,96.1133775623253,11,2,4.253054339945757,1
49,86.50009309891277,7,6,2.6885189314803815,1
26,40.553299923676235,11,3,3.9201440152726144,0
54,21.14858857125187,8,1,4.481018372420273,0
27,107.19228518200208,11,3,5.432332872351602,1
37,105.37983223318906,8,3,4.965935834072447,1
23,63.76907192858565,8,2,3.732833637330846,0
65,34.59023508836357,14,1,7.314905333156688,0
20,79.26453067787878,10,2,1.6015178288539107,0
59,57.8403262797478,12,4,6.146590870347903,1
28,57.74037753786779,12,3,5.371445172428597,1
60,77.88917686210257,5,5,4.986014287598976,0
34,66.68749493746597,13,5,6.260254735337131,1
49,36.2837017797011,8,2,3.664482944693826,0
21,53.50516129836052,11,4,3.4605069721305197,1
21,73.22305857322694,6,2,4.420875990190423,0
34,70.20504444810037,11,4,3.946852199477523,1
58,65.24033148716951,8,2,4.526043000627482,0
36,78.66845908951728,5,3,6.44005121913573,1
22,52.76566024365471,19,2,5.220847976272814,1
49,63.57339550438144,4,4,5.059438463988799,0
39,15.0,9,1,5.462463805989419,0
23,51.00699612314372,7,0,4.339561166021592,0
52,75.27805817151288,6,1,6.8069272179179565,0
39,52.19211065765715,13,2,6.130973810753364,1
18,50.67545216565776,5,2,5.01111651225731,0
37,39.17094096450363,11,6,2.734952908955201,1
39,80.06731785458291,10,6,7.618710619723611,1
65,70.96926547081141,10,5,6.329078948217135,1
28,76.5082919564617,9,7,6.134232922442568,1
30,25.475720760842208,14,2,8.398430803382054,1
59,56.79099913468732,11,6,6.390959900634532,1
20,54.397779844999874,12,1,4.902909573868644,1
26,54.38856586802895,9,4,3.978693775990126,1
29,47.679449125640886,15,6,3.9007657370094444,1
40,53.07791456439969,13,7,5.551415703909302,1
31,76.99289565413304,7,2,6.9333430628510015,1
50,21.74297293304341,12,3,6.95588756265499,0
35,95.54589536060908,2,3,2.239060265672086,0
66,69.67682250052923,7,3,6.849151214713726,0
58,59.153362086795745,7,3,4.40735814366034,0
26,78.13668292745852,9,0,3.823265222512629,0
40,30.9633050966313,16,5,5.732106530405202,1
27,46.70598189697972,9,4,6.575356545739032,1
36,57.57849135218892,10,3,2.533559660703574,0
64,87.31120740864355,10,3,5.434748896415223,1
22,59.07006837746884,11,1,1.7575783981269124,0
64,69.00109342370293,7,8,6.583824861071085,1
69,48.208420081277445,9,3,2.780829902085641,0
40,69.73684137934981,13,3,5.381493793072948,1
47,93.54479185948914,4,0,4.267132947974928,0
42,79.91053383348228,6,4,3.8590925848061355,0
45,58.37088024444241,17,3,1.0,0
51,73.5098169453094,10,6,2.2017130679071535,1
62,71.55033909214424,11,3,4.849628407099673,0
65,70.13175343394552,13,3,3.1397611166015045,0
64,82.23906721720817,12,1,4.3627498562927,0
42,82.08955407674932,5,6,3.4263715483516295,1
27,57.45682806250231,6,1,4.443441970293022,0
31,72.83758122955538,8,2,2.59655305123248,0
59,52.33810157680412,9,4,4.047689209728168,0
63,41.53855207368845,5,6,4.464073017155811,0
47,54.61012488592027,9,4,5.059062110870381,1
58,58.47443696520835,6,5,1.3501948001477047,0
42,26.768380216440157,10,2,5.102448618799032,0
31,77.2066511883344,8,4,2.7762052376964164,1
52,15.0,8,1,2.267805870459661,0
69,114.29633878972643,8,2,7.4626896846499005,1
65,90.03758267592637,15,2,6.459051223050585,1
51,54.77982551655373,10,3,6.101989775704173,0
27,60.18852721127546,10,2,4.55842920527257,1
52,66.05943747174567,11,2,3.838347413899326,0
28,48.21679224022116,6,3,7.974563466731746,1
28,63.852382951738726,8,2,5.2697080341633065,0
38,57.12000044596678,12,2,3.202261803000373,0
38,58.11454565538068,12,4,3.0103791078701185,1
39,63.62922126961277,9,6,5.622364161849896,1
62,33.729444032920114,4,4,4.303953690224977,0
24,60.79139448267296,9,1,7.066472331526168,1
34,63.268954932349544,10,3,5.144218625852759,1
19,62.576992427118284,10,3,2.598768821884022,1
29,55.68338489127691,9,2,8.721965446598158,1
59,82.75715551938744,14,7,2.95886344250244,1
35,52.92694890236898,7,0,2.5559243535475775,0
28,64.5465181364638,8,2,4.832182682942155,0
33,85.94595067851091,13,5,5.931579279421965,1
66,58.41247719959375,9,2,3.201232587519717,0
68,64.28926534935103,7,2,6.391060507718092,0
35,58.07230727370206,8,0,4.0130136066311985,0
52,84.74739587127198,13,0,9.890341002164117,1
43,54.845508768274094,8,7,5.666941702718516,1
33,85.66709154576411,12,2,2.8300714168067334,1
23,57.92824210705871,10,3,3.5928941074737413,1
61,42.81080553103966,11,3,5.986299925070606,0
60,73.58746341148242,9,8,3.3757136797210627,1
64,53.90664332488688,11,1,4.847460141285048,0
64,72.41001798198326,9,1,8.939487635322173,0
65,15.0,6,0,6.279611482769215,0
59,60.10410523789893,10,2,6.189610067771784,0
29,50.80789402485039,8,3,8.967940302904855,1
30,38.73482626937444,17,1,3.4821683542417006,0
21,48.935179963204014,6,4,4.966876884608594,1
56,48.52593711414697,13,0,4.393364558961496,0
19,59.04028410298838,6,4,3.7471163627327595,1
43,32.653470774300885,12,5,4.4895542347383195,1
44,66.32547560519427,7,4,4.0886425604969405,0
44,87.32429570411576,8,6,3.6837760775500357,1
32,65.61856993895653,8,2,4.409078712977175,0
25,76.17977218458017,6,2,3.691549500382633,0
24,81.89124909227591,8,4,5.648387058713333,1
64,84.72979024368354,11,3,3.090623191869452,0
63,97.40277385642611,13,5,7.033768378727848,1
57,50.015960034481395,13,4,6.451547818683058,1
29,45.63032029677767,10,6,5.892063955136504,1
30,75.66931296649469,16,2,4.082583248228176,1
60,74.165324393148,8,6,5.088141741204651,1
34,75.51350599231378,7,3,4.749859718567787,1
34,97.78564908500505,12,4,5.053918662992176,1
53,60.22739817596988,11,2,2.3218797053331826,0
38,68.5231311929237,8,3,5.209138946729056,1
25,40.392234970330506,10,4,5.650217057272943,1
22,102.70642247951915,9,3,7.888111755180795,1
43,53.26910157581778,8,2,2.986329766577571,0
33,53.8356814367834,13,4,2.6290927899961325,1
53,53.06500217983515,7,1,6.966910900351956,0
45,47.10208282711324,15,4,1.9756358192271217,1
46,45.411259023047016,12,1,7.911127640466684,0
64,49.5259143422095,13,5,7.3660803990954635,1
29,32.68408143898111,12,3,6.1624204742516495,1
54,44.293641594735234,17,3,1.965374649574211,0
47,98.97926222895238,8,0,4.68107623234359,0
40,74.71310287282738,14,1,4.89503947119346,1
33,78.51808353455436,10,2,5.578497954895653,1
31,83.54417574833829,10,0,6.107850273876338,1
27,96.68269128724782,8,3,3.501280077308011,1
24,24.57154897112312,4,1,7.122214129926135,0
62,35.40233769426919,12,1,6.040871306576143,0
69,43.925526782106296,11,2,6.021169667937374,0
54,50.605404070208046,14,2,4.553139329895382,0
46,53.98861218829502,5,1,5.776309960119917,0
20,51.06044894387918,7,2,1.0,0
32,64.38617826264108,7,4,5.7952286211249495,1
53,60.705907814904315,10,6,8.315580767349616,1
64,45.54330409643501,8,6,6.561776389337862,1
63,16.4890244602486,9,0,6.328199861371049,0
69,40.14262589242604,10,5,6.545812263688724,0
36,49.015226933748494,7,2,7.418595136212097,0
30,55.05841126384561,8,4,4.601567761400825,1
59,37.40665081378926,7,3,6.970439657113271,0
38,50.1838706700716,12,2,5.914916095310993,1
54,37.38025223028828,13,3,5.128972723424773,0
44,57.48361296903334,16,2,7.701175117713452,1
69,38.5381734327477,15,7,3.62470798807939,1
46,43.021906872590705,12,5,3.7005342426284815,1
37,33.82631738021722,9,5,1.0,0
42,56.92998608860432,11,0,3.1418004722582014,0
23,42.67104460095203,10,5,4.119616561561136,1
53,78.13568533350859,7,7,4.899806873016052,1
19,68.11700533385797,8,3,5.89784810483296,1
39,58.60296263632714,6,1,6.7624656135050545,0
49,44.05029005312423,7,4,2.341508542798495,0
33,67.61040610632605,11,4,5.219375848112722,1
35,73.81401778697274,12,2,3.033658635604995,0
22,62.85376824403261,20,1,2.339815873059366,1
53,92.0740371093386,15,3,5.648472975861614,1
47,69.19274636149632,9,5,5.203272979812191,1
62,78.27214435136068,7,2,5.986782648301087,0
36,62.67130831071957,10,2,6.159518616540202,1
40,73.51328906513953,10,3,4.0354163084081245,1
51,44.064375346616494,10,1,7.188713721168668,0
30,50.83203273574412,10,4,3.163018716453459,1
60,66.98727106964759,23,3,2.8888056965045603,1
46,66.84198963114763,10,2,5.796385159191475,0
53,70.15223645886495,6,3,5.429380336345227,0
39,82.00785784557459,7,3,3.380418071297962,0
69,31.50057656369176,10,2,3.3344965386931307,0
69,40.51094904779408,10,6,5.759760404237019,1
64,64.59145282148506,14,3,5.5003640339173545,1
53,45.512727363930786,7,6,2.9235904880040393,0
26,127.55536482578724,11,4,3.714008874252251,1
56,70.31439238340272,9,2,3.178373843557665,0
68,58.43338302139686,5,1,1.0,0
36,49.69061453832282,11,5,7.728368751836253,1
55,50.39675433613911,7,4,5.476878808218727,0
23,60.602813226303546,9,8,7.3167343644756695,1
69,62.23963865242516,14,4,4.388768732165838,1
64,50.86601710612974,6,2,3.0559001043712533,0
32,54.536955069601966,11,2,3.25102580347623,0
37,86.88569150469192,12,5,3.249422868347179,1
26,87.69009925302069,13,3,3.962538948778217,1
49,65.04067959869754,12,0,1.9045567722322048,0
21,33.17480545526524,12,0,4.2266132093494635,0
67,70.77006313278088,11,5,3.850781605636528,1
35,91.08564883222051,12,0,6.7463903183083005,1
22,87.39562203924757,6,5,6.074510573334399,1
37,74.68851705619335,14,4,4.2349739635257855,1
40,88.44845910571644,5,1,5.951898685535293,0
28,61.06768544958044,9,4,2.8093176739914854,1
54,72.5620593966741,6,4,2.4743285664138766,0
39,46.38448867349639,12,5,4.811644853839742,1
21,65.84530912311425,9,2,5.204347590030109,1
46,86.59068487941049,7,4,4.719659082638543,1
61,48.211531770262184,2,2,7.711903352641465,0
51,42.771131410714275,16,2,6.374643763003486,1
30,61.949778780473935,10,4,7.069922764183843,1
59,55.46675592552001,12,2,3.8935072198308256,0
26,72.98295442140841,13,2,5.665064889775247,1
59,50.934809481059155,10,1,2.9130164365129847,0
48,94.36879231205428,8,3,3.5373133471812404,0
24,34.20647804077888,7,2,5.662249917549421,0
21,85.07469572439469,14,0,3.220744104088709,1
36,44.70301543383794,9,6,3.4174600879572563,1
59,24.080345308319536,10,0,5.86133046682939,0
47,64.75750312697735,9,2,3.472192687651933,0
48,54.90784027972233,15,1,6.924391940114941,1
52,37.807812641939385,18,3,4.57146228805851,1
38,26.37246216569472,14,4,4.654351769360869,1
48,59.83278425457087,7,2,5.502531528194773,0
36,79.51673783247635,8,4,4.730592958419799,1
48,71.69906986172889,14,1,5.559962855309209,1
49,61.13413297678531,18,3,3.164993744521051,1
19,69.5769514643547,6,1,1.0,0
69,59.45571735244286,7,1,2.1741974670201505,0
27,31.405515139392577,10,2,4.089312460226764,0
19,31.582120295531134,8,3,5.980889556428181,1
19,55.936629420306424,15,2,9.317344585597436,1
41,56.78693427267851,7,2,3.813808480089019,0
34,77.0196535701353,6,3,3.691839887029357,0
49,75.14608447549494,8,1,5.674355735812279,0
33,72.10266031517898,9,4,5.443254467057603,1
33,54.39434573845639,15,4,5.511382857382759,1
63,32.38695659779721,12,4,4.488587263122728,0
56,68.24142274132048,10,3,1.0386268782449446,0
48,70.50338626524336,12,0,5.394660520696361,0
60,15.0,11,3,4.904874868292313,0
41,43.31323626834674,13,1,1.8220667023780623,0
18,46.17891245212208,9,5,6.162871971308004,1
28,62.36700402246873,11,4,6.459474064074449,1
38,43.93279134468612,10,11,6.116006511759529,1
21,59.23730862350719,11,3,4.186198945858253,1
24,55.78930119294016,9,1,5.44185660270724,0
43,56.81701056924544,7,3,3.2042031531613206,0
64,45.672114125985075,10,4,2.2290335391879994,0
67,47.220298918666444,8,3,4.802085263724978,0
29,38.39465880438615,7,2,1.9957266999416707,0
48,67.60134881147664,6,2,4.73306163722695,0
34,71.42205257182736,8,3,4.896054213973101,1
50,44.587640997493224,9,3,3.365286072642429,0
28,90.41280192034088,8,5,8.881748638920044,1
45,53.70797105115902,10,8,3.802715084631746,1
49,90.60371247593122,13,4,5.424436936712407,1
18,47.157456523367934,9,4,4.6181283662809385,1
64,19.468444468011292,11,6,6.878970814476949,1
45,68.04395649824703,12,1,4.330928033742886,0
59,64.97090210237974,8,2,2.465883504757011,0
24,60.68787590615166,8,2,5.829825018171335,1
19,47.15535043112021,5,1,1.9943309142290788,0
59,59.30855549028362,12,4,3.3037394560619218,0
41,49.774810842609455,15,2,3.9792823931158843,0
21,53.95300867336499,8,2,4.054968618789631,0
61,76.8326451153015,9,2,4.3071279650012455,0
36,63.68434459060187,7,3,4.147964898561424,0
43,72.19902774663954,11,3,5.25128341580619,1
28,55.3626298674842,9,5,3.6403379700994747,1
57,53.1596530839045,9,3,5.86996111335626,0
67,36.93034938222713,17,4,3.3165094517637064,0
60,52.59926774863606,13,5,2.461243849224028,0
28,15.0,9,0,2.73729654008185,0
62,48.1955606738873,10,0,4.177123517899434,0
20,58.36251645618322,7,2,6.942058613807708,1
29,71.27347308540313,10,4,4.944963343628957,1
20,54.626442449500864,6,5,4.078208112218124,1
59,66.95347084489998,13,2,4.919419221583446,0
44,16.404226772195088,10,6,2.580134586577591,0
66,58.863262955861,7,1,1.5872685401835969,0
19,26.409944141731934,8,5,3.0246816184040775,0
66,35.83392968681335,7,3,2.902426793349446,0
33,56.25668904272278,15,0,9.798508559114195,1
19,85.52527975747108,12,5,8.843440602866012,1
47,67.42413526940118,10,3,8.822764403948788,1
37,60.364619942742344,13,1,2.5675500586480635,0
55,59.60939221065796,8,6,8.509528712644821,1
45,45.72742213591066,11,3,3.5748807909225504,0
42,49.120331732546326,14,1,8.289803532940692,1
49,68.54752090941594,4,1,5.877293470014736,0
27,32.29278963111011,8,2,3.0150109461677053,0
59,71.86108100566042,8,2,8.310004004944073,1
57,52.22985865762294,10,2,8.229557653426488,0
50,76.5111414973913,9,5,2.8784363831916253,1
30,79.22186914464166,15,2,5.651293681371307,1
58,26.538319749885197,10,3,1.1260702274134533,0
59,48.368384735455635,11,6,4.209873509841631,1
64,42.88944624118753,10,3,4.22412385624695,0
54,23.745440698537138,12,3,4.182012061089564,0
33,39.34933447581179,6,4,8.223559526541521,1
62,108.8251169053068,10,2,2.328234668056644,0
39,72.1901979242488,9,3,4.552257158450468,1
37,98.34575937211508,10,4,6.509639513400366,1
67,76.58196880036671,8,5,2.3695153856454074,0
60,45.163136779830495,14,4,3.2330533937018067,0
44,52.36457606651914,12,3,7.230447708223543,1
58,71.76872360480614,10,2,7.689933642304684,1
33,68.75012406946072,9,2,4.133451150246808,0
51,48.45315968583333,15,2,6.715011183562564,1
49,29.80013658841586,7,5,8.113534577478022,1
43,125.75522374777478,11,3,4.185638479536279,1
42,57.17700655314388,8,3,6.5832974447384505,1
19,53.4852221363476,9,6,4.154389152237247,1
29,62.266689278106035,13,1,2.293548862778564,0
57,55.145428213779425,7,2,5.0072325378925,0
26,62.454578154109676,10,2,4.511107672133202,1
29,85.73894572232838,7,3,3.146761971983954,1
43,57.50903040627153,8,4,4.321439141236363,0
26,36.745791213444775,10,5,4.546395286857562,1
27,56.76712411042778,12,6,5.557363797246486,1
49,50.711964371801784,11,3,7.079005554297911,1
51,88.47797874493702,8,4,7.081446705547336,1
65,83.42238129475142,6,3,4.826943125987497,0
37,62.15050000861598,8,4,3.906032097909195,1
56,34.42528290361487,11,4,7.679742704771682,1
19,35.482154731201085,7,4,4.8006194545840755,1
18,60.30246523169107,18,2,3.805783979654162,1
68,66.72645938642562,9,5,5.340323115443053,1
53,52.5075436134789,7,3,1.348408029227528,0
41,50.39660831585532,11,2,4.060632198818256,0
44,48.14401533642706,6,5,3.9251816905858314,0
19,59.532120795121074,8,3,3.420808368214625,1
48,15.0,6,2,5.760109648377946,0
31,37.9734674246058,6,3,7.155083061193125,0
19,47.458983091052986,13,4,8.385110884133667,1
46,84.15006389903841,10,4,4.008569913293506,1
32,43.72372716142141,7,3,4.4344331141906475,0
29,63.60936283662413,10,7,3.6405659048525387,1
54,64.53085501861992,8,4,6.076247707234942,1
45,85.95833011321524,9,3,1.2649645904571991,0
37,85.251548139283,6,0,4.221618397237033,0
56,58.84994062410167,12,1,5.582969003000212,0
41,50.490305176211145,6,2,3.7537676869688914,0
38,46.72333794348619,7,6,4.14203617746612,1
27,55.17873555068438,11,2,6.982746382729656,1
63,51.319332913528,12,1,4.886438728629961,0
31,71.07254818716464,9,3,7.389363643117061,1
54,68.40619634970409,7,2,8.274683722186815,0
35,71.83602382290032,12,4,6.061346733126627,1
41,85.18567422872337,12,2,4.418461861659712,1
31,97.25738242800354,9,2,8.16329728853157,1
51,62.493267868151136,5,0,1.0,0
29,81.98927542791307,11,1,1.8967032965193389,0
39,52.9667963233157,11,3,6.540705327591249,1
23,83.70013967166031,6,3,9.948528914086014,1
53,81.23018314351688,7,4,6.365073992172977,1
62,80.16831939885982,13,2,5.369527306386047,1
53,61.88139682383048,6,5,4.067051973346889,0
39,46.632836720182226,10,3,6.112418104410149,1
31,32.10943124269047,10,1,7.316191610817102,0
33,59.199255849578016,10,5,6.497485754332478,1
53,90.66025084498366,12,3,5.12563619879409,1
42,53.80310197271854,10,2,7.067011107321173,1
49,75.7025317092011,10,4,5.610067604628743,1
50,76.87902801037862,10,3,6.020088413180253,1
62,54.32627558145654,6,3,6.941516163426806,0
53,86.32689675039039,10,4,3.1318229250263645,1
37,15.0,8,4,4.955215983329155,0
35,35.544994425236496,9,2,5.22770702198906,0
55,41.6873540728308,9,5,2.598539074711948,0
20,43.605699542652204,18,2,2.8205731775840412,1
40,66.72525902371791,9,5,3.748276516671286,1
49,65.80075606107803,10,5,7.0832602382978695,1
62,67.87981144350016,11,1,4.608621917121678,0
33,71.92162988264974,7,3,5.259927570048726,1
22,40.99790861708701,5,4,5.6168330484620705,1
21,35.63647866385362,9,7,6.2623295099675484,1
38,67.92639364015726,11,4,6.002274350581978,1
57,47.39535852707122,7,2,5.134961831566547,0
68,28.590499092640588,11,1,4.723173477309074,0
31,79.42688569082964,5,3,7.1890717216885855,1
56,87.90203813004595,12,6,4.0142326432853235,1
48,91.14321779397318,7,2,7.7202674623614715,1
31,63.7401544294944,10,4,3.8583721395224453,1
23,72.51864191945805,10,2,4.432663926729157,1
29,87.39736446723822,7,2,6.4166364618705725,1
33,47.17168419953131,7,6,9.730575902976618,1
34,82.21355368108183,7,3,1.127627172651104,0
62,65.50792468286417,8,2,6.731615709768253,0
40,78.27423304685182,8,2,5.945265918703696,1
31,63.721860417518705,8,4,4.093283729160862,1
24,85.92513419496004,16,3,5.718354168225138,1
63,64.47047525083073,10,5,2.5981862615591567,0
49,30.32041881065165,13,3,3.414225493149746,0
32,89.03853264629444,11,3,5.8559786899906285,1
61,41.04938518055776,10,5,2.9833978923678997,0
34,85.06116420487828,7,1,5.302002646365375,0
58,58.19514237119356,15,3,3.6723662818650498,0
64,83.52021970395413,11,3,4.093250582629639,0
61,82.6953722973353,9,3,7.151638154169479,1
51,68.60285948630742,13,2,2.669775489043492,0
22,70.17070635254262,11,1,4.932381273331109,1
62,68.45257234385132,7,3,5.957057979074553,0
44,19.723504874378442,8,6,5.51607759439745,1
69,62.366604377964045,7,2,3.816672123020309,0
40,37.6787164785621,8,5,5.730580097285818,1
57,63.42374287491326,16,4,2.9405863066570097,1
31,37.14114907233569,7,2,4.0261310208522305,0
32,36.300961175478506,14,3,8.181393657497587,1
60,92.09869003507804,18,2,6.278754386024166,1
50,81.3889477624838,7,2,5.005522978849665,0
48,59.91714830111691,6,3,5.899884942154185,0
52,63.695373004980475,13,4,3.3876002731854236,1
34,55.041679485139824,10,2,5.562608057400116,0
45,71.39752751959045,4,4,4.097279905976034,0
36,46.4789126690239,10,2,3.840091651576473,0
63,79.87480525735914,10,5,4.7522015569898235,1
40,54.93826317971778,5,7,3.7973024811444938,1
49,51.603060083375425,13,5,5.282324775468663,1
57,60.43426036969685,7,3,5.83301005422887,0
30,48.177063401487786,13,2,4.454301188786139,1
37,66.57364698992966,10,3,1.0,0
52,49.252748213732005,15,5,3.262807196140111,1
22,69.37047205637673,6,0,2.8366818784193,0
26,84.32013077822953,7,3,5.740588612750956,1
46,45.613566263836525,9,4,3.5407267022556184,0
23,57.388490854096574,5,3,3.9982859965208317,0
42,69.22661426070843,15,4,6.6794676972361104,1
48,51.282852900371864,10,2,3.438920122441285,0
39,69.28641121653331,6,1,5.405727718669819,0
19,71.1079772130348,8,3,3.7643936274842824,1
62,81.66523552588608,7,3,4.057900388324478,0
22,47.88019907830176,17,2,2.6728854903662453,1
44,41.144495195390505,14,3,3.9574316597539214,0
42,53.84845220872512,17,2,6.015412560377284,1
25,40.644953209058,9,2,3.069891007010315,0
18,71.28996408094994,9,2,3.5689420225626005,1
37,36.764973996471774,18,2,9.379932635181689,1
61,106.66032836505377,11,2,5.513403630107134,1
40,85.918557231475,13,2,5.676801324344964,1
49,60.25151539200628,7,4,3.7476172769628144,0
28,77.34788985995952,12,3,7.084400370552401,1
56,27.263962713784167,13,4,7.40992751477993,1
64,110.46746662799116,5,3,3.7900612509133067,0
41,48.19570775599021,12,3,7.137335705072991,1
28,57.59005172201281,11,4,7.679628771531223,1
46,22.88133425623127,12,1,1.0,0
43,69.7257460948179,8,0,6.7193146663423295,0
33,37.87311685845782,11,2,3.471612326614193,0
52,62.033115231320586,9,8,7.651041849261974,1
37,49.114511341509235,8,4,3.3987778500386168,0
63,38.44512130139313,5,3,6.21396016125767,0
20,43.91276996474765,14,4,1.480963952430149,1
18,64.51576068171042,10,5,7.231068319568947,1
64,34.370180542623515,15,4,5.146939525142213,1
18,45.023766579528456,12,2,7.5826161243284265,1
34,73.26546762528956,7,2,3.5669752638360133,0
19,112.04959749748626,7,3,5.4264416005865055,1
46,69.5517763910601,10,2,8.038153849185766,1
37,41.654767156454255,10,1,4.948484687207635,0
23,52.657716598553776,7,1,5.85931475683196,0
25,60.63178012305156,8,3,6.39866407816316,1
46,53.01150098728585,10,1,1.8958962947604654,0
65,78.06116333473867,7,1,3.957805119139203,0
68,64.34946966028448,13,3,7.2757553647183855,1
50,78.1570476981974,8,5,1.0,0
20,53.711124194047414,14,1,7.236155052915066,1
52,86.51000439442512,6,6,3.8225653037357255,1
22,56.67028831436908,13,2,9.110543990657753,1
44,40.57620261724017,9,1,5.873752701407513,0
61,103.54640762084443,8,3,3.3989459123057255,0
29,23.500445060777665,12,4,6.9589305802007075,1
37,45.22522549390145,7,5,7.866465781490956,1
62,47.45944296339211,11,3,6.208380738222532,0
37,110.16612546113126,8,4,4.108166102365127,1
26,96.13717768293023,7,0,7.876556625418358,1
56,89.87856287284396,12,2,3.14217631129426,0
21,53.38682675247337,8,0,7.1430653190439894,0
68,108.52356007683551,4,2,1.0,0
36,67.36704007681942,7,3,5.235270170846627,1
55,79.54526740606245,13,4,3.883619853227955,1
44,63.59390762212414,10,5,2.2552382204705315,1
62,59.01066857353497,10,3,7.609771752311246,1
60,54.96442652147242,7,2,1.0,0
30,55.80720013161675,9,0,7.767632579051471,0
30,72.16983297356157,8,1,1.9344529152053171,0
39,67.34399597550777,11,1,7.106707517884018,1
45,59.37057259592632,12,7,3.441363270748121,1
69,90.19047985397708,11,1,1.0925719418732647,0
64,15.0,8,3,4.094358793434661,0
62,70.1977449584239,9,3,6.127709473169657,0
39,74.35477413317959,10,3,3.2032683801005866,1
60,82.93925736510339,13,3,5.5204883689285325,1
36,58.70257117893278,4,5,6.379588497321839,1
25,64.15840134767915,9,10,7.986064971950256,1
69,79.71896766629442,12,3,5.126503574100939,1
25,89.8233280856036,7,1,7.3314849249969125,1
59,53.98928029642464,6,5,6.698551324915181,1
43,65.33951566255121,8,3,4.815269648582037,0
65,93.57147928697515,7,5,7.294250710502309,1
68,17.519458482422976,6,5,6.788120930538416,0
43,46.199748003708294,7,8,4.667802978819129,1
40,89.31671957205927,9,1,6.426927129117039,1
60,81.85075667216606,6,6,5.543415020272418,1
30,70.44890421853388,15,1,6.0961236936725545,1
45,51.0280625378176,5,1,8.765479765015932,0
26,42.36363002029161,17,3,3.3914847568948705,1
37,48.175687615152526,9,2,5.509395084989693,0
36,90.96016441637386,12,1,5.06121408258991,1
65,47.431146216893076,8,2,6.576471264399241,0
56,62.02845928479316,6,1,4.096221618460084,0
68,44.925847102765076,11,2,3.867163698771501,0
29,76.85548060198053,4,5,4.871306400144409,1
32,49.225474393071174,9,3,5.950091463218687,1
48,58.04812219691171,10,1,4.085790652225557,0
31,26.332357339143485,6,3,1.0,0
28,27.732635275901202,7,4,3.095698114632741,0
43,60.15346386643012,10,4,7.828950637811856,1
59,33.49685689604476,9,2,8.09385107913054,0
44,102.10173278669004,5,3,4.007461132196349,0
28,18.76953775775501,10,2,8.594953553811925,1
55,43.99649402671792,11,4,4.346845623440824,0
51,60.33401734535101,5,4,1.93005803390865,0
60,52.69734124408431,13,2,4.387884659209501,0
36,37.91709086672162,12,3,6.4508085132652,1
23,40.84144321009464,9,1,3.86939564510858,0
63,40.18691845001523,9,1,6.206702114826175,0
69,54.26556610359874,12,0,5.533794641357362,0
55,99.03858179034847,16,5,4.427147172582854,1
66,61.5587459311642,9,3,6.552672017619026,0
59,83.65800978775047,12,2,7.4582515829109415,1
45,70.13952691656283,17,4,5.363501209991752,1
18,82.27724795964441,18,3,6.179415342620011,1
52,15.0,15,2,2.08708488978588,0
57,53.91083957703541,13,3,7.783039505306421,1
25,86.14270846301427,8,4,3.934009139288449,1
69,48.56528354501333,9,4,3.276599280037416,0
64,95.24946329739224,7,6,6.773518773203262,1
24,89.67780307535523,11,2,4.232407891680027,1
28,50.617385677450756,9,1,3.611523722576735,0
56,49.936729619072864,9,5,4.412790376358666,0
21,39.72788315291062,14,1,2.567921004929168,0
42,47.40811536272405,9,4,3.590366689839332,0
29,35.348218716621695,13,1,7.044591340587813,1
43,68.57622360866011,5,4,7.331520989731153,1
55,30.87907013307133,7,3,5.130860647126567,0
63,72.07466032380444,10,3,3.6410952843906585,0
29,72.56157393800497,9,2,5.8276301552278715,1
60,26.775911896321546,11,2,1.207273585187385,0
68,90.9963721265668,13,5,7.34198476098263,1
54,70.27218588830443,18,5,4.860718476468707,1
63,74.99396042889738,11,6,2.9312519319559587,1
41,44.82669596914455,9,1,7.974255261918355,0
33,72.44758236946237,11,0,5.085183908931851,0
30,82.52786899444132,8,4,4.147571975474874,1
42,58.027832019906455,8,3,9.099216347343077,1
69,100.03844918496722,11,2,3.949233130804805,0
21,60.881292698258754,12,3,6.497324486369185,1
28,82.81571600904948,8,4,6.386559004179931,1
49,65.8601761451731,10,1,3.305038461767654,0
66,71.71043065713735,7,0,4.720663746616494,0
24,26.573354647304555,11,5,4.495942502578183,1
63,67.42107476430726,19,6,1.4665582294745856,1
28,45.30049797485468,11,2,1.071923281078004,0
45,43.07203388444624,8,1,1.0,0
58,94.88206368931957,13,4,4.100408770372328,1
40,55.72459503875302,15,3,3.013431069711185,1
62,39.93396338049007,11,1,3.1365937851258545,0
40,52.817367437822504,11,2,4.158515165787098,0
67,33.99099542156172,5,3,5.007347808314099,0
45,88.6776893639254,9,2,4.374593741623315,0
60,46.0863851166697,10,1,3.59059299209599,0
64,70.58599867887338,11,0,8.861890689223419,0
43,87.12213428420651,5,5,4.59781490819564,1
42,49.99694637570541,11,2,6.996755334665162,1
46,70.64044864545572,7,4,2.5269244190394025,0
36,39.3982789019114,11,1,7.6703857620143765,0
50,108.91539138227368,7,4,3.9030564244372004,1
53,78.72760269233244,12,4,10.603146560128279,1
31,56.14787122478388,12,4,2.3763111171644877,1
31,44.54332538222072,10,1,2.8659033786163364,0
52,57.72006894320747,11,2,4.622545559653805,0
47,53.200325552969616,9,3,4.29031270715543,0
45,99.05889107999013,5,1,2.6547156798351166,0
34,35.489305555701954,10,4,7.947879773692689,1
20,62.69602846580407,17,2,7.737553297747407,1
33,59.6332386673258,7,3,4.319197976820487,0
63,57.65179399310261,12,3,7.019275263042358,1
47,57.82766690123315,14,1,7.844334869490725,1
69,57.67858379759033,8,3,4.980769138559132,0
46,77.461321326642,5,1,3.6606062383188505,0
62,72.17968892984871,7,5,7.563666148589163,1
32,68.37823222745573,11,1,7.252238004273167,1
63,15.0,13,4,2.493402146469889,0
42,65.99589748326328,11,4,7.832098218924738,1
68,26.887212796598348,10,2,2.9597592493154545,0
55,72.9264032627165,13,2,5.758119364320841,1
59,89.4899473514103,7,1,3.3678829716717633,0
64,41.475217748228985,9,3,5.328169890075921,0
69,54.764385553145864,11,5,5.231278383926126,1
55,48.01288589894006,9,3,9.464293343434484,1
40,84.70863551513602,12,3,1.7562357341360215,1
42,61.900557705441464,9,2,3.458861658648218,0
59,94.56658761132667,6,5,4.069204400909478,1
24,68.27508405894775,14,5,5.657748455240309,1
39,64.84900361271639,11,6,4.376006808790127,1
34,61.364135652056724,7,2,1.0,0
35,76.35984198514673,8,5,6.473994822545464,1
66,25.246276035093132,12,0,7.669574713654004,0
58,61.7068791104102,13,2,5.865202295673708,0
27,58.5990711254407,15,3,4.087100560933135,1
27,74.50837654315532,13,7,5.409376085082686,1
24,56.24596788251926,11,5,2.566214802847276,1
65,39.2253113167466,6,3,7.122352435363876,0
67,60.14701349839398,8,3,5.99500847028711,0
55,38.34318942263313,10,0,3.933077334922093,0
44,21.49475574825029,10,4,5.164017051376926,0
69,74.54244962970986,13,6,7.062682759450485,1
50,71.58123145389341,8,1,7.328949858744184,0
18,69.3418188798715,13,3,4.8513517411701725,1
61,86.05856843891623,11,2,9.293075094314569,1
51,46.699362193921495,6,5,7.7361063825449925,1
21,31.3777171445749,3,4,6.0558187901307825,0
34,58.59940446383911,5,3,4.209083213439538,0
21,53.04999400588179,9,1,4.269779141701812,0
60,43.154085664598625,11,4,5.401134282437383,0
43,58.40301693024408,11,1,4.779382843928612,0
21,47.76789707590831,8,1,8.40076057807588,1
18,23.27989433286338,3,2,3.12594204445834,0
24,51.17646618412479,13,0,6.011415582193921,1
47,37.27249666592286,15,1,1.0,0
67,64.63296143221845,14,4,5.754316735292043,1
26,46.8793048351869,7,2,6.743816009279177,0
52,82.23262948282104,14,2,7.880728912046708,1
25,92.07732134535732,5,2,3.817088754302733,0
41,73.58762746023812,11,3,3.5759649211095352,1
36,28.9794763603336,14,2,7.046659997759342,1
53,90.10391997758079,9,4,7.389972714900324,1
67,91.51440900747531,8,4,4.545831844304438,0
69,60.37581022615881,11,5,1.0810150738487887,0
60,86.45852320671064,10,4,2.882427285255935,0
44,48.96649723906644,10,4,4.815032345868665,1
49,22.675081303008213,6,2,2.1639785997584906,0
31,44.79431122756813,10,5,6.457455832917551,1
35,94.58601732089514,14,4,3.45467697697124,1
45,30.17840152777053,8,4,4.855284784760972,0
46,59.99042563862989,13,3,7.189524993910757,1
33,60.68287786680425,9,3,5.735275499178822,1
52,49.740515120643764,12,1,8.888747355319403,1
64,51.1295680032577,5,7,7.795524658089965,1
48,61.44498268472405,7,3,2.9222255531174794,0
21,48.756753161305454,13,2,6.185833118463668,1
54,31.558830056641376,18,4,5.3058148866788954,1
34,64.30063885886912,10,3,7.37433703087623,1
56,81.46733164889945,14,2,6.046729598459803,1
65,77.39145037306842,12,2,4.00050048789249,0
63,43.805290652203766,14,5,5.952153465232776,1
43,34.97544169244648,18,7,4.261961001903305,1
65,54.316242356904425,7,2,3.707423109952616,0
56,91.35583019591328,13,6,4.777326306309454,1
58,72.91196157919092,7,8,5.497548264521043,1
21,74.07929353588467,3,5,7.600479083130352,1
47,77.79713903570989,9,5,4.006682680579828,1
47,68.41533125037172,8,3,1.166652280435689,0
39,62.41217095227157,9,3,4.6059007060458015,0
28,73.24613793295936,9,2,5.512730705501219,1
19,49.07667791563961,6,1,5.364749283024387,0
61,31.710739772673584,14,3,4.492546892703596,0
29,74.45993869248646,12,3,6.8992251753956575,1
47,84.7547621149845,12,4,5.624664345944057,1
53,37.635361212879374,9,5,6.206023938780665,1
35,76.438429648318,6,5,1.326078469392999,0
43,93.61531426776381,6,2,4.652695592971002,0
24,59.95507596485758,7,1,4.7216956224132005,0
18,43.63995630516507,9,8,8.3678399669131,1
43,62.46037347053511,10,5,4.78757603065844,1
40,48.989320635985976,12,0,3.679698198943821,0
43,47.665397800871965,13,5,3.5622714950142917,1
62,68.66368134543086,15,2,6.958468045858421,1
23,27.92541049940209,17,5,3.8390785146237993,1
23,31.121421550155457,8,2,3.294121512902919,0
61,60.385817607478856,11,4,6.833436393099378,1
25,59.55382922175138,15,4,5.78389043219819,1
41,66.87109154079872,4,1,4.52772915172956,0
39,97.50450776966777,10,5,2.34478685547435,1
36,62.09028072151642,10,2,6.1085195464432225,1
54,71.96344300669588,8,2,6.65386529311581,0
35,40.48934128770736,7,2,3.0934429881294925,0
48,75.35875327033074,12,1,5.72965334184507,0
54,49.472182697786444,7,1,4.79862094208884,0
47,61.428416651621866,2,9,3.2318731288950397,1
59,57.82302749861677,8,2,4.111675677704355,0
50,80.65948469828062,16,3,4.905864939629682,1
27,33.80046891250001,11,2,2.363309691869248,0
54,15.0,9,6,6.141642216930138,0
29,55.73134605824151,14,5,3.579319669190767,1
47,69.37062513810248,9,2,3.659029574767466,0
44,63.04538751615,6,3,6.011159984567758,0
56,84.64408474827823,14,8,4.094518918810174,1
26,68.74745348359336,12,6,4.56899435932648,1
38,48.7230333628028,12,3,4.788882522761843,1
29,15.0,11,0,3.449698412884543,0
46,55.253755316095635,11,3,3.96408363372081,0
50,80.55918004515595,10,2,4.964581973078768,0
60,52.15904434665771,9,1,4.969048773786168,0
32,60.56640527355528,12,3,6.054064428132963,1
19,68.42720508613417,15,2,6.142563406025965,1
69,39.69415251500368,8,6,7.437339886915618,1
56,72.46471793277635,10,2,1.9872505898946722,0
61,92.74243580003412,12,2,6.825893779909117,1
35,56.54373296213188,8,7,4.318920805541524,1
20,37.418711563353966,12,4,6.316542796699467,1
24,58.66797945956053,12,4,5.678844964473058,1
60,15.512317827822628,12,3,3.8455528703959043,0
35,66.73806527953232,11,3,8.040205368104058,1
61,69.04548755297158,5,4,6.522419368710329,0
55,93.51272587691125,13,4,5.841426975851954,1
54,56.1201041486675,7,3,9.380186115050153,1
50,68.16970676292941,16,4,3.051464513526592,1
61,42.77423795228198,14,1,5.05016191930078,0
48,52.871457589498426,9,3,6.1242483241374845,0
28,29.49629126675604,14,3,2.8659677768695753,0
21,56.10420757433529,10,5,3.6720683884222747,1
35,53.893816929628706,8,4,6.993375444524194,1
21,65.98399532177791,14,3,4.007214601465413,1
66,47.52806239334721,16,1,6.743771305833852,0
51,61.666907019501835,16,3,3.740812847944521,1
46,53.332398887846686,5,7,9.040171157703554,1
41,53.370012234009714,15,2,1.0,0
39,61.607246519260606,8,1,7.017264048835335,0
19,60.8104588463402,8,3,5.5017854913572455,1
61,75.22348078103278,9,3,1.9386690938166629,0
23,57.587139317403306,11,3,4.553921556763555,1
59,53.002293017539934,9,5,1.146971704866608,0
42,56.38385109825548,10,3,5.704668581221549,1
38,45.70671766318015,13,3,3.8062591543802564,1
33,52.80177812866657,9,1,1.1003959502121878,0
48,100.62317426146463,5,7,5.331346907476919,1
31,41.746424786082656,8,2,5.2896627693438445,0
56,54.42687332241381,7,0,9.213832940809477,0
45,52.250226734606194,17,2,6.656009185136243,1
49,55.05656775511201,8,2,1.0,0
45,53.3752138224321,10,0,3.9432871838147943,0
68,65.58480202442,9,2,7.2094428686609575,0
66,25.79649797216411,10,3,1.7464596898789955,0
26,80.7434294506401,9,4,3.456867486364972,1
62,72.65165599284394,7,4,5.003618087023974,0
39,35.1425682787373,10,8,3.9439195219634895,1
49,15.0,7,2,8.182372794125325,0
22,40.458557077171974,8,2,5.366286572815764,0
40,55.14667077145755,10,5,5.0666256967588374,1
22,111.6058379738155,9,4,3.1665447678770193,1
59,70.86513929948546,11,2,2.7951362503547963,0
49,23.84820701637085,6,2,5.208043765600192,0
27,46.20688990198112,6,5,4.839612362746664,1
56,58.93575127454034,10,3,2.565777730331062,0
32,65.07367108596193,13,0,5.468065565154072,0
24,33.70502279379154,11,3,5.1147669360427805,1
46,57.30019544045877,12,4,4.383527212438652,1
64,45.647217247789186,8,7,7.385009262563134,1
20,37.92482874795367,16,0,4.975280221531778,1
36,65.19191293397908,10,3,4.5239145370752905,1
27,75.47754346885645,14,5,7.262341083202819,1
45,76.82082553923239,6,2,4.698157439016089,0
46,71.48772702267752,13,1,4.197032586009348,0
32,50.052609337194745,10,4,2.6597554826413274,0
52,74.29099522927012,14,3,5.12127259237779,1
23,66.18108876208576,9,3,6.864871923805046,1
29,62.67883765904026,11,4,4.166076021126172,1
64,47.76613756596403,12,0,2.3413787260795433,0
55,50.062477453169436,6,1,7.021862568223708,0
30,61.47773872249108,13,5,7.100571738283316,1
46,108.79748933971003,8,2,6.1699077166560885,1
36,66.02484960182781,10,3,5.192213010769083,1
20,47.77622995499428,10,6,5.840208408023509,1
25,43.35221110061114,8,3,1.8997022248278683,0
25,50.16466774687594,7,6,3.8357004789558546,1
37,103.54586895098132,13,3,6.351169553626544,1
64,52.01486708108076,3,4,5.676652777235571,0
21,78.13741069220569,11,0,6.805095426556162,1
68,52.48143509057287,9,0,8.06770306957918,0
38,65.22369082559257,6,3,2.5297261541556315,0
20,75.83490548017444,10,2,5.967144338571363,1
62,48.56194300380152,7,4,4.483260984964381,0
25,47.177766916944606,8,4,4.107053491353575,1
40,93.1773938891066,6,6,9.943704761595596,1
33,79.69185789791594,4,3,1.859519163917286,0
30,75.81344637381457,5,2,4.636074471073128,0
20,75.74552586245828,8,2,4.527460614032488,1
65,69.19150976622132,7,4,5.095339420826622,0
26,100.3555162635013,11,2,1.0551757514740485,1
31,60.87816603754314,8,2,3.037777443966334,0
30,71.54524734401839,13,1,5.097686686942824,1
24,30.981741428119747,10,2,2.2093693872798603,0
32,43.50078626817518,8,2,6.9069096866878406,0
24,35.983620003299194,11,3,6.159242777940238,1
55,85.48127167032298,12,4,1.8255646687982336,1
51,15.0,4,1,4.539287302998113,0
58,51.95379954494555,8,6,5.751043800879108,1
39,15.0,9,3,2.2484601505120922,0
41,43.3742420903622,6,1,1.8450822307354886,0
66,50.18102100536267,11,6,3.084903957605319,0
54,87.69742187588088,18,1,10.374942559385001,1
61,67.93255878442915,10,1,7.18867616086047,0
18,43.33716953342068,14,2,3.78281043940604,1
27,81.31927439463652,8,1,2.3378044023967544,0
60,60.35664509059515,8,1,3.349358987686797,0
33,60.75133717414505,4,4,8.04470284080082,1
63,35.94656984456016,10,1,9.067533200462453,0
25,40.19972572193721,15,1,3.376250062159282,0
66,43.498054001089514,10,4,5.6221819600499945,0
42,60.92922546308379,14,3,4.475521287916294,1
67,61.5577145396135,10,1,7.540634720008526,0
29,90.8818532704809,10,4,2.8121236865981203,1
42,67.70110335875668,5,0,6.957991044959218,0
34,15.0,13,4,2.319718650060706,0
43,65.2528397574338,10,6,6.895510779876733,1
63,30.999672876649345,15,3,3.2985412832815477,0
65,40.680581507769276,10,3,4.3711035670804215,0
31,43.7566105654734,11,3,3.7091521614134586,0
58,46.73323352975396,11,2,8.92227249409469,1
53,32.49701215919394,11,3,6.987985475395281,0
40,64.06964006904575,6,5,4.17729722949819,1
60,31.783954298180817,7,5,3.3504961418522683,0
23,67.13335214499693,14,3,7.627199966399365,1
64,104.73942154123259,9,0,1.0,0
22,33.41281882131872,7,1,5.958355706994264,0
60,54.30979391321556,7,4,3.0814234826829052,0
42,15.0,10,2,9.508324391807884,0
35,53.981294140597335,8,2,10.46141774470159,1
30,72.85434305262967,10,5,5.061380100468584,1
60,74.41278462714534,8,4,4.269108089035186,0
31,61.547274605681935,8,1,5.136013613214072,0
45,77.78526849517951,11,2,3.756771769887301,0
35,110.92109071885584,5,2,3.4111325090177376,0
45,94.24609374875199,12,2,5.469137212008276,1
68,49.54958141180726,12,3,6.247502110213552,0
44,30.97792027066523,17,2,5.266549816218041,1
49,51.87697166852393,11,6,5.580206749010355,1
64,41.060344687653036,18,1,3.734887750883589,0
26,69.02695095729266,16,2,3.132362002287301,1
57,36.37612921141004,9,0,3.112868125292688,0
49,58.54355134819316,12,3,6.543900714727441,1
37,76.76028109072621,13,4,5.159230935494754,1
45,57.98608254365646,12,2,5.403052363903373,0
50,41.073723545044075,11,5,5.682668117112808,1
21,83.49628115171384,10,1,4.88436229367157,1
63,22.420381104923457,14,4,5.21691440409697,0
51,53.44409888245074,10,5,7.591624441906564,1
65,59.166799532373304,12,1,6.553832073071247,0
20,60.31817316799262,10,1,4.655285236724099,0
43,63.60992112156163,9,4,4.055625577776237,1
25,72.20879639618987,12,2,7.054560802173212,1
23,59.29185121909298,11,3,5.665541622259994,1
33,52.638834357126385,10,3,4.384022634993709,1
41,51.848213106806085,5,6,2.4173024967486145,0
65,47.76968395923291,9,4,8.388085551374754,1
56,75.7508664865373,8,1,2.7459040064189058,0
47,47.06943041046971,9,1,5.568853648680133,0
62,76.93542218016489,7,3,8.650482716354027,1
30,60.37998164519742,9,2,4.317556303952967,0
22,49.574903862877406,9,2,4.909045388069305,0
42,72.3681443148827,6,5,6.707455537497754,1
37,45.450921505537636,10,2,2.61372865553696,0
35,72.76368081456425,9,3,1.6603983313595885,0
64,64.2545224238357,6,1,4.285790742825639,0
35,48.07350621816158,14,3,5.161409170367841,1
19,70.57269630669118,12,2,5.138786952865694,1
27,70.93179451377277,19,2,7.834404083842684,1
62,83.15039211619916,14,4,3.1081982440670703,1
67,79.32294024818592,9,1,4.712578282971938,0
64,69.82548041452566,9,4,8.014536459003331,1
29,37.44818097582474,9,4,4.444310620261262,1
64,108.97173976348114,5,3,8.973951341991484,1
30,31.927675778563795,10,4,4.531407102280457,1
67,78.98526348564619,8,2,3.6119176865228058,0
64,68.62567633772596,9,0,4.921671581472522,0
28,36.51715255037771,9,2,5.519183814707964,0
36,57.51398122243002,12,6,4.176907974795805,1
52,58.42494227510719,6,5,5.79627841712774,1
56,86.11165431621046,10,4,4.701647478849284,1
43,45.73378199439577,6,1,7.538967812474125,0
63,54.761099871512926,20,5,6.015785244424435,1
31,15.0,9,4,5.021523514142442,0
62,94.69525586247154,12,2,4.366986348518647,1
61,38.590635139598575,18,3,6.605683039589028,1
41,66.5382172847835,12,1,5.062337195575955,0
58,57.97184340556272,12,4,4.095049875041747,0
18,58.0399806643332,6,3,3.5537192506813913,0
68,76.1972396974175,10,0,6.3987932970560415,0
60,93.42524920607269,5,4,4.056729726286077,0
39,65.02987339883984,11,2,4.40015562077732,0
40,73.10156035261052,13,3,6.106514853728834,1
36,66.57783073454081,9,2,7.141795574079353,1
35,80.35062847861252,15,4,6.1903058901262,1
29,50.74167241027346,8,3,6.705525672713273,1
45,81.50781108832828,13,3,6.419154921322312,1
45,82.20999731294768,4,1,5.0166054074759225,0
50,81.65074017365819,10,4,5.789167830886637,1
36,46.79704265327048,11,2,8.651784283910803,1
45,56.633247315256185,14,1,4.608126514967934,0
69,64.7893397756087,11,4,2.81510131748726,0
66,32.58315910341989,10,4,1.0,0
54,91.8984041617203,6,2,8.871150834336117,1
43,59.754469329956486,16,3,8.96161390377689,1
52,65.67855775209443,9,2,3.0182853113906116,0
51,48.45991120545594,11,0,7.571928371630268,0
52,33.462448812659545,10,4,7.065072762309828,1
57,47.91940229050458,14,5,6.28244714783046,1
33,64.38408375267177,11,2,6.006394908903336,1
55,73.46857625507387,9,3,3.5107332683329906,0
30,63.2358308120544,10,4,5.258633645478258,1
40,66.934480324839,9,9,5.695935827809452,1
39,53.25947250637247,10,4,5.1394745204622,1
33,69.92497132490857,5,6,4.890538713699019,1
45,89.65665732771814,8,1,7.6007828306826815,1
65,74.09578884877973,7,4,7.031371738734073,1
52,76.1908377650588,7,5,6.748486381849597,1
62,65.88032798613261,17,4,6.864771882860505,1
63,29.93689860800796,4,3,5.458651358056301,0
25,39.106669387375135,11,2,7.331996091024746,1
61,69.09751601327687,4,1,2.6037672571618247,0
39,59.781218960798284,16,4,5.139115236419313,1
38,68.79685772945656,9,8,6.4160989302292695,1
43,93.52846835688146,6,2,6.086894160904902,1
57,74.52071998458668,15,3,5.748705759467612,1
38,85.17772411485643,9,0,6.854175182734659,0
42,61.8936277894146,11,4,7.882084039714625,1
58,43.855686450311204,12,3,2.8729170984405563,0
18,58.842676815713176,9,1,5.600718350803926,1
23,43.90496372561724,5,4,3.555337625245371,0
40,91.16589913544897,13,0,7.140078359954652,1
68,75.80782153070939,9,1,6.447975081269549,0
40,70.41024993256559,15,2,3.059332090465646,1
60,84.71886404456207,13,0,4.986644280082731,0
60,19.598871709535494,11,2,1.9977293491452768,0
40,71.76275902685319,14,1,6.899720014241553,1
49,33.787084313912544,8,0,3.9283468076330577,0
47,59.85488603068678,9,6,2.7395806762478836,1
30,53.765848150655714,7,6,4.308773366530167,1
60,73.23473224193896,6,4,6.167709678243114,0
35,64.5637457792191,10,2,5.573799861462108,1
40,86.90234347223577,3,1,4.021786327090469,0
32,47.96205678134773,10,3,4.790111307290131,1
50,74.18228779266568,11,4,4.416466210211344,1
38,63.24446433797664,8,2,3.1318395875976885,0
56,27.29419459856895,7,1,1.2686710401696284,0
40,41.62767082953935,12,2,4.987118708135066,0
44,57.00243932955664,10,4,6.170013547686056,1
62,82.24584899783456,9,4,4.968116153033423,1
61,69.27446115114229,9,2,9.09949365052707,1
35,36.64998352238571,9,1,3.808430613266833,0
41,57.193675439056804,9,3,4.916229377088934,0
68,100.3561289758606,6,3,5.972194321783801,0
64,62.22446669681716,13,2,5.881402263391871,0
57,53.45348849855208,12,1,4.488213126437967,0
68,69.83479281512442,12,2,4.891566689659494,0
59,75.2678615916394,8,1,4.8333484989444,0
24,50.87663305039882,9,4,6.366528028892188,1
67,70.05149548742874,9,4,3.610197173761375,0
65,53.422210066583816,10,1,1.0,0
37,74.38655203658877,9,4,4.313772702719934,1
44,63.39386315942568,11,2,8.375694669159307,1
23,69.63935654105785,9,4,6.602562382055641,1
44,44.816329076649914,8,0,1.862738579841284,0
26,43.57427231854281,9,3,6.350198688470013,1
62,78.9099460931879,10,3,5.4168643355817405,1
48,58.412072372290126,11,3,4.250132821714859,0
38,65.70069484198723,7,4,2.8437592909996803,0
43,53.87209145826961,6,3,3.3728190648260297,0
57,77.97453548027288,15,1,3.8801298407892384,0
65,47.843800399406845,9,6,8.670502304424886,1
62,57.28797520198234,7,1,6.280210159926663,0
30,75.71985625406263,16,3,3.580827350871094,1
66,83.45935398328533,9,3,3.9159962865139795,0
40,49.52481417946633,9,5,4.925102943716907,1
37,99.19367963911766,12,6,4.133646612100452,1
54,66.26483387387233,3,5,5.031358750777154,0
45,39.141434763825245,16,1,4.708534145304904,0
34,67.38104097179937,10,3,5.194542316155601,1
45,52.340015710330846,10,4,1.003367050681899,0
58,68.68136974366354,8,1,6.600580866021808,0
19,59.142875046793236,10,3,3.8797367697171694,1
42,61.4854738038029,10,4,6.813698140423382,1
67,41.76813246827708,8,0,9.392146244874445,0
58,79.8012246143272,7,1,2.0946615765289334,0
23,36.87745265697936,12,6,5.196860694485059,1
28,37.82470209190009,14,4,4.159845069301017,1
55,67.34720698294973,18,4,5.7896255679627995,1
23,92.0568849435594,16,5,1.0,1
62,52.948138058711855,10,4,4.283521980063968,0
28,74.01944645407931,10,4,3.3627554811382483,1
31,81.4668035372709,9,1,8.25405742735424,1
19,76.29368874588138,11,1,8.718604937607575,1
57,53.77583421652637,6,1,4.427757854653892,0
20,38.17906565611851,13,4,2.705487602108809,1
52,15.8490486865729,5,2,3.322812224129779,0
50,54.74319001075214,8,3,5.078107559599618,0
41,83.56174737124348,8,3,2.1973303532491464,0
36,37.51668030476132,15,1,6.038117150637772,1
35,74.0041969503753,13,2,4.6074615380692565,1
66,40.996949398962556,8,3,5.712652108569587,0
69,62.12145152773677,11,0,5.7887901168062745,0
41,74.15583228310035,9,3,7.758832396041285,1
62,46.81009126323144,6,0,6.270046275151481,0
52,63.40969361393828,11,6,5.585917176887645,1
18,51.69817326549342,16,2,5.498490427708731,1
53,74.10297317876353,13,6,1.043465844461112,1
42,64.70634336969275,9,3,5.359320947302302,1
62,61.13015348858535,8,4,6.2242831735856425,0
66,91.16699920283955,11,1,4.757557932311172,0
60,73.24612284736604,13,2,8.329647262549937,1
51,46.19296267747422,10,5,2.02920454526016,0
42,58.28272198404476,12,3,3.5202798633557655,0
33,58.482024298406785,5,2,3.7295463597194383,0
51,61.60639145250424,10,3,5.018531903844481,0
46,110.4901855321499,9,1,3.7070340117331373,0
36,67.41703785421994,16,2,2.5189020283644408,1
40,19.28194859790448,13,2,4.288432754091317,0
36,49.144020565660696,11,3,7.029586164321394,1
42,21.35255825008383,7,3,6.508372461791017,0
33,53.404034859083204,8,5,3.6101679116233285,1
68,20.25379540547143,5,2,4.253305716842849,0
26,42.568190578631445,11,1,3.4447267268783657,0
18,29.585569407317603,11,0,2.477079035418425,0
59,67.68320355934955,15,5,5.853953899241349,1
36,60.01078725257757,12,2,2.4377692042331254,0
50,66.05924614997463,12,4,6.325712511019205,1
51,57.90897222862947,11,3,8.63728525648487,1
33,32.11404499591164,6,6,5.7513621623563225,1
61,70.2704273850947,15,1,6.245525300666584,1
57,98.44449120538906,15,2,6.188561631054485,1
35,68.18425157213093,6,3,4.022662913832983,0
51,51.48150801364868,8,4,5.739959376018247,0
42,31.438656477891097,19,5,5.624732198102703,1
62,41.83866058480069,10,2,3.748218469314431,0
23,69.06079313144119,15,3,1.0,1
38,81.4623605359875,11,4,2.9041639598733635,1
23,65.21732349443951,14,2,3.115832186535491,1
49,75.99774579411967,12,2,6.002005159195586,1
58,74.15356488054486,9,1,2.0421859969002902,0
65,70.13068782771835,13,2,8.741827980235083,1
60,46.83052809477488,14,3,8.258465076739007,1
56,63.47847023950305,8,2,7.10435966238852,0
48,43.03244392235723,11,2,3.979847720708216,0
59,60.348579059162034,13,2,1.0,0
27,66.61727062133824,16,5,6.664367465342758,1
47,93.5756761477371,14,5,3.5042322950774705,1
69,33.805360512647354,5,6,6.5750873293608425,0
35,69.6301526198261,3,3,6.202457806018642,0
41,89.6247318324719,11,3,4.119901931662351,1
69,75.17695531677593,8,0,2.5596823830870576,0
26,76.65890885650083,7,4,5.374374703800466,1
48,71.75389803735624,12,3,1.8606044544898328,0
32,85.96668979550833,14,5,5.5622563185762175,1
21,38.25043663775264,9,3,5.940320937215455,1
57,32.281466680595074,11,2,3.680961135236984,0
26,59.873317190694884,14,3,1.9937293700511525,1
62,16.7767579285658,14,1,8.256535784975398,0
26,84.61291608356022,12,4,3.930387651887596,1
43,84.41430390990882,10,3,4.585437440487485,1
21,51.33298889830948,5,4,7.182854372999444,1
34,52.584588066789806,12,4,3.863386815699516,1
33,58.55305049698657,5,3,3.476996755514885,0
32,61.04041300879239,8,4,9.020256533049865,1
52,62.543478383885706,8,4,3.534671572899894,0
69,71.16464213756606,8,6,7.433625734395655,1
22,56.547472939830435,10,1,5.3060200960885355,0
22,78.86386606955588,14,2,5.263798254298605,1
37,68.91895554250607,14,5,3.98693980434073,1
32,47.86073108254729,6,4,4.600856668800395,0
35,86.70225335608194,10,4,8.574276520070645,1
64,32.83486027755026,13,1,6.710404424579244,0
19,58.15668378357047,15,1,2.2745581490254034,0
46,79.33834802150936,7,4,3.0171703536681873,0
30,45.53853790175711,14,4,5.7658958696774505,1
21,66.19111293534303,5,4,6.2775250492578545,1
59,70.86679193998096,9,0,6.533404586656265,0
62,42.78952264037522,9,0,4.8464089871411025,0
27,58.5504456081193,10,3,3.301220026479715,1
48,56.869923395815796,14,2,3.3800170266839,0
58,48.96524296335414,9,2,1.0,0
25,106.0334970410155,12,0,8.267103173181004,1
20,44.737872931090486,7,4,1.0,0
65,80.09860588135766,11,4,4.51711385836152,1
63,52.14397966237716,11,3,1.4569479387667044,0
26,38.26727622229436,10,3,3.831140753308685,0
47,62.056284863101375,10,3,6.1523941669399775,1
28,72.98186768775001,11,4,1.0,1
52,78.41019150131358,16,4,5.705204111198508,1
54,91.24530221310138,4,4,6.742977124594424,1
59,118.904925798702,5,3,4.165506552018086,0
30,65.01028407511194,9,3,10.478728924980036,1
53,46.73815652349224,8,4,1.0,0
30,69.05748653589782,16,2,1.5741542680310134,1
29,54.67574099187017,13,3,4.3936900818108215,1
54,78.51932259704459,6,3,4.434276062466157,0
27,34.056714072685565,11,1,5.228942356801857,0
26,107.36669084800874,12,2,6.856565591869408,1
69,77.12096189551025,8,4,2.488126035998045,0
24,26.319919644076705,7,4,2.283681537057218,0
19,45.819421953700555,9,4,3.6110113468016753,1
40,76.32162088227878,4,3,7.061882353777578,1
56,83.52688112342909,9,2,6.618942866703661,1
57,34.555247455360735,14,3,4.860449136358241,0
56,74.26051700865898,13,3,3.9825117604845035,1
38,21.053202546761533,8,1,4.694419317476065,0
40,58.21328269057908,9,3,5.724122964528787,1
46,82.24093684206413,10,0,5.197950634622803,0
31,48.96968539794039,11,6,2.183409034602004,1
43,29.86155401723973,14,3,2.043626610288449,0
68,62.924295927551185,8,2,4.48263929680973,0
22,47.90562266729044,13,5,6.449783413457627,1
48,72.59116732131672,6,6,2.878357348198098,1
42,42.29347135563879,11,4,5.81496417068565,1
48,44.547262206937994,12,4,1.4228829255806077,0
67,19.579953582475127,13,1,5.142177335189017,0
37,63.39889422102966,13,5,3.4367587688022496,1
61,56.78190123446802,12,3,1.0,0
34,36.232306585198586,8,2,3.9071249473642817,0
62,63.87597427534184,9,4,2.473356400851627,0
19,80.54140601288279,6,4,4.446981788478742,1
42,55.688641131621004,10,2,5.825276738489407,0
30,65.36333899643948,11,5,5.913593266132072,1
56,65.46622499170329,13,6,1.0458073488118305,1
45,35.913403456420795,11,3,6.150092812979224,0
59,101.13171641415192,12,3,5.825862929930705,1
23,50.58300339755432,9,2,4.152653968404022,0
20,73.12232403720542,6,3,2.46338548467418,0
52,75.384305544581,10,2,4.183739964871113,0
35,57.208097457684964,18,7,8.222471569742257,1
28,72.1359005011927,14,0,6.1930662866609865,1
37,64.91638443632779,7,6,6.9450553733010665,1
22,31.647204855451882,7,4,3.022147919457155,0
36,53.35454597499823,10,1,3.9349659647427813,0
39,47.74898195291876,7,5,2.406074406244859,0
36,50.76509917307746,8,3,3.6693492824976,0
64,33.91993644326725,8,5,7.716440225682719,1
33,82.5286743349206,13,4,4.1016509332443265,1
41,92.03985309226826,9,3,3.6217884560171476,1
58,79.56005951996818,12,5,5.477460858357551,1
21,85.41058448294285,12,1,3.8509879703474663,1
32,53.107303259836875,18,1,5.185467315383919,1
42,47.27486330027927,5,6,3.862545366187459,0
61,44.428259063765765,11,2,5.381757030623724,0
52,72.88129845914446,11,3,4.239880642936002,1
31,64.541261062883,8,4,2.764098555389757,0
66,58.455565768031484,10,2,7.108175841986252,0
36,85.90297088390686,14,3,8.635930571998397,1
55,68.09882707630686,4,3,5.9951399279890545,0
53,43.2268472495883,11,2,1.9964430427178481,0
24,46.38182341728611,8,2,4.543524716046768,0
47,73.6398659850829,13,3,5.489793790793103,1
36,80.83465705309195,4,3,1.6295896074975476,0
66,71.0336046451194,7,6,3.9276638821947496,0
42,97.93777495744163,6,2,2.1906287636302224,0
33,92.70014331462838,7,4,2.9405736637807904,1
64,68.82071669701526,13,0,5.678924427248957,0
57,43.228386810369955,15,1,4.901033054838158,0
68,33.80024976536465,6,8,2.8099653369673896,0
25,52.252365099705706,8,5,4.865846328011331,1
35,75.06426892832314,10,4,4.275211295875814,1
45,96.53294158623876,9,1,6.765705588620866,1
33,68.348940688216,9,3,1.0,0
69,83.37445588462472,8,2,3.5182663972465065,0
36,55.093850276243955,10,0,8.034826585585707,0
59,72.455382504551,11,6,2.671925002050828,1
34,76.46713658954346,9,2,2.8377591612035786,0
62,20.408114482949436,8,0,3.963976529249373,0
30,51.7312239524698,15,2,7.537523067063431,1
24,78.99400768555739,6,6,5.804419104664056,1
44,65.4893667127313,10,2,2.8751568197581605,0
27,36.06969903698134,9,1,4.831086997377707,0
51,15.0,13,2,4.296730854719128,0
53,52.684385093959875,7,2,5.899593615984675,0
42,58.56828614212242,7,7,4.916202421888578,1
23,42.32154100343309,8,5,5.392830507055642,1
41,62.86169874055989,6,1,4.356783610395924,0
35,70.12773494465789,13,4,7.644992926641068,1
40,73.41374341452466,12,6,4.914388773915981,1
23,15.0,7,2,3.747304024421207,0
46,33.714298043837594,12,3,7.1211852860480285,1
42,53.907547032905285,10,4,6.1811348732625175,1
34,71.44346262074927,6,2,3.1806086231937196,0
63,69.78468027100071,11,3,1.0,0
41,69.43739895753352,15,3,6.080843864250701,1
28,52.331641160621366,7,2,4.128264527193231,0
43,53.44733125380078,14,4,5.084916208091748,1
68,45.433414631565185,12,2,7.364446453052725,0
51,75.36388256211696,10,2,3.094072417789097,0
45,41.59022424520843,10,6,2.7505222003096144,1
20,77.0007279037914,13,2,2.2077707390993973,1
28,64.15706476275292,13,1,9.4068173479072,1
55,59.09911043089693,10,4,7.383388486335795,1
31,46.86579200447067,8,1,6.343250102361826,0
68,32.88916277671747,7,1,1.146131170283598,0
43,47.046944872439084,10,2,2.152436128420455,0
65,53.39986262750227,7,6,6.405190283624339,1
38,15.0,10,3,5.803163941181962,0
56,56.052896893306716,10,1,4.456401052991017,0
47,78.48714736052011,13,4,2.2958604049411484,1
25,71.34435810867745,9,5,7.1104754033854345,1
68,50.07588248516985,13,3,8.583818053754735,1
37,60.93872596830455,11,7,5.87723745983998,1
65,48.876708611560005,11,2,3.4880094859686674,0
49,62.975214666713924,7,3,8.048385641299532,1
39,90.80215647488063,13,1,5.337130126518549,1
24,79.36997605249752,13,4,8.259781568921698,1
26,70.41588611385505,12,2,4.283996947286431,1
62,50.142301752325636,10,1,9.124173141273094,0
18,74.99876785889677,5,4,4.103036591705457,1
46,26.26246097253894,13,7,3.6772092640273493,1
25,54.95293036018219,9,4,6.658445128227136,1
21,71.674228396479,15,2,4.853667052907386,1
52,74.80842428095502,11,2,5.774929600311782,1
20,73.39768980431482,10,4,2.9630285125395557,1
62,65.89661378419389,6,2,2.998710307501726,0
57,56.08550041832234,10,4,4.23718414560569,0
24,70.75951939652978,15,2,5.716744221347,1
44,40.94277918827399,8,3,3.4442264504347175,0
18,43.106454734135,16,4,7.138375893169428,1
44,61.234693529205934,9,5,4.785396506778862,1
33,63.46395285417495,10,0,8.414610876492693,1
55,23.487696428707075,9,2,2.8957790774247423,0
24,69.10292761899038,12,1,5.6847082768173625,1
61,75.45456755838786,5,2,5.918471244185656,0
40,58.45429525067409,3,3,5.542291747262102,0
58,107.48932566567984,11,1,4.90215482719805,1
28,46.34129787369628,6,1,6.694348640175788,0
59,52.77825673226261,9,4,2.5284653980110505,0
50,52.09866187745581,7,1,5.56574896318923,0
67,58.47624777417965,10,1,3.027165018006438,0
53,53.42550374067418,15,4,3.8416613819414587,1
54,31.863789107902566,7,6,5.536860433338653,0
58,49.069034075270494,10,4,6.8963149954858665,1
34,58.04758608451848,13,5,2.252476624669253,1
52,84.57144164123994,12,1,8.301619037191408,1
65,104.04486546745827,9,4,7.00468428350073,1
22,86.70947795701309,12,3,5.087033813654645,1
65,44.49241940654787,7,3,2.8649699576185004,0
49,46.08380778747669,9,3,8.05775561254438,1
20,56.81342844981298,4,4,5.92460357368868,1
69,95.69117777707172,12,3,5.922937688120301,1
64,56.69151895636213,8,2,3.6444833146343987,0
52,33.449850189251386,13,3,5.388319088242651,0
69,49.9764572609393,10,5,3.7478348862111437,0
31,75.14112003638834,8,0,7.430598692208058,0
65,73.79880553792174,6,0,7.479836203704425,0
48,55.99566667016688,9,2,4.692913608225872,0
48,73.66829347120061,8,4,3.8297063315213986,0
34,15.0,11,6,6.582697228076517,1
41,62.07658470065395,14,4,6.303170371862557,1
69,77.21370842737261,11,0,2.6674400328976877,0
40,43.3427344969093,9,2,4.416885894335537,0
35,43.27322927007424,6,1,9.385780025289058,0
67,22.671036944730496,10,5,4.983846669884758,0
31,91.79791189621389,11,4,5.4701871829653665,1
67,45.596920459568665,11,3,6.090010044693377,0
32,64.82086555724223,8,2,3.8825532952240387,0
32,72.0783408296675,12,3,6.532632351688376,1
23,90.24135898282907,13,1,5.756162630016703,1
44,56.922044520287294,11,4,7.250425452693247,1
32,49.211404124431624,10,1,1.6294729325702075,0
67,63.46135297141107,6,4,5.708256855446351,0
53,85.68160553084574,8,3,5.419960385667932,1
25,56.596549371984324,8,7,2.165884512554975,1
32,40.90261836831847,11,2,4.467100852621971,0
20,29.184843833692753,10,3,5.7882845085817065,1
64,35.57405230789549,10,5,5.100194359603067,0
30,77.2878299481333,8,3,4.9504963376222335,1
58,53.58751047386377,11,2,4.971270128368237,0
51,47.84958180158579,7,1,4.06915169328769,0
41,45.680655536321154,8,1,9.011021432780161,0
57,61.70091720400364,11,2,5.656626419046858,0
49,55.21089812468833,9,3,5.619519465124469,0
49,54.53735712561495,11,0,2.34526841089388,0
47,86.98647855621479,11,6,4.368842852412864,1
69,90.76032563723267,12,0,3.9420708609861306,0
66,27.79956654182007,6,1,4.938209652388201,0
30,66.55185462285915,5,5,4.356901278338781,1
18,44.46275802757216,10,2,3.765218129734812,0
51,55.03497772277813,20,2,4.543126493023167,1
32,66.18556770253389,15,2,2.834196629628667,1
61,55.74560166138161,13,3,6.1904003090448505,1
31,64.60919761255266,4,7,6.610019087884531,1
46,73.45940412063835,15,4,5.996135012774695,1
51,65.89153601080639,13,3,6.711584682587563,1
35,47.06327391664753,8,2,6.571243407222915,0
24,47.416007860593524,9,1,2.4313440295332747,0
46,31.205894067639292,8,1,7.985329165997083,0
48,42.921594049585636,12,3,6.7381921527233954,1
42,99.24136723797056,11,10,1.1814522595475352,1
55,44.159928518095114,12,2,3.479924244341055,0
31,36.1324237511236,11,2,2.5347341531021863,0
25,66.39855723689547,11,3,5.867985015113879,1
44,57.7927048141628,11,2,3.931971669528001,0
19,56.08813526301549,6,0,5.047938203986926,0
34,88.1809193282418,12,8,8.46901751422175,1
54,70.9825335111673,9,3,7.888531169202006,1
31,49.400141365930494,10,3,3.0844333122522807,0
42,51.5104816481644,8,4,5.915771276143599,1
47,49.9482697218863,8,3,8.654225964211994,1
46,77.49479243160513,9,2,3.1704589973953317,0
37,53.83704741093725,9,2,6.935888321049701,1
38,24.136929950916993,11,3,4.6635510528630775,0
39,59.03360642531312,8,4,3.1183333019306563,0
52,29.25947997744142,5,1,8.028304248104744,0
54,103.68461203509804,10,3,4.143033031959137,1
33,40.68664172305538,8,2,4.7009563093310796,0
67,56.76270469284539,13,4,4.2902067725289115,0
66,65.16405469402274,6,3,7.106922366831831,0
60,54.2268367864154,14,3,6.966843071397536,1
34,54.199391970676146,8,5,3.5162287090690185,1
33,68.43654572321753,14,2,5.231899732883218,1
19,90.52431917592557,14,4,5.737558585743497,1
21,75.35018163634595,8,1,6.950858844926831,1
38,89.57027757147085,11,4,3.7846309337501554,1
56,39.06761783812996,10,2,7.7649511635897905,0
51,66.34725266510722,8,2,6.628969105819633,0
47,63.10492104116558,11,2,3.100637915400916,0
23,67.02182583353469,9,1,5.969289017471448,1
34,87.52463941271145,12,3,5.978581275075401,1
56,55.584217004158916,9,3,3.5818376474307,0
42,51.88993266891825,10,2,5.8530409391394835,0
22,70.67961594837328,3,4,5.004820882180379,1
22,24.43594544868305,16,5,1.9373800464934772,1
37,55.26295901755643,7,3,1.0,0
33,57.31604621429094,12,3,9.098263819709583,1
68,41.59282767386149,17,3,4.7518349736881,0
58,81.14118022713154,15,2,5.21598321550905,1
54,38.75519365313431,9,1,2.946978766096321,0
57,57.282539032724074,6,7,3.803185932417545,1
26,65.86314450645936,16,4,9.336539642163665,1
22,87.06903122952237,15,1,9.835891445747963,1
59,59.78887130238294,9,4,1.289299540976479,0
19,78.72307188256421,7,5,5.11498770809113,1
26,74.01190794554255,5,5,8.73616384580684,1
60,62.46915112338285,12,1,5.395848412707304,0
53,38.20973183453089,8,3,6.36819957885443,0
39,31.30838278191302,11,2,4.660923875697598,0
39,62.13010802838373,7,1,6.030616676939364,0
39,49.14606252194773,9,3,7.891114221557405,1
51,78.38522183362583,11,4,6.0434075518239485,1
46,74.91713036197154,11,5,2.56862969844388,1
55,56.30778011125901,9,3,3.738600040328767,0
63,36.84574152117462,10,4,6.54674618117865,0
50,70.21471099214547,10,4,4.864319007885858,1
35,39.641011077296994,14,4,3.9095072473271637,1
24,44.8307215413827,6,2,2.8199447760085103,0
18,40.41168523569691,6,6,3.006362511577148,1
50,57.229979561200935,5,1,3.569784322436396,0
18,83.40384668141124,8,3,5.91349892489071,1
41,59.899182595529425,7,2,3.9655431517682733,0
21,51.13562615144609,9,3,5.355875296335531,1
21,29.487701399095116,6,2,5.315306030288794,0
35,71.04249169459686,11,3,6.537890851180889,1
44,44.39190788142745,9,2,3.356111225380613,0
60,62.35035238316193,8,5,8.232845946552446,1
49,52.91562768166719,6,2,1.4819534156213856,0
50,76.76354439198875,6,4,4.348765973884511,0
45,56.85527215942896,14,3,4.1505260859156925,1
59,58.82147290953897,12,1,3.420371764355277,0
58,69.71494294910919,14,5,1.0,1
53,102.13880364526372,14,2,7.426807669846757,1
23,77.7689386071711,8,1,6.658740471108628,1
33,58.227877873027815,17,5,5.997558173211483,1
51,60.06395981230577,13,2,3.5474069214440433,0
40,49.50281079351131,9,3,3.9887327501395067,0
67,41.0000859296061,10,2,4.327512976929113,0
59,48.94498425867356,10,2,4.5206436814558515,0
41,44.55702072576115,10,1,6.590190065097598,0
66,73.06736767591771,11,4,4.010934934392819,0
30,38.57610284262028,13,3,3.286548188338929,0
35,86.66421122760089,11,1,5.293244742983336,1
30,75.0409276723766,6,2,5.085099215386623,0
66,60.41003458735337,13,4,6.007025611944937,1
54,60.00637222930137,8,4,7.777510666624996,1
60,48.85437380770893,13,1,4.1860233347575075,0
56,65.40168822695529,11,7,6.864336605418495,1
59,81.76184926417179,7,4,5.284287042685375,1
34,45.93687075488373,10,0,7.048769660093985,0
32,29.33215822162539,5,7,7.4642613653769105,1
35,74.06436509713488,13,4,3.4854187560388916,1
40,66.48731948487601,5,4,8.95894441638237,1
68,37.59602397117641,10,3,5.362195850387522,0
47,45.33217258171764,11,7,2.7053912763950545,1
51,42.817914518997185,10,3,2.722134697942224,0
21,45.50935461931502,8,5,7.946267540529536,1
20,53.526344919176246,9,6,7.628708148704753,1
24,54.66905391438505,9,2,7.193046832045177,1
35,46.9841268986308,14,6,3.917571213443308,1
59,44.836723610001435,21,4,4.252726474226971,1
24,55.42431312161237,4,5,1.8485423275664599,0
57,63.35383069719123,7,1,4.4162496190807845,0
23,53.67406927270311,14,2,5.3412801872205415,1
39,83.17334046682603,12,1,8.000358197617247,1
18,70.16175428841572,10,3,4.449053984434888,1
21,28.183082862826083,12,0,4.332571961959405,0
63,70.47455530827708,9,3,5.578767621683815,0
66,72.11087965171166,6,3,6.701124683455479,0
69,51.305300637516176,16,4,8.105602466410735,1
67,30.09604825393689,14,2,3.6011558134943806,0
60,60.16133518822272,11,4,4.658069923251045,0
46,59.84582697035512,10,3,5.273908422684855,1
38,37.5670752693361,4,3,4.467497046436223,0
43,30.97561567480129,7,5,3.7590179385881557,0
31,58.24892907093121,9,1,4.486058816563532,0
26,55.33845615898356,12,6,2.5636080729316024,1
64,51.65469269355213,11,6,3.787508607471491,1
29,58.33178530506877,8,7,2.533885547930058,1
59,37.94447252359362,13,3,5.024269310826177,0
68,51.30358774267772,11,0,4.2168686012625916,0
68,70.66650061228695,8,4,3.9090154806035518,0
23,53.000598392974226,11,4,5.031938008338793,1
37,26.56055056414896,12,1,1.0,0
41,50.546154445528565,5,3,4.365987425863663,0
44,38.59683072986279,8,5,5.389232924741279,1
55,65.34272592923462,11,5,6.949606585152669,1
25,66.3767480676085,11,4,6.218243967191309,1
18,26.82450749827938,9,2,7.540977141865071,1
66,75.18025941164377,12,2,2.1331530282830564,0
66,37.75627397442883,10,3,7.0929806662174855,0
41,91.18364580964703,7,2,5.597587968136173,1
64,59.024474709987665,10,4,3.926017400410049,0
24,35.07213002921675,9,3,5.216193262674549,0
36,37.160278586146376,11,3,11.250928477910062,1
39,66.96190583574689,6,3,5.29065363087699,0
52,52.17400220203245,10,5,5.160663354141224,1
47,58.066921807637186,7,1,6.718125362515101,0
46,92.2556046539408,10,0,4.56206771268086,0
39,46.015118715418495,13,4,3.4150153420946197,1
28,61.19925715391413,13,3,7.808087183291921,1
37,88.39688974746106,11,4,2.121305549521896,1
46,65.410269509328,6,2,5.0863535550909384,0
68,27.867945292839885,10,6,4.870404562795645,0
58,70.10778023464273,6,0,3.3339626446255073,0
59,36.73994284433112,12,2,2.364298227457031,0
51,88.1361505746593,15,2,4.745022826247096,1
18,43.54264790004044,5,7,5.732437820364828,1
48,119.39019015491328,9,4,7.095065238223758,1
47,89.34751976655356,11,2,3.4571536850886,0
65,44.06774860744043,16,3,3.4310922246476045,0
35,60.40027610003221,11,1,8.052256935230265,1
34,75.07288563266927,12,3,4.064290254228461,1
55,75.67320948453415,10,3,4.332289146454501,0
31,68.84672519952395,14,0,7.437638818019917,1
40,85.0431807393222,9,3,1.707813484479404,0
42,57.54062106731261,8,1,2.5973763838240744,0
32,52.66564662847934,11,3,7.78393800680633,1
63,53.06272024150779,6,2,3.7969379839389727,0
39,77.16746463944254,8,2,3.93210187600688,0
20,67.30362080605292,6,2,4.100402288287142,0
36,65.82567331380513,8,3,4.359569889443033,0
61,75.90468498514363,10,2,4.081533230312507,0
51,18.978951842922896,11,4,5.28496639021841,0
52,66.201376477503,12,4,7.505539643856818,1
67,64.37137777747432,12,5,3.392948217335802,1
18,93.3761616260141,7,5,3.8177686455948443,1
69,29.42824035472666,14,2,5.064100919955865,0
38,91.14373264753516,11,4,8.143081556734572,1
46,61.50818257849332,9,3,4.409060340508994,0
23,69.7797906132009,13,3,3.201934596543813,1
54,93.51837575218752,6,4,1.0,0
18,71.21522536011146,14,3,3.4780785915311094,1
68,68.00736578925122,10,3,3.2648539484959147,0
18,64.84582371604637,11,2,2.616776965988381,1
44,50.330437300112465,9,0,5.140674925264635,0
38,59.43021750979214,10,3,4.474038735779039,1
33,45.68974467754503,8,3,7.852073712050221,1
61,59.10866201149036,8,1,5.430848290075246,0
57,15.0,15,2,7.017109589336781,0
43,68.58079135135097,10,5,4.657557965587299,1
33,57.56525492432749,9,1,3.243115898100471,0
45,53.275925266664714,9,5,6.237762027369559,1
18,64.39516167880286,9,1,2.742280091478293,0
53,31.328721540691188,8,1,7.314901113493706,0
27,98.58539993242564,14,5,3.50437331829806,1
60,57.944650770248,7,3,6.480707343987203,0
34,57.08311134055621,12,1,5.752527721073549,1
40,40.69207579734155,7,6,3.057857837348177,0
24,60.47892764898523,11,0,7.42108595959006,1
61,87.73919780546561,7,3,8.840923471985153,1
24,80.71832418864068,12,3,3.501272998167743,1
61,77.08875502281111,11,5,3.6909555304953914,1
32,70.92797903334544,9,3,5.13741411838797,1
51,52.829149448747806,10,2,6.735324024630683,0
63,30.996736659265963,8,6,7.448920850528653,1
62,55.9792245626673,9,3,4.283529476820305,0
21,55.28257070932646,11,1,5.275704683810063,1
31,80.97588879342482,8,2,4.296279112514389,1
31,66.1878088491964,7,3,4.174127317419386,0
33,92.24623055807096,6,4,3.936759161720815,1
24,83.94977080076349,14,2,2.272922218928701,1
49,50.87008780991809,10,3,6.7263376857641255,1
36,24.09741606760263,6,1,5.203926879867068,0
19,87.71150467882961,11,3,8.05168377139636,1
27,87.18770446461488,9,1,6.64861052813759,1
67,32.675768181955476,8,0,4.199641740448281,0
34,90.18480039655002,18,2,2.7175062322892414,1
54,67.64234341185036,11,2,8.73476363930207,1
29,63.21370996251306,13,2,1.6029141235866948,0
23,92.29566508494655,13,7,4.316231086044351,1
39,86.8937034646123,9,2,4.347447565763094,1
49,73.02661903990408,14,0,3.7058373685551547,0
58,69.46434131623965,10,4,3.29730042059776,0
37,72.32788581060719,10,4,2.557484930493386,1
18,51.99885132234948,6,2,3.548852150381152,0
64,58.89797100535358,6,4,4.897605639493191,0
23,41.953656908109146,10,3,5.611389694289686,1
36,53.33920448522162,10,4,3.950074166963394,1
35,52.66732242662134,7,3,3.9396285882609092,0
23,47.293892607566704,9,2,2.915181556083722,0
62,62.73493005296926,6,5,5.335087488994315,0
50,53.520382985988455,2,3,5.0962149861871,0
40,70.04469440703949,13,6,5.759072116361243,1
40,27.55358773412469,3,1,3.917560038458232,0
43,57.732904117854005,9,4,3.1785728141125587,0
30,62.631032803549914,12,1,4.960901730329136,1
24,53.78741520326239,17,3,6.041135051019152,1
32,56.55214600381537,9,3,3.225823276481063,0
61,28.29507978540285,10,2,3.744837825385868,0
44,67.12954209338984,7,4,2.5507082513620736,0
43,72.9521196513414,11,4,2.656433905683918,1
50,69.87074588407533,10,3,3.9066086835594054,0
32,80.77454118884366,5,2,3.317368996760403,0
53,64.03059211565004,12,5,6.600833354476478,1
62,69.57362361301874,13,3,5.059918933735886,1
44,63.121814769137046,9,4,7.530278505422693,1
22,73.75101439184988,13,3,7.550471278194064,1
19,28.45540727735756,15,3,5.030375251151433,1
50,42.12838064043979,17,4,1.0,0
33,91.73799314066181,15,2,5.79676795798487,1
40,15.0,5,2,7.288354396824339,0
55,57.19644140349312,14,0,6.264917720187758,0
33,83.44549919216136,9,2,5.697501923994347,1
31,58.134786689164706,10,2,4.504098772473703,0
46,51.89977857098605,12,5,2.64395602294974,1
43,62.588433536306006,5,4,6.251131486866667,1
52,52.93759639995107,14,6,4.609471965252306,1
32,60.61698985513878,9,3,5.6243825510452625,1
20,46.33237926959741,14,5,3.8258172135902537,1
40,82.17348839911449,18,2,8.998740300843867,1
46,88.46529842131322,7,5,5.478084500465876,1
51,57.332193557767546,9,1,4.240367991080585,0
50,32.27021158617514,12,5,2.7273202305166846,0
58,49.5231365937321,11,3,2.202617616346762,0
58,56.32022679794071,9,3,6.241345025243608,0
40,70.11077753806416,16,5,3.835509845231199,1
24,39.83973553658644,12,2,4.100169472007487,0
20,44.61675362715699,15,2,3.9143232437230386,1
49,70.21352275717615,12,2,2.8158680294711664,0
48,78.77817664079116,7,7,4.419614419933798,1
35,47.568119096586315,7,3,5.112781618742374,0
60,33.33565892098008,10,2,2.9867887766171513,0
24,125.68236402575768,10,7,5.663854138571459,1
58,75.66608474177427,14,1,2.5529865882529528,0
18,54.659924764659365,10,5,4.118015861935217,1
31,77.3806255106168,9,4,5.729214846311571,1
69,57.51086740571156,13,2,4.972678797601759,0
49,77.34313778200372,8,2,1.7174760236773938,0
23,63.18786395552444,18,3,1.0,1
56,61.82543796335146,10,0,6.133947519238599,0
27,57.72836263538423,10,2,6.380435911177235,1
24,31.052373330738202,12,1,5.874743135351668,0
43,98.7618979878628,11,4,4.545500701556321,1
51,41.16932159464513,11,2,4.5039434085379595,0
47,32.79952847378811,8,5,4.786707630423575,0
53,55.74280234487266,16,2,6.170435262440322,1
38,40.77056372978987,16,5,4.733055639557182,1
34,58.96574418879458,5,2,5.747945015013769,0
50,73.75527697123538,7,3,7.628524595568624,1
27,79.90605801058446,16,2,3.065897452902596,1
68,76.29461443243363,9,1,4.629274222999999,0
64,53.887358904286394,8,3,3.2832213484192536,0
59,60.99183655323172,9,2,4.21301203234279,0
68,68.15758101794982,12,2,4.797573497844484,0
29,24.844251521158547,8,1,3.2407307546565773,0
33,71.4116940023972,10,2,1.7518680046962576,0
58,30.85401424832337,10,4,2.386939000173296,0
49,100.80693197812978,11,4,5.887106293625281,1
32,51.909698307166096,11,1,3.6633466755894575,0
44,56.30249645610817,10,2,4.562571238540853,0
45,44.60585801524289,10,3,5.0989224591478,0
34,47.400599362886204,12,1,6.814499160857395,1
63,105.4818713828648,17,1,4.432366523707015,1
67,78.80739377246596,19,4,5.492847087861852,1
19,29.015951097043235,14,2,2.7358677054967306,0
53,90.08425801370458,7,6,4.6783052242909955,1
67,83.86484550282863,6,1,3.0447490796383354,0
24,54.37575075423423,9,3,4.717588557981152,1
30,66.13393884059676,3,1,5.255135875693952,0
32,59.70111841157851,13,1,4.531664512693941,0
42,99.45159808893865,8,3,4.1536280203391165,1
40,44.07419622015819,10,4,5.538283476088223,1
39,62.92021219551454,8,3,4.193559604484188,0
43,51.43709338014391,12,1,4.1717966425336295,0
50,31.339191907642917,8,6,2.894253790698023,0
28,103.83276510109974,6,4,6.011630712712894,1
27,36.36866841795175,13,2,4.915426385900804,1
42,64.40258374975552,15,4,4.040767362674723,1
54,25.18598787239329,14,0,2.9226136983811006,0
65,52.018589215138135,5,2,9.67374482211591,0
60,68.43937642866915,7,2,1.0,0
55,43.505320409952745,17,3,3.4833738432914862,0
58,71.7360370147131,11,3,4.035321100483419,0
62,54.61917816223835,10,6,6.841087646138611,1
41,83.20165024797227,8,3,4.370897052436788,1
57,87.23521826680447,15,6,5.363907228194089,1
63,48.265104785399764,5,6,4.117615456434132,0
50,61.53465718785914,11,3,8.687299266592724,1
34,63.66908452944465,10,2,5.7907005578217685,1
41,72.38698590869397,8,3,3.699317237671896,0
54,60.28763992488531,13,1,6.407456559151619,0
19,63.80421918685684,14,1,4.505178803685541,1
49,55.13187050409761,9,4,8.653325996817722,1
41,62.30479733944037,11,7,7.702949699888017,1
26,85.95880387070265,11,1,5.588779336908456,1
21,72.92166482423708,6,2,4.526532408810461,0
34,74.02511278886738,9,3,3.730011808376801,1
34,74.46140648271157,13,4,6.76417618536873,1
67,56.92382444237929,6,7,7.903751769521598,1
65,66.3765408715906,6,5,4.416566484633363,0
47,38.29652643328511,6,3,5.898409190202946,0
57,85.37615312633915,11,2,6.010887374468518,1
28,15.0,6,4,6.78007065192174,0
38,58.2570321532915,10,4,3.4429438023359378,1
38,82.81791954300549,7,3,5.887913343522898,1
35,32.72264132741317,10,1,9.487799810067237,1
46,67.99559835233703,11,4,5.1918582643327404,1
41,46.384671068419465,13,3,5.90727632643576,1
27,52.623934696222626,5,2,5.757582192798605,0
62,78.91881921278875,11,2,6.107043246229626,0
34,63.961138517703006,9,4,2.6851078042303906,1
35,19.312882642312744,11,4,9.095311042918897,1
59,40.47148920536803,14,4,5.199961237069296,1
65,79.5067146977752,12,1,6.0892518978632735,0
37,68.97885436385995,8,0,5.176172872479977,0
54,94.96271145048568,10,0,6.88669032672027,0
62,93.65295188026595,8,4,3.996308069138491,1
35,53.15509739706417,12,3,2.3856627651030533,0
34,110.06475610138978,15,2,4.764996334298889,1
26,60.48959339703821,7,2,5.958604431008733,1
31,40.74662931181949,15,1,4.3067601707656245,0
66,47.32720268178845,8,2,3.657178392798599,0
46,15.0,8,2,5.69690027225364,0
48,92.14038016498563,14,0,3.1448660055744946,0
21,91.89523978087728,12,3,6.958714909820815,1
35,39.689851223733584,10,5,4.375385165520838,1
37,55.44231423236188,17,1,5.994856128897576,1
64,61.91215088225155,8,3,2.677709964014565,0
60,40.79293895715772,10,2,7.706849268915709,0
61,24.89795937457677,11,6,5.937735169580541,1
26,55.79284792446177,8,2,6.227285791678614,1
30,53.578411410815065,12,5,2.418738861347965,1
32,52.231775180224496,12,2,3.5008146883140676,0
44,64.4543212520193,14,3,5.3981646876742415,1
32,88.59039317051985,7,2,2.8345127660203957,0
45,53.93814560616548,8,1,3.746074397632378,0
54,63.40885997442726,13,5,6.510053925564825,1
36,74.53741047489872,9,5,3.7882806606236503,1
43,71.08285853025498,13,4,5.747577872869701,1
69,47.71152951104316,16,2,3.345883895877951,0
43,61.92754246228072,13,2,6.201692954848985,1
42,70.95079640338106,7,4,2.7582372881403034,0
43,37.432973249784446,7,2,6.187773778637298,0
43,85.27078021593016,6,2,9.326976399711965,1
63,88.63177810428222,5,2,3.9300380807858675,0
45,45.54439489111012,12,3,3.677433095607352,0
66,63.873400366963374,8,2,7.278505447876171,0
35,72.84556513342064,4,2,5.129577838520997,0
49,49.087716873424945,14,4,2.6606808987546176,0
20,69.63227691376188,11,1,5.678636462885369,1
19,63.26511252584331,11,2,5.433103182571778,1
50,30.641636447223984,9,3,3.734772922407701,0
59,69.18322631957116,7,3,3.6576923316511527,0
36,37.997151674579285,10,3,6.737282262711181,1
34,78.78405703324094,12,4,3.023804705219278,1
61,46.575778497322226,12,2,2.2586554041565927,0
50,56.774291326777096,13,6,3.44997623003937,1
29,87.4455782689315,11,2,6.731062604157556,1
66,69.9276329305769,5,5,4.477044310863244,0
20,38.41052160850909,15,3,3.8713498807320352,1
60,39.70166858401832,9,2,4.8630493317475665,0
66,48.01394422752549,11,3,5.974963216912953,0
43,67.89288166713332,10,3,8.069434384234947,1
52,67.16599629865536,7,5,5.701861347365889,1
25,43.13795390674262,12,2,8.920037625839548,1
69,36.65581028771282,9,2,6.46277590888617,0
53,65.63166810171668,16,3,4.404768486792493,1
24,56.36279868419676,13,4,6.782104609736425,1
63,103.14431774895475,13,3,6.2739415546301345,1
63,60.73207313126158,15,1,7.32424250444441,1
53,96.2850565540055,14,3,6.473899918869992,1
33,36.5923280379132,7,4,5.227859159263705,0
41,28.535741208765856,6,1,4.038141551871579,0
18,37.59829734948931,11,5,5.269734585694537,1
66,83.78259562906933,7,3,2.035981125434691,0
42,95.12203179387068,9,2,4.674109493377866,1
27,44.35641092094732,14,1,2.640721944780718,0
33,50.788679404808846,10,4,5.916347202490534,1
33,36.620381795750006,5,3,6.668394108450775,0
25,23.76720305763226,6,3,5.631038769191495,0
46,74.36823395553259,13,2,4.674800614026615,1
56,64.46040605924327,14,4,4.429499002936565,1
45,60.20975965347751,7,5,7.402010388081855,1
23,31.9988692567324,14,0,6.973042267050283,1
33,92.7991336365732,8,4,2.87738439027859,1
37,49.93286523901054,9,3,5.510483553319519,0
33,70.67252849632952,8,7,5.650403232999794,1
24,30.90877189510551,19,7,4.589072067743186,1
58,56.189496207599255,11,4,2.268579413357133,0
31,65.82748912477167,12,4,1.0,1
60,66.54150436106615,4,1,5.344493257709573,0
43,63.0929708647325,6,4,1.6137075663596496,0
43,69.89044984097545,11,7,3.952918590384344,1
31,37.38959087934077,13,6,6.36882500222936,1
24,63.9474521087932,9,5,5.8318240267178325,1
50,62.275153669605544,8,4,3.80682681639429,0
43,64.63345368390122,6,5,6.790950548718728,1
62,61.44690434638363,7,5,6.052084703060931,1
37,34.53574452173205,7,2,4.0239086974551235,0
20,33.64400495782053,10,5,8.042309176037453,1
69,15.714636282308973,15,4,5.974751084955981,0
21,76.35069019690596,6,4,3.4405320806662405,1
43,76.55315019470397,9,2,1.0,0
28,76.8710058244424,13,7,5.447797374823709,1
19,66.13579924922904,6,3,3.990193049294877,1
31,17.337615645637783,7,3,5.041933125160615,0
61,39.465790164294674,14,3,4.526592305362939,0
47,63.40830835186224,9,4,1.0,0
66,62.710360055835906,5,3,4.41570628923408,0
29,55.545035736959576,11,6,2.7949255276729743,1
43,67.37834405816494,10,2,3.983679168669211,0
61,60.233034153704914,10,1,3.8420179688273235,0
50,62.41540931102723,12,1,5.1277886406615085,0
30,47.218693343359675,7,3,5.599548938248207,0
31,79.64021972243181,13,3,5.9227098810481635,1
41,51.38456782639232,11,3,1.0,0
51,33.38701833958747,19,2,7.842476565769383,1
61,44.58001974362543,9,3,1.7361383911885913,0
43,53.030676172760394,13,3,4.9730978986974845,1
38,79.88005576737693,9,2,3.3428576945261423,0
45,59.15464003130414,8,4,5.591053972602389,1
65,56.277035620687016,11,4,1.341036674015685,0
53,35.02673150474745,14,3,8.098477493542592,1
57,75.70965179659153,16,2,4.281383441576476,1
19,46.960956919532286,8,4,6.0010772340012135,1
59,57.99944282117328,13,4,3.3987823485831696,0
26,89.6036615376373,15,3,8.321782620975421,1
40,70.1752666209861,9,2,2.2558340804704917,0
32,27.43491904569651,10,3,1.0,0
30,24.609795272950556,8,4,7.725821717391849,1
40,58.71379099761508,7,5,2.6476361518583427,0
34,35.7451877025039,4,3,4.860190794420316,0
65,72.97093495265996,9,2,8.116770635698394,0
19,60.84526129929959,14,4,4.189420665658848,1
37,63.30769538047726,11,4,5.520584774340191,1
37,45.86513636715294,11,4,6.629939799692001,1
63,94.8276731057341,13,1,5.060102770745546,0
20,116.85187456020918,9,0,7.602218905854668,1
29,54.428305524865706,9,3,6.410788695928122,1
57,67.06078496830001,7,2,3.211950579685087,0
19,61.948346861286254,12,4,6.4635227833869395,1
53,54.80626273117863,9,5,4.931275772751492,1
31,43.358590645344066,17,2,4.940869297738653,1
33,38.30064025039046,6,3,5.664836204660281,0
36,37.28805468948951,7,2,6.841092718838819,0
51,68.10480051098291,15,3,3.074645323910434,1
61,49.60651043592729,7,5,7.610927971298715,1
63,15.0,18,4,7.487822683534752,1
23,68.89716441196644,6,0,3.7352518105591166,0
30,59.23477435071688,18,4,8.517264432246256,1
53,86.93346002802292,7,6,4.653192041026708,1
39,67.46244794182019,7,6,6.134559617644155,1
35,30.426528073794053,16,5,4.076674001765469,1
29,15.40646718540038,14,4,6.638993632600927,1
69,45.61055231324126,8,0,4.110090999952196,0
47,47.49785158612695,9,5,5.319474725505838,1
68,78.86318402000333,10,2,1.0,0
57,59.82258135420853,11,2,4.05633681927414,0
24,82.67376996197018,7,3,3.8695695410586977,1
49,33.50333888594731,5,3,1.2172396090287645,0
65,79.30528768760897,6,3,6.536870340862227,0
36,74.41978306861839,7,0,4.228760064524828,0
23,19.635317771376073,8,5,1.3639623161153485,0
37,86.45235682521545,7,2,6.203275246396959,1
44,61.86916983532706,9,2,7.178988382697676,1
60,67.84089007737012,6,4,4.731072075977234,0
54,42.702077751431545,9,0,1.980600389537083,0
65,85.50494025843945,13,3,1.2321953199036941,0
24,36.28295341522261,17,4,2.5508891033365084,1
22,76.64184036747892,10,3,3.3405348673438295,1
28,76.41214951817342,13,5,8.41946077043597,1
32,40.516651436555556,18,4,4.591751251396459,1
20,99.66747198845148,10,6,2.4547947789898834,1
22,64.63056960435038,10,2,3.770090368868285,1
40,73.07785220542048,10,4,7.141284623610721,1
54,29.457584093284886,5,3,6.110345345299193,0
26,102.3546000601713,9,3,5.0933818284336025,1
32,35.508861195498206,10,3,4.662772570400607,0
20,80.49772865531861,11,5,5.007372982090081,1
46,40.104565641366094,9,3,5.311683649523051,0
23,47.62022394304635,15,8,4.611544782286645,1
34,75.77508087770894,10,6,5.2043287160938005,1
43,80.55105427350314,14,2,4.398697963377573,1
38,34.57431501771796,8,2,3.2886550649744613,0
25,81.80944338113989,11,6,4.472965024939368,1
38,80.89960990266388,8,3,5.660299880894481,1
28,41.24093182310215,13,2,3.5448878723220627,0
55,91.9729518718222,7,2,5.841973757599407,0
25,30.86284743503924,9,3,6.659364861911352,1
59,47.50454834444769,11,2,5.682350224655642,0
41,69.58005248183977,13,3,3.8766966933011555,1
52,42.92867430594787,10,3,5.192025845528879,0
31,65.27638171358682,8,2,5.306954938179489,0
31,64.8215215760659,4,5,5.398580826835412,1
27,56.258514601545585,5,5,7.980025974509568,1
29,76.64801077181119,12,2,2.683877884877531,1
55,55.43278414684722,14,5,5.41365969284907,1
61,64.63082137627612,15,3,4.199728395337609,1
63,82.92943754975805,5,0,2.5086757283606897,0
51,75.8137242005168,11,4,2.484140280207024,1
58,75.72034581628417,11,5,6.754727183163423,1
27,37.0164079556644,15,1,2.1916983214310517,0
34,70.49585151002644,13,3,5.597436220809392,1
34,42.430024180609905,10,2,5.262947861724186,0
20,34.37170040443947,7,4,3.2838375186579354,0
48,58.56587307430063,8,1,6.6721552591511015,0
68,41.9140962669682,7,5,2.6369170530387938,0
18,75.81235437679955,7,1,3.901845831472497,0
29,76.29070919390648,11,6,2.8174892888889214,1
56,21.94747527137116,9,3,6.529721238036419,0
21,43.433949208462195,10,5,7.367089897736406,1
59,30.804266561640024,8,1,5.497172341864965,0
30,50.74741446814219,11,2,10.078522642305296,1
51,69.10351339737649,14,1,5.891467419205081,1
59,55.15423803643223,8,2,6.264391438442314,0
38,48.20481518665729,11,2,7.013043247279274,1
39,86.00353053626279,9,2,3.6553283038833877,0
21,15.0,9,5,5.816665527210244,1
35,84.73743787036449,9,1,3.066099097301698,0
22,49.11423413689029,10,6,2.3637995980758024,1
36,58.43781979774421,8,4,7.184424039488663,1
19,49.45273324559783,7,2,3.3000492123184877,0
29,90.85776211078237,12,3,5.366800327419395,1
34,35.380430063894806,7,2,8.263088441858715,0
27,60.234727394438714,12,2,1.3779315467523023,0
51,70.54877303719994,16,3,6.302353097371527,1
23,27.77994464229665,15,4,4.956232409380213,1
25,41.602036591076924,8,1,4.859265617324055,0
68,57.03642933003542,10,2,5.119170751271893,0
28,42.2666993063125,10,1,5.035003247902845,0
29,43.688164575617,10,2,6.046585543035905,1
26,53.00274673847125,8,1,2.897354747163107,0
19,72.99162663292347,8,7,6.004309098306839,1
25,53.14564446243711,6,3,2.7448499686611836,0
28,81.56852388945893,9,4,9.207798605363534,1
53,40.04484434681291,13,3,4.790003323698193,0
27,34.96155479053095,9,2,5.3588501586483,0
38,98.52690811442268,9,1,8.541592209616663,1
37,46.840837446689775,10,5,3.450786068232368,1
65,33.7817598585568,11,3,4.9775074764023355,0
25,25.158921164563395,6,2,2.1799051315934443,0
53,81.50206907617878,7,5,3.0597328066937175,1
46,53.17390970679882,8,4,2.152053882370528,0
59,54.92580529867203,7,3,6.596412744804661,0
29,56.815965768267205,15,2,6.138992647295602,1
31,80.25885769339563,13,2,4.125753612966719,1
65,56.409403320481594,11,2,3.9866043416213754,0
67,106.88107557665252,11,2,6.941331135555237,1
38,62.67521148108459,15,5,4.989904930518859,1
39,81.23569533916643,11,3,3.2654758657975376,1
38,76.10479715808813,13,3,7.1463342869171855,1
61,59.271053594839245,12,2,4.71711163907784,0
67,48.260580279590734,5,2,6.354568335868018,0
47,66.63927857133108,5,3,5.143592052878332,0
56,70.20197462414546,10,2,9.155464977537012,1
37,48.548279037469456,6,1,4.586314391457762,0
41,63.32677731901312,11,1,1.0,0
40,84.72409956519192,9,5,4.5443208879509145,1
24,101.39895478139357,10,6,5.5327915118540165,1
26,77.08738640698843,8,1,5.919506276803826,1
18,97.25519372760564,11,6,6.617509790415834,1
43,47.41251577587089,17,4,3.8382869935738473,1
55,74.03764504118588,9,0,8.127832304609557,0
55,86.77039017162545,5,3,6.929668927639967,1
61,42.07333334056008,12,5,5.261878424547715,1
39,50.288197759099816,13,4,3.612021398341067,1
61,94.758095236705,9,2,8.855952584079196,1
27,40.498022884261204,12,4,6.458422649751187,1
23,33.177399346885785,10,4,4.015496618322859,1
34,90.55963147279023,15,2,7.804185522703438,1
68,83.93526449960876,9,3,5.4405926795409805,0
67,68.64240487967538,13,4,8.018533909908697,1
55,59.08578490708345,12,1,3.3138307037582537,0
41,51.22950988790036,10,4,4.599121048272284,1
68,65.63897747618103,12,4,7.7639609509886025,1
27,91.596139148031,6,2,3.6623098415683684,0
25,64.77132252284152,13,5,4.493084695973487,1
38,103.33918534493932,17,2,1.0,1
23,42.041160287195396,8,2,5.824413416245772,0
38,59.60638491343461,9,5,7.308355647951162,1
56,52.53882664672169,15,2,3.1574075940086903,0
41,38.29716913675334,13,0,5.895142518489844,0
50,56.938325339806894,9,2,3.9179555499381022,0
35,68.3465860332088,9,2,1.981688245901709,0
45,70.4846035990406,16,6,4.349337900921848,1
69,103.40904357889113,8,2,3.850704753233587,0
49,69.2893493944712,12,3,5.254782594705975,1
29,83.00273607359232,11,8,4.3883111098665974,1
65,61.32188492597952,7,5,7.674635836638766,1
59,93.5611120090519,9,3,3.8846193703828487,0
44,107.96898571176139,6,2,4.741212809163242,1
27,70.621702619519,11,0,5.479077578515969,0
63,40.14681969096837,3,3,4.898044179434021,0
69,49.02389954445663,8,5,3.928973051212526,0
59,65.63868606410324,10,3,5.1026892430062905,0
49,69.12996070501292,8,2,6.049351573977188,0
59,73.96850268768743,10,1,6.797378268766063,0
43,69.20395362460081,6,6,1.0,0
42,60.13969832511877,10,6,6.013218510299947,1
28,47.27603117595743,10,6,3.651019390509889,1
40,68.02276522528459,5,3,7.315963707364092,1
51,97.09974714961314,16,2,6.864706449993176,1
69,80.3985721085551,12,1,6.851190492571192,0
57,70.69407899272396,8,1,3.832634275548993,0
40,80.59133847645502,10,3,2.2141755935722154,0
46,52.57871942198295,9,4,7.542197486903532,1
48,49.83469707833359,11,2,7.337841799652995,1
24,45.04429791268036,5,5,1.0,0
57,57.49426754461124,13,5,7.750252634112552,1
50,51.5598820658184,6,3,5.709752516430942,0
38,84.16549481304278,11,2,5.263901391126403,1
19,50.493531646356224,11,4,3.3551428198389255,1
35,43.94556567550167,6,3,7.028686870460472,0
64,98.85154357661264,12,1,4.080043975903533,0
50,50.972495378373125,3,4,4.070737013272243,0
54,63.07056914500702,8,1,1.0,0
51,69.02645649486823,13,0,3.5120148066724415,0
37,37.266137621583695,7,1,3.016093437984578,0
52,84.70967539006139,7,2,1.0,0
68,72.74238080822455,10,4,8.11773576349623,1
67,91.16768023761563,10,3,4.750453919558352,0
35,46.415561255637996,8,1,2.1486099860499195,0
63,61.9825158495232,10,5,3.072384106250082,0
41,60.787115099883906,7,3,3.838366056826992,0
25,65.27776988700043,6,2,3.80741125724553,0
47,30.907705028456782,9,2,6.601203462497248,0
61,62.216727573844445,9,4,4.461471364987254,0
27,31.470721771525096,10,5,5.197215689321187,1
40,67.16668142393843,10,7,4.470521274854423,1
69,17.427017509629607,9,6,7.325769117603557,0
66,22.96826331418827,14,5,7.755287237987666,1
28,76.37097432879997,6,0,4.732402271421419,0
19,49.06323089610434,5,3,3.107544256130099,0
43,40.24283852735518,14,3,4.780935990426152,1
53,85.41691242151096,7,6,1.0,0
50,66.5525243465683,5,2,5.6271492706953445,0
64,77.44180391067567,8,2,2.2820971697399908,0
30,56.675158553583394,10,2,4.557974333335747,0
57,113.59257387800005,8,5,5.943233771561346,1
42,47.9097227888041,17,5,3.8594148869618436,1
21,94.88991098719777,10,4,4.123111896003502,1
59,58.77267919800174,9,5,5.515971809380006,1
36,26.909792101745083,12,6,3.8837625142780974,1
35,69.65697491496218,10,4,6.848752317856807,1
54,66.29525122910327,7,3,6.545821104789927,0
47,38.973563715215406,9,0,6.134721985125565,0
36,41.55561445730571,9,4,3.7393988842981623,0
40,59.506047138300154,11,4,6.146941804291508,1
33,66.99495630495963,11,1,3.514101201360959,0
18,15.0,9,5,4.825474095207092,1
29,81.06242905047606,7,2,1.0,0
41,50.11004052370045,8,2,7.3143882948442185,0
51,33.36505031203647,6,1,8.453730548667453,0
25,78.82133102903862,6,4,5.449609493534172,1
35,59.52764041163088,8,0,1.8367758626047177,0
65,84.3233155356451,15,4,4.564651328315961,1
22,68.75904525959511,10,3,5.14212821023503,1
43,59.96970994103908,8,5,5.032050715950153,1
47,56.94540110039688,8,3,10.082008253163762,1
30,69.65425521112276,5,3,4.5108970172695475,0
36,51.729374823813394,7,2,3.8453098499677134,0
46,42.94854822507001,7,2,5.325962034948608,0
20,72.19818245309288,10,2,4.714486283692469,1
43,57.110243171111414,13,0,3.5010934773314677,0
57,60.67135296138012,20,3,1.4765020101162856,1
29,81.78759672309215,13,3,6.464720346120847,1
19,57.72246784528518,10,3,3.271577110100732,1
28,60.30067851083581,8,5,2.9871035538152384,1
61,48.00700977098136,11,2,3.3778960839349375,0
45,68.61479867963702,11,1,2.076171934155038,0
35,66.99655825360176,9,1,6.3120589444035495,0
30,78.01550263581116,7,1,6.044924588426701,0
54,48.417423259862474,5,2,5.37992058358295,0
39,50.84366060819629,7,5,6.419539618726518,1
29,75.84274798290939,6,3,5.863276321471204,1
19,65.04426006725727,9,8,6.175570303917519,1
54,41.87563747614611,15,2,8.648896245112734,1
24,86.13108135469001,16,5,6.963535910169527,1
43,26.03098863199498,8,5,5.351452798079256,0
43,75.68569506527504,11,1,3.1325945779335806,0
41,34.69575928003607,11,0,1.8081539867294194,0
29,97.71577032971054,9,6,1.4811036529470365,1
33,29.108005461887533,16,3,6.892675970509433,1
40,83.04501303745496,9,1,3.8841819139990954,0
57,58.36731279977512,13,3,5.158522537089899,1
26,52.66794860322512,9,5,3.0939356326490848,1
49,63.707933129355226,9,5,9.41101982735793,1
32,72.63800678315626,11,3,1.408255201244729,0
54,41.91198995338261,9,1,5.277283854167244,0
30,43.684245496628556,6,1,4.282795906075702,0
22,72.99209730225772,11,2,5.036683717248243,1
28,25.853140927008,13,6,4.358768919657644,1
27,48.31541813615829,15,4,3.217182738710294,1
69,120.8137390831888,6,4,2.76381742933648,0
30,40.63974070821438,11,3,9.096879792319184,1
58,82.95605583519506,9,3,4.404251570844541,0
63,48.28098462572376,8,3,5.684443135364253,0
67,70.18090289594288,10,1,1.8120542097666346,0
32,73.08711381192435,13,3,1.0,1
59,82.57913470365895,14,4,3.6467109064472476,1
24,55.994923463744485,7,3,6.746149235811722,1
57,99.77769277509707,8,2,5.056636613647214,0
45,48.2132687082964,6,1,3.920145799419957,0
49,64.6844082719912,5,2,5.859627920702443,0
52,64.90553864435215,10,4,3.8993330682462037,0
32,37.56063760101169,10,3,7.7532352440873815,1
65,54.28255490041759,13,1,7.835111493600224,0
53,63.23026998476815,9,5,3.845485361662023,1
38,51.357579137411605,10,3,3.446578563157921,0
23,108.8184793091307,8,2,4.853499170025039,1
18,43.227526528009385,7,4,5.853348080510001,1
21,83.58848936280856,9,5,4.452401614092929,1
28,77.12919626297573,10,0,7.091969722432884,1
61,59.72275730991457,11,4,5.531052625611249,1
43,42.69581892295506,13,1,7.176555695345495,0
54,44.6348935921646,8,7,2.755550243868356,0
40,49.6406540156698,13,2,3.8147539917810827,0
46,24.285174361074738,5,3,6.066324431538867,0
38,39.93069148401419,10,3,5.105833244703157,0
65,30.35046969272715,12,2,4.624694904678156,0
62,86.91750006355434,13,3,3.9617613852648326,1
62,72.36924784776437,8,5,5.1734697191516705,1
66,75.71948197730921,10,4,7.85649245186881,1
44,71.77663903083895,7,3,1.0,0
56,63.339352466683266,15,2,4.696054604824496,1
57,89.21360664258273,15,4,4.783093453241165,1
30,47.78474688536525,15,6,2.8251217041442276,1
40,62.1333931073409,6,2,4.688014371100394,0
33,74.94117655648246,13,4,1.7211401861011493,1
47,33.57581536287742,8,6,3.831641043996627,0
21,121.93177792285098,9,6,4.463035583450168,1
57,60.571315255551724,10,1,4.989611913090008,0
33,62.839789011511854,12,4,8.75033328548193,1
48,85.13756063349844,8,4,3.36766889737617,1
59,78.29910666020447,11,2,2.3508759457049253,0
42,60.76156038792918,15,3,6.984245027107206,1
61,62.60258876196084,6,2,1.0,0
29,29.91702938104042,10,1,3.76189925421716,0
43,48.87068444300048,9,1,4.348658438435824,0
54,70.34420432317921,9,2,3.1175914570702963,0
65,68.87785678085773,6,1,4.810218558947306,0
50,84.42331500008174,14,1,3.7029689777591477,0
45,57.58997883553351,14,1,1.517090760565731,0
26,32.25426973138268,6,1,6.236196934082493,0
29,81.13460861551356,10,3,6.313647165770595,1
22,88.72178692364031,9,0,3.025110078798373,0
69,77.9648914571246,10,4,3.917602642161835,0
45,56.727326582850175,16,2,8.712104173504535,1
52,80.88772103753158,7,5,5.896924506425271,1
22,128.57820956016428,15,2,5.000400058917668,1
51,62.30304628880951,13,4,8.234910839009077,1
63,33.76526615509751,7,3,1.756696704615055,0
51,48.27429900895696,12,3,1.0,0
30,72.50952000608102,7,4,5.333813018540676,1
56,27.903913782038742,14,0,6.6802010394374385,0
59,63.38806149824139,9,1,1.5786020424401128,0
62,67.60673300631765,12,1,2.4007996131920493,0
65,90.70243479625304,9,3,6.5861304893672274,1
31,86.20389712108602,8,4,2.695439992186147,1
28,77.29169583503543,14,3,4.487634773909087,1
59,16.746419789709407,10,1,5.419781768105314,0
55,78.4210625609585,12,1,6.909718587899896,1
21,74.11026772120493,16,3,4.387126362549921,1
50,65.11888754156693,10,3,5.984796863911978,1
24,25.395557477090293,10,2,2.520942749957138,0
58,44.464521816258795,15,4,6.177743937073281,1
25,36.66354460931868,13,1,3.182482867218315,0
54,19.69983120985819,5,1,2.2386970536565185,0
68,59.94169697170411,8,4,9.13038842936767,1
27,44.043557571144405,9,4,8.659988057149624,1
60,112.50611160537824,8,3,5.296257364688868,1
32,56.62456121124181,19,3,8.094246731757375,1
55,85.8750631173192,6,2,4.348493588068126,0
32,28.618019506135507,10,3,4.727961223342603,0
22,49.398208279902605,11,4,4.646928272601474,1
46,61.93795752068629,8,6,3.1732208007276905,1
36,41.83692102784659,13,2,1.0,0
68,51.555986303905115,10,5,4.381408469653969,0
27,55.64098187512923,12,6,7.6048149935389375,1
29,55.32184029110211,19,1,5.551640217666834,1
21,97.10237146070693,9,1,6.629060393160853,1
48,67.5645257086302,12,2,5.786196843208792,1
35,69.59021125882606,11,4,3.3068787432944653,1
33,70.79309548690141,7,1,5.496451718120105,0
57,72.25252754674224,13,7,4.33535367784695,1
53,58.342260322502696,14,2,2.874911129916404,0
42,53.58507257042308,14,6,6.8391241491046255,1
40,63.33632119036555,7,4,2.3894331666120636,0
29,83.13607897826945,14,5,3.6819707854622394,1
51,82.52476376872767,17,3,9.433955979894764,1
53,55.19203048623178,8,0,6.402997125825926,0
54,75.35687389336223,8,2,5.490117992597835,0
20,56.10830673920665,9,6,1.0,1
26,60.677410988704885,10,5,4.7641782738235,1
35,50.52953236891605,11,3,2.670919024716528,0
60,56.36709722187533,6,3,4.844058380408412,0
52,86.8266013909936,8,0,4.619293201413694,0
51,61.84842294678472,11,3,3.286702981044934,0
58,62.70565017104636,11,5,7.344902373227992,1
31,31.055644414840835,10,1,6.909739486670955,0
21,53.81512184734541,10,3,2.748073026743832,0
46,55.173701925105426,8,2,8.148143247092472,1
58,43.4171302911319,15,3,2.700735114969725,0
62,60.43330823407127,10,2,8.328474354039143,1
67,51.416354195446914,8,4,4.578212614143103,0
32,61.59991710487164,9,0,4.199022647544288,0
45,62.43006019637869,17,1,7.978042546681747,1
59,40.88491284354711,7,4,4.671674385645735,0
33,52.02596435033621,5,1,7.195201914445683,0
29,61.54748565521667,9,8,2.3977593736644267,1
69,83.6859886231345,8,0,5.056982007798204,0
22,65.13438345591481,7,3,5.949079664966147,1
51,46.76129640165145,9,2,7.392799892064636,0
59,67.98009518487704,9,4,6.424922805318259,1
18,94.15097778643522,11,5,5.089856974705821,1
56,78.33412945178037,8,3,5.947263796044605,1
49,70.9505306087124,10,6,3.544513506417325,1
43,74.51180350964643,15,2,6.208133985183332,1
34,88.79908082857261,11,2,5.955346293284568,1
65,81.5125358803532,9,5,3.444792374943643,1
44,71.33520762235315,4,1,5.246023282841531,0
41,81.37284439180169,8,2,6.542369113510356,1
52,38.36697807471879,10,6,9.887691564706913,1
63,29.954694953194377,11,1,7.371026369909632,0
59,63.141973012876605,11,6,5.450015017564093,1
56,61.373614193010766,10,3,5.569236980302477,0
43,49.12179892973485,10,3,4.709403689650747,0
66,76.51705339655419,7,0,5.2227829713382565,0
55,22.742728270975277,12,1,6.552612558191864,0
40,49.30455487884392,9,1,6.50310334536677,0
39,50.3008891024477,11,3,4.829581432429947,1
21,27.27396429801081,13,1,2.801309701062586,0
66,89.89462014538609,10,2,4.571932451236443,0
26,32.815974626733535,7,1,3.3284250764138523,0
21,48.23319885384628,7,5,2.5688351461372587,1
24,78.15959515610268,9,5,6.2169177095947665,1
40,72.92090686857463,10,9,5.69095410428217,1
19,37.83650607030507,6,1,3.162263066538177,0
66,73.64978418521272,10,1,4.350894037816453,0
41,65.79568957316444,11,1,5.613534676824635,0
57,106.66071124222935,6,0,5.51515776834704,0
48,68.0788083213661,9,3,5.878594503339791,1
64,57.175163578629366,9,1,3.475573799858668,0
48,42.869960857611545,13,0,5.716073407960043,0
64,45.11513266088858,12,3,4.904688155792503,0
57,43.484618090636836,11,2,6.543758021705523,0
65,87.42197627823845,15,3,7.149680077479455,1
68,60.35939830032941,10,3,11.058459334834868,1
60,71.3049424794946,17,5,7.6192743277740576,1
51,90.28495199961775,9,3,5.252047405651676,1
41,15.0,13,4,4.9244199198281855,0
66,85.5774752940075,7,1,3.1281104784369322,0
43,61.10793823566668,9,3,3.1776810490401743,0
33,68.70096743280888,10,4,5.543105816616673,1
64,43.431935565034976,11,2,5.605110681423672,0
30,44.897512031029635,7,3,10.35270500824556,1
32,69.77691779625975,10,3,3.5445879758628185,1
44,107.6919560066294,7,2,3.3366970429734013,0
21,80.06626625629804,7,4,5.500179538667716,1
33,85.31045842837081,16,6,3.992426242647806,1
47,56.159974594771604,13,2,5.77850179289777,1
61,47.99591550828744,7,2,4.0525674185248555,0
47,44.383900968420136,9,3,4.429219888257688,0
53,50.23452550606624,12,2,5.859113728030764,0
20,18.94435133658949,8,5,3.8661308169135498,0
39,45.50161314216796,8,3,4.278966856994632,0
66,48.79293687880313,6,3,6.057259722454222,0
39,56.49283651210318,7,4,5.093100730114218,1
67,62.635002194945834,8,6,3.720512145682391,0
67,67.24901737251221,14,2,4.036106846252806,0
66,59.701492551140795,17,4,7.084819963005914,1
29,48.37113827314486,16,3,5.620641489815663,1
38,20.732827134689586,9,5,4.277003576019963,0
21,48.49382783196413,12,2,6.7317504150645,1
48,40.55098724625989,8,1,5.872366571631976,0
61,69.32133496557208,14,4,7.709727533668474,1
48,78.18574793387387,12,6,6.7716092431097366,1
40,78.77142134119879,2,1,7.332948216734609,0
37,75.13905472255641,11,2,4.319597546428843,1
32,57.32948529095024,16,3,3.222218338400233,1
40,49.56088869048207,8,1,6.543678161215643,0
45,45.05794492665868,14,0,6.562641851530038,0
33,29.850021667964988,11,1,4.790618948488846,0
54,79.83707401015715,5,3,2.913126987570312,0
38,56.50577924140051,9,3,5.613909254358443,1
32,35.073194127582525,12,2,5.776888727059642,0
34,43.4701724857953,10,2,2.284519841184708,0
67,42.66053087134895,12,2,5.748547060603357,0
54,60.86048970030254,11,1,7.301284758363397,0
30,81.34935702141371,11,2,2.3722909430124877,0
36,53.04020900808834,13,3,6.058345443904613,1
47,15.0,14,2,7.620694104955144,0
62,56.2163932968216,14,4,7.745707811294416,1
35,56.876121998056085,9,2,1.251198395693402,0
31,55.50159538128956,7,1,7.1752741944315,0
53,47.450776670485965,7,4,4.372899386159383,0
53,64.34878161451685,9,0,4.140747294060599,0
37,61.322822302980036,7,3,10.024709821818881,1
69,59.503393717467056,8,2,5.439800761470863,0
36,68.25282722885932,3,5,4.234359177432429,0
62,51.40334353704293,9,3,6.59844289586492,0
61,50.26828660598694,8,6,8.371304303510357,1
24,87.602465791708,8,3,5.3466223318158805,1
61,71.18710819430872,9,4,3.932656396172775,0
21,76.53892121885599,8,5,5.182474858216896,1
51,84.52209170668137,8,4,7.1817152011065595,1
19,70.518883612496,6,4,4.378201394414866,1
22,78.56777358272342,9,6,7.183628261536343,1
27,28.413096758594794,13,4,4.719184881216308,1
49,64.08307743992054,4,2,1.2907685920937229,0
59,56.34563076371345,12,2,8.03982663796365,1
58,93.55368181799619,5,4,5.670591558239121,1
30,78.552910636066,7,4,7.107961897640108,1
56,47.3910961841364,9,1,5.604611030540246,0
22,67.45588317058412,9,3,5.074382423447791,1
27,63.353626668984795,5,3,6.473784132037009,1
27,69.08662866304458,8,3,4.692062002036741,1
55,39.62315061250696,9,2,8.62675094450232,0
44,67.20032930476451,11,3,4.939121689436125,1
68,55.43697301423531,6,2,8.637468444836431,0
38,65.64899528111201,15,5,6.209295376314432,1
25,45.51229669755661,7,3,1.0,0
18,48.29873657206801,10,4,3.020201205087509,1
45,83.47684040733405,7,0,6.699324007672896,0
66,38.96904883319678,5,4,3.16301430568595,0
56,40.44491197915903,13,3,2.2872538285265187,0
31,58.96837485568844,8,1,7.5682141112312795,1
38,44.56219249628091,11,4,1.823560641300812,0
47,42.299427354744026,8,2,6.5559295913787246,0
38,62.1015194241659,9,5,4.273415122813207,1
66,29.898682861925906,12,4,6.404612409907853,0
26,39.84075530172724,14,0,5.533180146600287,0
34,101.08191165847288,9,2,1.0,0
22,69.18950117938019,9,3,4.370115949059937,1
48,45.06873295460178,10,2,4.511657063990454,0
69,68.36430156532394,10,5,5.818145949996303,1
57,71.34660953973258,14,2,5.637037369232435,1
55,79.88828840180477,14,3,4.509673313577232,1
60,57.45687941086539,12,1,2.7317511518085,0
36,79.52995405545778,7,3,5.962223331179699,1
53,19.231069502356547,7,2,6.742317876958575,0
67,38.87383739048494,10,4,5.6616553755838686,0
50,63.27742803472911,5,3,4.5610774354685475,0
30,66.59267065615583,6,3,4.259121652516992,0
31,41.764354246627164,10,3,3.1645350192239228,0
50,65.18839982526319,14,5,5.49680773923559,1
46,47.52319502625479,7,3,5.38341186496203,0
60,54.46081811545669,14,0,6.672418672884518,0
66,80.49547601330022,11,6,3.7541647257763335,1
53,78.178749937772,7,2,5.238408960801801,0
61,40.05879345273475,10,1,2.36780097503345,0
27,38.85497075959793,12,3,4.321081997547154,1
48,51.77653208893368,8,3,3.8764856339568983,0
23,59.4650739765415,10,4,7.115271959244899,1
18,46.84203022850518,12,1,8.412720858780391,1
24,80.81284885599337,10,2,2.6472961218921327,1
44,66.9477968341711,11,0,6.815348982683329,0
38,68.12170219748859,15,1,6.361117371836016,1
45,34.66922342110057,8,1,3.9019839270770564,0
33,83.3458143476756,6,3,3.4964823731462857,0
63,15.0,12,0,3.471138245869435,0
40,76.68110903698738,6,1,4.245226613291895,0
69,78.68623475341542,8,1,4.282422611082714,0
37,51.35197625444077,8,3,4.694317052190124,0
55,85.45820434494848,13,3,3.9801009042262017,1
42,58.738048940913075,8,3,6.611922338965481,1
45,61.24863406654886,13,3,6.0175747948829645,1
22,66.79057574808432,7,3,4.653534725813077,1
38,123.7314982362211,10,2,3.921121022111019,1
35,86.8886781616601,15,5,3.8677267278092584,1
64,74.02262401425835,8,3,5.87750289881988,0
23,41.743910267976105,12,3,5.112350022408165,1
46,62.87179650958984,6,1,5.397495665514371,0
36,43.73751812307227,11,4,6.716791387466893,1
50,76.44221694565626,10,6,4.8913612177316805,1
18,62.809339514697136,8,2,7.740350201448457,1
62,37.50956640772209,15,7,1.0,1
20,61.62249166837006,11,1,2.3697431531746163,0
59,43.01165060567389,15,0,8.620173017165257,0
38,63.02432442675094,11,2,4.204510342170867,0
52,42.81845367269487,6,2,5.592518538753524,0
58,60.549752667216254,8,3,7.506243629173076,0
57,75.0093972387019,12,4,5.686498707264665,1
20,58.938960161497874,8,7,6.826024175264368,1
42,52.182234656552225,16,1,6.23124033389259,1
62,64.06552442114925,8,5,6.965840334597131,1
55,73.94365241585706,11,3,5.986042774896059,1
62,37.85633460236479,10,3,6.4622577801621865,0
37,65.21312309410405,10,2,3.8401329051674464,0
69,86.350816380348,14,2,6.04616215846426,1
61,71.4731392655343,12,4,4.9190769014970845,1
62,61.15508293334456,15,4,4.825891099053036,1
51,72.7947501339779,10,2,1.6416424592694119,0
38,69.04992912205364,13,4,4.156770415893647,1
65,75.07202218319628,10,1,4.731239102739845,0
40,19.52136778034111,7,1,8.111325459023666,0
23,28.930877326734695,10,4,4.441363550902999,1
68,80.09658298966474,8,2,5.565746409902442,0
30,29.894416476771188,11,2,7.750677275624874,1
66,68.0307727143841,8,1,2.5246612092096936,0
40,52.95900687935416,9,1,4.234012818130182,0
26,40.07621508808006,8,3,6.759280225814313,1
34,66.99299514294947,10,1,9.93860368772154,1
19,64.0206700743314,11,6,1.029883534315097,1
36,102.20685304192756,7,6,4.765402661710072,1
36,47.50377590928221,10,2,6.25641545136138,0
24,88.80220240138348,12,1,6.682126707340148,1
59,67.04845828768629,8,3,9.492224328289566,1
59,46.77956236914575,10,6,3.7096954706466443,1
37,75.9849291503449,11,3,4.529995576003943,1
26,71.31477008907902,10,1,1.7438230975589772,0
34,60.716865897160986,8,3,5.256236840821832,1
44,65.32590712881247,11,2,6.022299359475726,1
64,48.060259379089366,9,3,9.184080773322126,1
19,43.48425749490986,12,2,8.407931765554874,1
53,75.18884347645167,11,4,8.032422938207072,1
36,55.52121151373452,8,2,3.6093896145129367,0
34,58.39834003501815,6,3,5.8526461403128485,0
22,65.59643191888554,9,1,5.778328174632108,1
56,65.30576689567616,10,3,5.934218544846758,1
35,31.413470580518705,12,5,4.914834230305627,1
24,85.72504172909717,7,3,7.26184821595051,1
34,62.423643038013566,6,3,4.288183211397319,0
56,55.94693474355701,7,8,5.658857794656958,1
53,68.61692010339493,7,4,7.906426553725193,1
57,64.73084387229726,15,4,9.307153061321713,1
62,75.34125378979404,6,3,3.3425805776841644,0
21,70.75967344301883,7,4,6.101237391187301,1
55,74.35692457992533,8,5,5.908715110803311,1
42,87.01987811455032,7,3,7.439765688425009,1
22,77.67249097941944,12,3,8.26718208091359,1
47,56.790275593428746,13,4,4.333065352563018,1
29,37.541976878463345,7,2,4.848876755812316,0
21,93.3559586600903,6,3,5.146452258825408,1
41,55.24553253305775,6,4,5.9573895282462574,1
46,50.537851732789555,7,2,6.653745544085206,0
26,25.265463644711218,7,5,4.249385154862783,0
21,66.76946210624223,9,4,8.714003668572477,1
68,62.9777320790754,13,2,1.3415502252115932,0
41,29.697701275010388,4,2,2.6115615929726417,0
31,69.06548084266352,9,2,6.215333565700006,1
22,50.03616158597122,13,5,4.671498468606137,1
35,113.80630014577387,20,2,3.8679458922994283,1
59,48.61277615818263,5,2,6.918999222227433,0
36,51.29613335604414,10,4,6.625163651814622,1
29,42.50447551491264,12,4,7.49837994489544,1
35,85.55753042083944,16,3,2.928768226656479,1
34,52.544484110704936,13,4,6.625223944582078,1
47,45.501716924690065,8,3,6.604257285677448,0
41,74.13910019841084,18,2,2.9850527143256924,1
28,32.39294129173629,9,1,5.0786487392648905,0
52,72.50221092497895,10,3,6.937648643116396,1
40,95.62799433201715,9,2,7.68435637909791,1
34,71.33215665670178,6,4,4.706364360835518,1
18,72.7579663251985,14,5,2.8024480990808613,1
32,77.40120433814968,9,3,8.064453450527624,1
49,94.19416057351037,16,5,5.079556410165612,1
26,84.19787920038209,12,4,1.2220108897780175,1
32,68.79339444546048,10,3,4.520792300614489,1
45,78.07782801272003,9,6,7.265634397595534,1
41,42.281301490697786,16,1,2.5613713319375333,0
52,75.52587181494644,13,6,5.234438016703653,1
39,39.88888057632505,10,2,4.345452047019286,0
44,52.65955162736746,11,1,4.925051023446955,0
36,15.0,10,5,4.127511294807593,0
62,68.02859318734924,14,3,6.006320604149137,1
29,47.12255977783295,7,2,4.554772079901568,0
37,82.22290430408925,16,1,6.313726966302346,1
18,67.80385221210805,11,3,4.264789974757475,1
38,82.4819178940325,4,3,7.237159830302566,1
66,38.32806910654924,8,0,5.025902695382598,0
62,80.76772074319265,10,4,2.5853259888878783,0
18,102.11712688726654,7,2,3.2878812061419254,1
27,75.28316599863788,15,1,2.684175157940838,1
64,75.80698017384577,11,8,2.7979794594906,1
49,63.3919535278987,13,2,2.3735734963923805,0
56,49.506624388692714,8,4,2.8279627608683624,0
39,75.22384745403018,18,2,4.98904983513506,1
35,29.878341791958633,7,2,6.476929315599387,0
65,51.64489750158367,9,0,2.2947608985399697,0
63,24.57886395325636,9,2,3.390817576930347,0
49,45.926872453698344,11,2,6.606112961263268,0
44,72.84090183787123,12,2,4.684119349377023,1
45,70.10786752440927,14,2,1.5779328415688791,0
35,61.01827391070945,7,3,5.075548554494746,0
56,63.408019881240214,15,1,5.724064381673275,0
66,22.282707642715813,13,0,5.628587207419516,0
46,52.5487543885817,16,5,9.491921838525228,1
35,46.3729678712958,11,1,3.4936417440942593,0
61,46.818806189709186,15,0,7.200228891931225,0
25,71.99157255627506,6,1,4.951195304367781,0
48,42.78985346989379,17,1,5.936655800483003,1
51,47.906382997451786,9,0,3.69708507939032,0
24,18.258615085809673,3,7,3.6542248394415946,0
53,54.11753639247661,15,5,2.49828021274295,1
35,38.24324904572761,13,2,2.063990841864626,0
55,61.58405857379287,12,4,6.342320295968784,1
26,40.977839065150704,8,5,3.927234110300006,1
26,62.09084491098432,14,2,10.090171486098996,1
63,57.106284785153136,7,2,4.052805110558385,0
25,93.44083546084642,4,4,6.345450544579441,1
68,69.94435960906387,10,3,5.110287569813689,0
52,23.20724254875394,13,2,1.3494104123937198,0
35,34.702223117945834,11,4,2.308038877633844,0
22,61.104160179846666,8,5,1.9789778098256607,1
31,41.40304103214699,11,7,7.937845204644789,1
45,15.0,14,2,7.597029901044769,0
47,86.99092627667487,12,3,8.855412013736364,1
21,74.40448033810816,4,2,1.0,0
56,70.41953746983543,14,4,2.2613036593178366,1
37,47.8535390905817,10,3,6.209584673035233,1
42,68.55353542019859,6,4,3.4648927274133587,0
45,45.912793515582365,9,2,6.388503277753626,0
29,64.09714600435382,15,3,4.109245865259997,1
19,41.588335483270455,6,1,3.9045181276481937,0
60,90.32576901112029,8,1,1.3681312829235872,0
31,28.59526691836311,14,2,3.8465012282621243,0
39,84.64567659021662,7,3,5.7413390403023365,1
48,60.7783165603466,7,3,3.024072234050811,0
40,50.210660093160186,6,4,5.13738845282628,0
65,63.34005843391476,13,3,2.9064625870365224,0
37,74.66696014356361,11,2,3.4511195901856526,0
55,87.33493473388793,13,2,3.590014459239055,0
21,66.26286046267064,9,4,5.929273143904498,1
32,42.18607829475445,11,4,6.716497674884513,1
41,61.11260247531577,9,3,8.67625882082274,1
42,96.33586473324746,12,4,6.558511874704139,1
18,86.95356171025247,9,3,5.727588115832022,1
24,78.17526956248717,11,1,8.549794796056187,1
48,75.91374040244773,7,2,5.549057347922489,0
29,73.98900181213084,12,3,6.228721043391259,1
59,83.17509669019739,6,3,6.912866251392898,1
22,50.867424285561896,8,4,5.347397417833466,1
61,32.89827868449988,13,2,4.86378883309095,0
67,61.38007001474123,11,4,4.666970484795073,0
59,43.64836826444618,6,1,3.8543987323439692,0
55,38.89958489245631,7,1,4.007796977646106,0
29,45.59442846824136,9,4,7.124059141952412,1
56,109.70627849067372,9,2,2.806414997052489,0
35,62.72249268151688,7,4,5.275621793069475,1
19,67.23815672721976,11,1,4.952543615788213,1
27,35.55274385991492,6,2,2.1497030971185653,0
32,23.1249408241474,12,4,6.676367011572065,1
47,43.618947137623884,8,5,2.32736115181175,0
61,88.76391170417497,13,2,3.5095042173663593,0
34,66.68550932153042,11,1,4.828815029722228,0
21,71.97190182888784,7,3,7.979933212885713,1
24,74.77132078404122,17,1,6.04156346002166,1
58,48.173012404034445,3,4,5.621802682700541,0
48,87.75931167946734,10,1,7.703323075486221,1
68,47.343848015556354,8,3,4.4714875700069925,0
56,88.12464718525106,15,3,8.996448323528936,1
51,68.84604312270682,10,2,6.007156187512755,0
23,24.219096915073557,3,5,5.267088022263188,0
67,45.039810267989296,9,2,1.4065828581428312,0
55,24.30122934255791,10,6,6.951945434914018,1
62,83.26564265588416,12,1,6.074923792451239,0
68,59.50529158395198,9,3,4.5549383190123915,0
51,15.433151201004392,7,6,3.99002337794912,0
61,67.51493763439316,16,3,9.02689563904723,1
32,49.2567147522336,9,4,3.406223209178844,0
31,30.323882899333533,7,1,5.697697157057294,0
23,93.55931673937394,8,3,5.069316473169302,1
67,62.14571732193157,10,4,6.376817095985408,1
54,54.13137195373375,12,2,1.1552601559433437,0
67,52.01150438027966,14,4,6.34512669715456,1
49,29.734410616844556,13,3,8.19967593898513,1
20,33.90902200831781,7,4,1.1955714174488472,0
20,85.69833569750166,9,3,3.1032485860749106,1
39,50.52234260428562,6,2,6.130593221938918,0
39,60.44135401873727,17,6,4.732311751155273,1
27,19.113390475978505,9,2,6.3593478597421935,0
68,33.63815928408989,7,4,6.488707268217001,0
20,72.19625039749505,14,3,5.450332931351027,1
29,67.55423520227667,10,3,8.525628355836512,1
46,95.06750397448631,4,2,6.504984862851421,0
65,86.85912663262452,12,5,2.3486348483531576,1
34,55.38578055030354,3,1,6.401533247184736,0
24,69.45907129426541,12,5,4.9347493989008875,1
30,53.667931141938524,13,2,6.095112283084629,1
19,101.09619637277297,7,6,7.336223746983109,1
21,82.980293921048,14,2,8.230877375191323,1
27,63.393701817155026,16,1,5.168529133486145,1
56,64.00789569752703,13,6,6.6767766330206735,1
41,88.89700574519615,12,1,2.839588217814279,0
34,71.59155694227694,9,4,4.072753541814184,1
69,91.17256034140172,11,4,3.8746506744522176,1
23,16.127041474822533,7,2,7.06820872624167,0
36,69.22456522997597,8,5,8.454495806253194,1
22,49.6913027063723,11,5,11.378508621601231,1
49,95.12755975255985,13,1,6.722568354332989,1
27,90.92797374379658,12,4,7.24839010521943,1
26,60.65671618202613,12,5,1.5391077081020499,1
44,90.71261957622063,5,8,1.4239921631621493,1
30,95.66229039985012,9,3,3.262390252948401,1
36,61.488133438522944,11,0,2.491401289345032,0
38,109.43867544863716,8,1,6.023470194545521,1
41,59.373176946605554,12,4,8.471945723889831,1
55,55.70958099328182,10,1,5.0239078124812275,0
21,77.31745177168686,8,3,3.6885658873793004,1
41,52.92418537715372,5,1,5.610694293579527,0
52,61.70679551589787,10,4,3.56171455150693,0
20,88.1886884810182,12,1,3.9137988409549176,1
21,60.384377044345406,9,1,4.610003453617365,0
54,26.09964414049385,12,3,5.776012097687207,0
57,67.34638775698393,12,2,1.6665878042987714,0
65,46.07412841895211,11,2,1.0,0
52,77.30542314589093,13,2,3.280943549915662,0
48,73.92379431652492,7,1,6.044676085700304,0
61,89.42800696333045,7,3,2.4696882283642294,0
42,78.15064601585394,11,3,8.668572580882259,1
57,81.8048856731613,11,3,6.704119832369204,1
30,46.61806479724574,7,7,6.338585949191618,1
21,76.07972991781006,11,1,6.710420674094745,1
63,99.3690257872058,11,3,5.853043762423686,1
31,46.22700182726466,10,1,6.013910925799769,0
30,95.99476583454197,11,7,7.483981316730835,1
44,49.012998175973394,17,4,7.000076184039321,1
23,42.960575099000515,9,3,5.600853412161515,1
34,65.92400886709676,6,4,8.847033423916237,1
53,74.3182083225762,7,5,5.154921467979553,1
57,78.2350024794453,12,6,4.089993331456913,1
66,40.764751584535965,10,3,2.033610481407815,0
52,68.69080194508581,12,0,3.5551714088055677,0
34,46.288908570329895,10,7,7.404659044881867,1
58,30.221554878588467,3,3,4.931776100952417,0
19,41.42527368934431,7,4,5.958695458279598,1
30,44.981992680883636,10,3,5.161623587340127,1
69,70.43190320705014,8,1,2.5943233210278205,0
19,83.04427326137338,6,1,4.423965075886402,0
69,30.535867402494667,8,7,3.331871137092929,0
45,67.03922148416112,10,3,4.129902101475832,0
60,36.466036284581875,15,3,3.224702940759649,0
43,72.58170818028,9,4,5.963968454924375,1
39,47.54538837992504,13,1,6.624890764183613,1
64,38.97341963953443,7,3,5.070039505480407,0
60,75.9932903069515,11,1,1.020828238326299,0
20,48.261547891098104,12,4,2.294629402417144,1
52,53.680720972946034,11,4,6.291833584522184,1
29,15.600218248872473,8,3,3.488883475549099,0
41,78.93102722846947,13,4,3.4909759841577195,1
22,76.41817042338215,9,4,5.137897724837247,1
37,60.10915688562628,14,3,3.426007910323155,1
56,29.44838117288482,13,4,1.0,0
56,84.18738356669526,14,1,3.151231339362955,0
30,46.674732272784176,12,1,4.192582679260417,0
58,50.93293099798824,10,0,3.890366629247606,0
62,106.24088112719062,15,2,6.402241498830687,1
29,45.92727111781541,6,6,5.177412879635858,1
30,74.84419924853,11,4,5.035804844283757,1
27,71.24184524165236,10,3,7.313756877819701,1
50,67.8034438576017,11,1,1.879933121318956,0
57,65.64001085109022,12,2,8.129334652082875,1
33,67.52777123778398,10,1,8.302878324256588,1
62,65.4388118188108,11,4,4.768739143110067,1
52,58.961632824478784,12,3,4.214388847295024,0
20,90.22566248221484,11,4,7.685468814689067,1
22,33.746788784014434,13,2,4.47230645449821,1
43,80.42916208030753,9,7,5.706714544577817,1
28,76.44684597375104,13,4,5.55638191333699,1
24,73.96798242658802,10,1,5.978301180400017,1
27,82.33958855280257,12,3,2.8001699525203883,1
59,58.14801209463214,10,2,5.879518980210686,0
69,22.62051848346247,6,3,3.2357314394124637,0
51,58.55414680571028,6,8,3.8021975151694334,1
20,40.17611564750891,11,2,6.8570549932434055,1
25,45.362815802838725,11,3,3.993246183176253,1
48,35.15160652335176,8,4,3.7241159094100236,0
28,50.45310283112331,7,2,5.407595929335585,0
62,48.06752612033102,12,7,7.693109494114242,1
24,15.0,8,3,9.80982800068486,1
62,74.00443822564579,11,2,7.284778451737859,1
19,104.40643716009764,15,0,7.258324354569888,1
23,72.12474386992577,10,4,4.952208141913206,1
58,55.94152086931545,16,5,10.119040518348415,1
49,58.90507208647569,12,1,5.397247509346075,0
37,51.58028263973648,10,1,4.928728862191274,0
51,61.80083167733917,10,5,5.765354271014693,1
67,59.25983811853533,7,7,5.528877485481129,1
33,43.17903139203411,7,1,2.3724075344880804,0
42,93.65776777895663,8,2,3.6056985386664424,0
29,30.25691528580458,12,2,5.761149891181693,0
24,74.36663086388492,11,4,3.421258347486399,1
56,57.976047453649365,12,3,6.295289864962228,1
34,98.01663630131489,15,2,5.072124788164764,1
62,66.81729198496443,9,5,6.873481684724238,1
28,52.80188925633504,12,2,4.7525187291210225,1
23,55.04585603131005,14,3,5.963406224350743,1
40,60.79813389039522,12,0,1.3764985782938957,0
44,37.144186100071984,9,2,1.7812076850592953,0
63,44.66260949764177,4,1,3.393378789620747,0
23,24.301120616162848,8,1,5.621828040924875,0
55,41.54046203251812,10,6,3.4375852255086317,0
19,61.878129633209,6,2,6.455997276882718,1
39,66.00350098569042,9,3,5.773471470605831,1
37,20.41340610007196,14,2,4.082462494333892,0
42,57.25576593911599,8,6,5.447716995764984,1
32,71.26819901644265,8,4,4.111936930779484,1
66,56.741756132475295,11,3,5.630210059708314,0
46,47.32422708444399,11,3,3.979169807055929,0
25,51.75677709903572,13,3,5.792980417203501,1
54,49.18473290045556,8,1,7.721236198571431,0
66,47.265388817838854,6,5,2.5282926956809915,0
69,63.476470504896966,15,4,3.611358326335295,1
50,106.15376455470903,8,3,3.6941752410534994,1
39,45.12600166189633,7,3,5.622280303356751,0
67,53.637147346771464,15,3,6.675315564539767,1
64,58.96604121249537,5,3,1.5209021996638241,0
22,46.25291131283413,11,4,4.63306828105609,1
56,81.96471607046853,15,4,5.056478370046782,1
35,15.0,8,4,6.763831039815913,0
55,49.37881659242649,7,5,3.2083410748592947,0
54,76.36627472639924,9,1,6.459602123221921,0
47,54.11811383222732,6,7,5.586002262431485,1
68,43.58322082299417,3,1,8.548163544149936,0
48,68.81513508877528,5,1,9.387854060270652,0
27,78.12686470794304,3,3,6.5916628417965315,1
32,64.21270890430117,10,3,4.479131102519836,1
59,43.97559280374233,17,0,5.9813478930140285,0
65,69.12406638303486,11,7,6.16298525138019,1
61,51.959013994504204,13,3,6.0534354585287025,1
35,74.90373763787656,14,3,5.840739134257961,1
40,89.66517769713181,7,2,6.068270379667511,1
50,15.0,9,1,7.099297336750041,0
33,62.22134946391265,5,5,9.396006696387467,1
55,25.285321261047457,12,2,1.3813057809093037,0
52,108.83577170659541,18,1,7.599473752376468,1
51,50.63750932407619,14,2,5.283163285426976,0
45,74.92746483650745,9,1,3.4203019132459103,0
19,59.293662808102084,12,1,2.29840682474902,0
47,43.93830838561881,9,5,5.6110228549871,1
30,41.558939056451464,9,4,5.072039674152803,1
58,91.71358346201518,4,2,2.842571482877034,0
33,79.11876120356621,6,3,4.9386305001747495,1
22,98.87168174755126,9,3,7.07363457983767,1
45,61.109066703153985,10,5,8.103006209458586,1
56,65.75839242492,8,1,5.254823380292349,0
62,54.65616868689423,25,6,5.248872222781604,1
37,54.25835593769982,12,3,6.245788106446157,1
41,39.16226135045264,9,4,7.330156864323576,1
44,61.68020381848702,8,5,5.366981913151245,1
47,44.21506810227606,7,3,5.700532889530885,0
62,68.83817844328405,15,2,4.201517899392212,0
44,63.40020437960419,12,3,4.6845810813854065,1
43,65.75364087351444,10,5,3.7281161520776838,1
24,93.50259879380451,9,3,2.930711480963064,1
59,59.245641004688174,8,2,2.590127259968549,0
64,75.13454005706856,14,1,3.275765951016752,0
55,101.03018928171163,11,2,3.1380926750431537,0
22,86.13234138590096,7,8,5.59747596787781,1
40,83.0633939690969,15,6,5.895930070347541,1
45,53.86623568959,13,2,4.158815716664854,0
51,64.59286111135593,12,5,3.321812707667611,1
32,33.634474159401165,4,0,9.30360052350844,0
49,69.97828801928829,6,2,4.117934871931798,0
43,65.48920355227683,7,2,3.813475491518445,0
65,60.467702503123625,11,4,1.8539911513237302,0
48,80.5438957648572,12,2,6.034025645609795,1
36,35.84450355151207,15,5,8.63828412998851,1
26,92.69725702320694,13,2,4.626663671035256,1
46,78.03529375880568,14,4,4.306095479411955,1
68,58.587320406960515,11,2,5.553376392216474,0
56,57.02540824365213,8,2,5.615041246601539,0
21,69.61222430497189,10,1,1.0,0
20,90.41702464127559,10,4,6.295072660579422,1
46,62.03215437380022,16,4,8.750156783533464,1
69,62.880618039584526,5,3,5.111811996986322,0
28,60.36236955251743,9,2,4.782666316872288,0
50,95.64048225402945,10,2,6.5893299837945145,1
55,52.622337941259524,17,5,6.35185767993207,1
28,59.40984802761857,8,1,5.346102636103657,0
44,89.26871308521989,7,3,6.5460647242975485,1
50,62.94021667225727,8,5,6.640997869253123,1
38,82.74117720091044,8,5,2.6536539600383335,1
56,41.774398861940824,12,5,2.7027209501107254,0
48,55.89414956742972,8,4,2.4171700337434117,0
55,89.68868076880457,14,1,1.9728526416898222,0
63,46.473205684729095,11,3,6.621006639150178,0
19,56.97401920460585,11,4,6.6257715830030275,1
44,65.13370461782958,11,5,5.895520727336599,1
53,40.216909640140265,11,3,8.323856888963272,1
28,51.72379762756206,2,4,4.383317782009906,0
64,62.25273363651281,8,7,3.620026957795697,1
35,60.93363468323923,14,4,5.245276856211991,1
18,85.6070404167427,8,5,7.2842065788123485,1
52,90.82914389664506,7,3,3.8183358292128164,0
52,42.878302559981776,9,3,8.884059842889972,1
48,62.22537038334979,7,2,4.856580169667477,0
45,73.4849661684953,8,3,6.025954360139993,1
56,90.32694931598394,7,1,5.325177664237949,0
18,74.36980594634258,10,4,4.206024827707053,1
42,65.81826803184663,7,7,6.820579786410628,1
60,73.33085063965261,13,0,1.0,0
55,73.4753766867252,8,3,4.322776205484575,0
37,41.44571415431263,6,3,6.5904448284796455,0
20,63.855975850125375,7,4,2.096422313328504,0
68,89.18321988377383,7,4,3.5982630306521184,0
19,55.85286462611991,6,3,4.013716776023202,0
35,62.588932850948886,12,3,4.339881536701166,1
61,55.14967100947956,6,4,3.7952914484674687,0
27,15.0,10,3,2.962761831550372,0
22,60.41180354469358,4,2,4.858043790302018,0
26,66.03583861305745,11,1,6.611140793949462,1
19,49.75013218238196,13,3,5.764979467711488,1
51,36.907261022305434,8,6,7.053598985920559,1
55,42.38787080436701,10,5,4.59884070256121,0
48,75.28375232271128,11,0,7.518366145505337,0
27,99.4504954609381,10,1,2.4485783055817003,0
67,87.64866681810865,12,4,7.6224724717668035,1
29,33.113079903388964,5,6,7.18438867020178,1
53,77.09254621101405,15,1,1.844742680721306,0
38,46.7367524838142,5,1,5.936268106485694,0
66,48.35465874982446,4,3,4.747495137950384,0
64,50.760488040574316,10,5,4.787576450566863,0
23,74.12133899710861,11,3,5.132050536430422,1
65,79.18506752898077,12,4,3.7614189456361817,1
66,58.03937857440424,11,3,6.877590533723553,0
20,58.378585179839504,9,6,5.008177309016737,1
27,69.28527486471586,8,1,2.7507022518932844,0
22,71.35989079048484,10,1,4.924716792382345,1
63,83.52451413517059,15,2,4.051585411071595,1
43,34.31256048981602,14,2,6.231791975773275,1
38,60.4005467960806,7,2,2.369503950585876,0
62,38.63951248217645,13,2,9.005513480024433,1
43,58.98115441873194,11,1,5.241055499015286,0
55,55.47649424638478,7,4,2.5275040979855996,0
61,59.065010921945955,12,5,4.596183251185412,1
43,44.005142237789364,10,3,4.03478437169312,0
25,30.254204135851424,10,1,3.4099294600560217,0
22,18.111249465701945,9,4,5.8501051884706925,1
32,57.37639691470319,8,1,9.460914660366672,1
33,51.37997788334122,11,0,8.738769321810235,1
18,46.48124670392346,14,2,5.402594717996275,1
33,86.45096925663321,11,2,3.438763583305576,1
54,42.81123626409378,8,0,5.559802211221859,0
20,88.33668164277606,11,4,6.476164349887507,1
69,92.47687488538514,8,4,5.407251109676091,1
64,20.981990664212383,16,3,6.490168594653684,0
48,61.84762917997939,10,6,5.887777877702015,1
30,52.00607018328019,7,3,5.569370938169593,0
33,15.0,9,1,2.5675765001950643,0
60,31.107174938631715,9,3,4.739316228253953,0
38,75.49872214216948,12,3,8.821665823452348,1
19,100.38398505422529,14,0,5.979411550050852,1
44,78.05356285398497,9,5,7.336726702298552,1
55,66.47264945025955,7,4,9.022652578026587,1
43,59.57335236737825,12,6,2.641521933691651,1
55,93.65325829296228,15,2,10.198151311159023,1
63,102.96478403915282,6,7,6.946219532968373,1
42,48.26314640951628,13,2,7.32415697177221,1
28,20.000268793794177,14,1,3.6597538520641715,0
25,18.036250734575965,4,1,6.4484077063984495,0
25,86.43761984319605,11,6,3.3975056889393724,1
50,59.05882918451227,11,5,5.299243598495403,1
24,63.66483820917437,11,3,5.673672963505907,1
55,24.186980140865735,11,5,4.522378542365596,0
38,44.93622174423067,12,8,7.301190224471155,1
25,54.09038372198435,10,4,3.9602574438182585,1
68,64.15676766728141,13,6,1.0,0
38,52.02815922172482,13,2,4.512466514814272,0
37,39.25347603397314,13,2,7.507056816909504,1
25,44.30866014794954,11,3,9.911798064316358,1
63,84.16646571894466,7,4,7.631408338218345,1
48,64.89569239206999,8,4,7.133741132615123,1
67,72.24313613911103,6,5,4.242678000690614,0
46,42.022523782453405,10,4,9.60689902372409,1
65,15.0,8,5,6.368604945814452,0
26,49.53791386231007,8,1,6.446642321938736,0
32,42.66858891149007,12,2,6.2564384116184755,1
47,66.98024537256158,12,3,2.6834849897214648,0
43,125.71447427363684,13,4,5.767776576579264,1
27,73.90332035236511,12,2,2.0906551889489124,0
46,114.71920318766976,7,2,6.653960482602001,1
33,71.37539390678897,6,0,5.672399285785502,0
53,47.4022752485457,12,8,3.735995002013464,1
37,66.95832156241767,9,3,7.25244841056986,1
62,95.61277198955416,12,5,4.283203121966474,1
54,96.59125192642477,4,1,4.3314797412160395,0
39,48.49325263913842,7,4,6.067941019391016,1
24,65.06367391398598,12,7,4.968324458288316,1
40,31.414662406577097,14,4,5.466807248682808,1
58,76.49337249382859,9,6,7.064674448783089,1
57,91.06709398111789,4,3,3.523272961431038,0
46,60.795989082320325,11,5,3.3538680122370375,1
33,46.65231891279744,10,4,4.53444848255035,1
55,67.20261902555126,9,4,4.874122642396524,1
45,68.34918062726332,6,1,6.2842157230197495,0
65,61.6228766369924,14,4,8.883537290768107,1
55,63.574302486719056,14,0,4.914400506445594,0
48,56.523702990612584,6,5,5.0724138361738556,0
31,79.91909856452813,12,2,3.6969699738602446,1
50,74.72454890330253,8,3,3.4542400824964394,0
26,40.33793705711702,8,4,6.354584303481889,1
44,39.78818793682811,11,0,5.07807793584432,0
41,54.91251165946876,13,3,7.494076710936168,1
30,74.73674248210358,9,3,7.276349326420262,1
43,62.96114827781629,13,3,6.738895455683866,1
46,47.1369917975469,5,1,2.0780749894676473,0
68,65.2303719345166,7,5,6.366610456115047,1
66,53.38378960955456,11,9,3.130488235759619,1
60,77.60972920448262,12,2,1.2321664067835165,0
45,66.66116870134096,7,0,5.4418990593341015,0
45,53.694436250957125,8,2,7.715928967353024,0
25,64.63037544092923,9,6,6.423461125416155,1
40,86.30096119048403,18,1,3.2365026265340844,1
46,48.60739846907245,8,3,10.592950137396077,1
22,68.05313963294321,14,1,6.633349250121901,1
59,58.59079319068008,9,3,3.316507167434823,0
24,68.53967367724199,11,1,1.0,0
59,46.90870116808539,11,3,4.590866651254691,0
53,62.20670866318751,6,3,1.0720473286587864,0
58,82.15646564833602,8,3,2.9404522398991215,0
44,41.25986037507785,13,4,1.6019933078262447,0
63,33.411897933498366,9,4,3.4927291189620844,0
19,34.17088871026071,11,3,3.932896753954458,1
42,36.58674939599622,6,3,3.25256454214958,0
26,71.90646575785328,11,1,9.600416770127904,1
44,31.88280628269069,14,3,4.626586685884216,0
18,54.04209310512938,9,2,7.6562565692883275,1
40,72.36578606621416,14,5,6.138512923294542,1
27,68.33318121097187,9,3,4.585932104635844,1
59,52.288820400750296,9,8,4.043739044417901,1
69,63.81847463510212,9,3,7.702012091362912,0
42,62.142906594751366,8,5,2.9276904542879083,1
20,55.51518088903627,2,3,3.7462967811180308,0
23,55.783305626908394,8,5,3.716457084246419,1
23,104.70854869513921,12,3,5.149490285319858,1
19,76.18621807862601,10,3,3.1825081073706722,1
35,109.61301835024287,11,2,6.873468646734743,1
40,50.06073734158997,17,4,7.149433724518516,1
19,58.30066806223705,2,2,3.564416872394011,0
29,33.357484694467054,6,2,6.054860013199538,0
39,43.808663958208555,9,1,3.319801936295395,0
54,98.03826297325003,11,4,5.357604839770636,1
37,49.559314203164874,10,8,7.340180976614139,1
56,98.38562600288918,13,2,5.2065501488352295,1
41,35.13275478640219,9,3,4.789876911128515,0
65,38.93061931853446,7,2,9.575327701649762,0
37,53.175375579531575,10,3,5.7205774314448234,1
18,58.725001566416445,5,1,3.313775361242756,0
18,78.4617458490026,14,4,3.158258139902144,1
34,69.01540834372531,7,6,9.558625890462272,1
18,51.67369485311944,5,2,3.5187660128528906,0
69,57.33368386963787,15,2,3.5972208961079746,0
62,53.618741604305995,9,3,5.053575155854857,0
47,41.706925293485405,9,3,6.463720556455511,0
58,42.240741267967564,8,4,2.51887944959217,0
64,80.55767782866819,10,9,4.4429756145972545,1
20,23.436701441457203,11,3,2.317231356595111,0
63,92.34717394890109,8,1,4.694288696459245,0
28,53.14011548795536,12,4,6.643063821530527,1
41,44.5498278721568,5,2,4.497760632527024,0
39,74.79518581394538,13,3,8.93871385122695,1
61,89.70433168294235,8,5,3.3065325114807873,1
62,82.35264883207915,13,1,5.435553731947184,0
43,70.03704098719781,7,2,7.614863225233867,1
30,81.73726979443671,12,5,7.01780504699693,1
18,25.670048457122682,8,3,10.285232395719714,1
41,49.56338917023704,16,2,5.647557031913454,1
27,41.776598799503105,8,4,3.2102950134476336,0
52,84.49277462430351,11,1,5.167698703989916,0
41,52.33043962152227,7,3,3.323716360189405,0
45,76.90813113564111,9,4,5.241081279623056,1
53,70.71713884977277,11,2,7.467016129510584,1
33,42.75386127672638,9,4,6.393302751713988,1
57,48.26083580047431,16,2,4.791190816558037,0
33,85.87635381629451,7,1,3.6261630117599406,0
34,44.49034702631173,10,1,5.650220732264964,0
68,62.49735220390958,9,3,6.059535637775582,0
32,44.3491742734711,10,1,2.4920190638956385,0
33,53.72095626168279,8,1,2.961794266634794,0
32,59.076761120600565,11,9,4.420752147006609,1
51,44.342669794050174,10,0,2.336949683452435,0
28,40.791060920322366,13,6,1.3781809432463858,1
18,65.72546673554885,17,3,2.938747199497033,1
32,43.10525182417648,17,3,5.765197891137863,1
43,43.78684888602655,6,4,5.203819198782366,0
68,41.218937125960586,8,4,4.110327739633961,0
21,58.44183907337363,9,3,3.1276089208451303,1
60,78.87403268799682,9,4,5.737587426902084,1
22,90.13057272624533,14,3,5.632828644393477,1
52,45.48163828012443,13,7,7.485759133759211,1
30,103.00621586662422,12,3,1.0,1
27,39.905902785864086,15,2,1.5080002054214185,0
28,81.67097046655739,8,1,6.876262407740001,1
35,45.56607091969115,10,1,5.947011360270516,0
51,42.58153460259979,8,3,6.868300298700089,0
56,45.104876864312224,8,3,3.215714362396337,0
58,58.95104600701762,9,5,4.221707557487595,0
59,71.5994434206722,15,5,2.4447155772476927,1
67,73.39736075809644,8,1,1.0,0
40,41.120299693042234,12,6,5.2791192617433875,1
24,40.206814249774624,12,2,7.831330993168454,1
56,41.667226132729056,7,4,4.664845380252313,0
20,57.772911952289775,12,7,3.567348052658251,1
29,55.796887916182506,10,2,2.760788177840559,0
24,40.9964907586041,6,2,7.227706056655132,0
66,65.39207388126488,15,3,5.162171698197346,1
43,105.25137616670636,9,3,5.242525607022806,1
50,49.905690763296974,10,3,2.11214201315895,0
54,51.329763575929334,11,5,3.166351101188674,0
65,71.19323140648737,3,3,6.469688864993596,0
32,48.8236741652641,11,3,3.9474348442683977,0
19,73.37928963436364,14,1,3.6969513704482195,1
58,45.62914586441919,7,2,10.019093254824103,0
24,96.64239215154603,14,4,5.1391093540291966,1
49,66.8954994518459,12,6,4.655355141516623,1
21,47.59954101846577,9,4,4.728440883465557,1
37,48.22616601061452,14,1,3.643923139658645,0
67,49.7240049458393,6,4,4.854971960927435,0
53,87.45499332497747,8,1,8.880212820891062,1
49,34.62497984797433,8,5,5.826155655509591,0
45,46.6411665908099,19,0,1.8092549461825516,0
30,48.76678886149148,5,3,4.125392080727115,0
18,59.68624066486124,12,1,5.208513337149538,1
52,54.57780614706411,10,4,1.9873583862784612,0
65,30.175443372190745,8,4,4.064279259749679,0
47,52.00354632809065,4,4,3.0779504549585495,0
53,58.00898633630063,12,2,4.207638828471576,0
42,47.43804329840433,14,4,5.140044859285905,1
33,73.7355097809533,10,3,6.397360236167847,1
36,78.38816857507294,9,1,2.6922806949655076,0
18,58.432266005412146,7,4,4.828666117108306,1
22,64.61083173701459,16,4,4.345407486569103,1
68,16.778880053014582,9,0,4.559566376400099,0
39,51.57794455676336,7,2,3.361246700621413,0
41,80.09643383515825,8,2,4.905081670043641,0
60,51.53126833641445,7,4,5.9873701906539205,0
62,45.25476647216078,8,3,2.2163404958447592,0
69,105.55377852061862,16,5,8.456806662793417,1
54,96.3815438039161,11,7,6.883255064710463,1
53,69.35149824964314,5,2,1.8508171093286894,0
53,82.77821222960095,9,4,7.89368188030616,1
21,15.48129164083845,11,4,8.029130369110895,1
53,44.248971187425866,8,3,3.9943879571313166,0
69,50.60084253653697,10,1,5.411343084051812,0
35,55.280398022661075,9,1,5.18096275474397,0
67,50.20111958052075,14,3,2.245007709790049,0
33,15.0,11,1,7.053945101634052,0
58,67.7204923741712,11,2,1.2382733687969165,0
35,70.87308256561214,12,5,5.578777364734982,1
39,92.03797583179963,12,5,8.135997405814136,1
19,44.23381470450073,5,1,1.622504051142613,0
38,42.59673684440196,13,4,4.413801017101295,1
53,15.0,13,1,7.279690298501562,0
61,54.12866326818228,9,1,5.804611249081337,0
56,78.02223562124342,6,5,6.666989092163236,1
64,47.76464275614561,10,0,3.6254019783408893,0
56,102.86889637087296,12,2,3.1185682930315455,1
46,54.86810328420953,5,2,4.600618528575066,0
43,62.93984568577111,9,4,5.530674411677156,1
38,32.73793838836812,14,5,6.19973312583143,1
34,65.74440690350559,13,3,5.8892108165459485,1
33,20.413604102946096,10,3,6.957477603986632,0
48,73.8739591002629,12,1,5.231634598585627,0
68,74.48856352470824,8,2,2.904848626660692,0
26,87.1858284867302,10,4,2.2898487337644484,1
48,39.60062562464623,8,4,6.516667028951981,0
31,63.21124236594839,10,4,7.011700075379599,1
66,71.27633118773008,11,1,8.942692096891436,1
54,68.8456327666062,5,5,9.847082505120909,1
19,42.69401449730297,6,1,6.944764915284085,0
69,15.0,10,2,5.733166590510817,0
65,66.93920593768962,10,4,4.159062254072113,0
63,56.95000643380161,12,4,3.252478971316303,0
31,48.666588140771196,13,4,5.133667357134896,1
50,75.27890727430932,10,3,4.790133181810863,1
52,59.10160923691134,6,2,8.81038740721803,0
56,33.61609894464401,11,4,6.172030576287271,0
64,21.370954218075568,15,4,4.540342400465277,0
68,37.42073469733669,9,5,3.2365681003225966,0
37,107.86024589533574,13,2,6.068326532034048,1
19,74.45553547865546,16,3,5.276011826042682,1
68,63.772246839500234,14,2,4.0970075307540545,0
58,56.3667814562839,13,0,3.6270157378966235,0
36,55.052141201051285,13,2,6.09826741037043,1
54,83.3439196671819,9,3,4.185644100553257,0
35,50.18808516193137,12,2,4.353192138509497,0
33,71.53840821368586,7,5,4.030772826413054,1
21,53.03144099416812,8,5,10.66878864643147,1
29,98.80313263670125,8,3,5.315674599931692,1
46,74.84577015156607,10,1,3.3535876825536484,0
24,84.91113629367251,10,1,1.0,0
31,48.31180450623523,13,4,1.7187940670191075,1
29,81.16272225134844,14,4,4.414189073055744,1
52,53.748451492106184,12,2,8.390080466543099,1
22,62.20069647865699,8,6,9.573726018882308,1
34,92.70095341238917,13,3,4.523457040018464,1
59,39.14449886487162,10,2,5.7283601932112465,0
49,64.064954626108,9,2,4.669219184971203,0
27,68.76010517037454,8,3,5.910615519197787,1
60,70.4000876160162,10,1,4.5190885463759445,0
34,50.984310138130695,8,6,3.885564755469048,1
22,101.72528201616163,16,4,3.6865732905395836,1
62,34.101362293194796,11,2,6.420088754490948,0
59,89.17770777264938,7,7,7.605548693003654,1
26,84.30131211183277,7,4,4.101389865841701,1
66,98.01777579207369,12,3,6.454800075689194,1
50,28.235458025843595,11,2,5.313340633074571,0
53,42.623370242205795,15,2,4.235026878553616,0
53,89.83886118323281,9,4,6.356393950813304,1
35,22.459216907393824,11,4,7.695935000175858,1
26,27.870821979191724,11,5,3.351781033894058,1
46,50.233844265770166,6,0,4.354737867442409,0
67,63.83987577244535,9,3,7.933452548783532,1
31,91.8445014729755,12,3,4.914858415850154,1
42,56.29468170139284,5,3,3.410665788993165,0
32,47.83521703870922,17,2,5.3397527211415525,1
23,66.22779875392854,6,0,5.017287097956104,0
59,69.39192966588801,16,1,7.1112033347302415,1
46,68.82479644340542,9,1,4.912685779615075,0
32,56.4402758409731,16,3,4.979701156105853,1
46,20.898277721637008,6,3,4.896261288073939,0
21,41.64768021787336,5,2,5.3350647601917185,0
35,88.40542170534924,7,3,8.033169697751328,1
67,63.741378759532,8,2,6.44968111202211,0
66,53.549557617858866,16,2,2.9151150786842117,0
61,82.3633709674795,9,2,5.563143776622415,0
56,37.39766735262103,10,6,5.691509245834213,1
33,55.49303732573985,13,1,5.753223463550764,1
28,62.75516810348074,6,1,2.0403439017066844,0
31,51.17244993410742,9,0,5.292557836679652,0
20,62.01525645803198,14,3,3.8641830752833535,1
68,56.2461213715647,12,3,2.0053288589073475,0
67,32.0131390442825,11,1,7.418515072267316,0
59,63.629557637581115,13,6,4.435487983803257,1
55,33.43296416974265,10,4,4.465369316013307,0
62,63.31230250193445,4,3,6.764219782236344,0
59,87.48271648300218,15,3,7.048151564000154,1
35,54.37953605447891,10,4,4.502385840935333,1
37,36.57033740058027,14,4,5.058616072082623,1
65,57.46024373590039,9,5,2.9797721041650225,0
42,43.36057783842937,10,1,3.1152183256495913,0
55,71.89018005262939,13,2,7.595615353277134,1
30,57.040225049542926,15,6,5.090922357387432,1
21,94.19526503329146,13,6,6.939978447465233,1
31,83.25979191354676,7,0,4.669488838389426,0
50,56.938389910371946,8,1,5.840259823740816,0
45,74.31218135946182,13,4,1.512509362932009,1
69,52.13527181674309,8,4,6.721413991524996,0
54,60.67913770330337,13,4,4.942010487931972,1
25,52.771316072993756,11,3,4.060070621548674,1
61,75.32911919699417,6,3,6.25712252289796,0
51,88.65976553419156,7,0,6.987462974031554,0
61,75.97296414382286,12,5,4.188418094856421,1
22,78.43873202570711,14,2,2.6078193515022385,1
22,78.46066874471458,8,3,8.331130111095662,1
48,71.0251184466942,11,3,4.568712491186401,1
62,37.21427681579464,16,3,1.1619441264430264,0
26,94.01943038833,7,1,4.15612389044902,0
59,96.0882165339685,11,4,5.89922185169835,1
49,55.322407933732634,7,0,4.836296918940502,0
50,52.586041695676364,18,3,4.741914641216841,1
20,72.2482330583075,8,1,4.29622238769172,0
47,71.0162567036701,8,3,4.158011987846414,0
67,55.961078624939624,5,1,2.444131151597377,0
29,34.999486888247915,11,4,2.404754828441756,0
46,66.11402381499555,11,4,5.72796339718887,1
20,71.02873076351091,14,3,7.460889942750244,1
43,74.51642296077594,13,5,4.448262722956242,1
47,66.98585544708415,9,0,7.771622476640219,0
26,54.57769703276181,10,2,7.197649404398543,1
43,79.88004079012556,7,3,4.736242117998774,0
19,61.31696995131837,13,7,6.27581811813401,1
20,50.70153971270559,9,4,5.9786936696885125,1
63,56.38693235908558,10,2,3.9900311014041843,0
21,25.080619350500363,11,2,1.0,0
42,56.35516351642922,13,5,5.277519630063223,1
68,73.76873039749337,12,2,6.402978013913758,0
30,66.79566044278461,14,3,3.8929686551338776,1
56,90.41328345962373,7,3,9.014230376914007,1
61,54.740501719685916,5,3,7.064921818244036,0
52,69.74626326106632,10,9,2.0548109002454558,1
40,75.85480352611543,12,5,4.610794110713824,1
26,106.85714016574816,8,4,3.320338285154123,1
19,62.89530982235281,6,2,4.26525662132291,0
58,39.11625642271953,10,1,6.308427174220852,0
61,76.95857506710564,10,3,4.496505380705529,0
48,97.31454711936914,10,5,3.859352242282462,1
61,53.54902579546757,8,0,5.188172854048787,0
64,76.82163077212832,6,3,6.519561092354937,0
19,84.57456110457841,10,4,6.499631732246315,1
49,80.34131087940307,11,5,6.230670367601056,1
35,62.51117044947156,6,3,7.740401881834026,1
30,46.030524835737076,12,2,4.819028512908139,1
63,58.374409039728285,10,3,4.277580698502553,0
22,69.17200907755262,7,3,4.689101011006991,1
59,78.16445048183458,7,1,3.3812008375372455,0
61,66.67890095998078,8,2,3.3345468632459907,0
27,52.40184066918846,11,2,6.477616027727729,1
60,71.10759312299537,6,4,6.661209164030255,1
42,77.20170135485641,6,2,1.0,0
51,67.59220112828962,11,3,6.88047390186996,1
54,43.276257709233505,5,3,4.17742258944923,0
47,56.3718793056562,11,1,3.7352868606220992,0
24,78.95641552824934,7,4,4.3460825340825355,1
23,32.33964382511053,3,4,2.4757083103181254,0
20,18.136439552176817,8,2,4.663913884510542,0
30,90.16165700288042,12,2,8.829817897644066,1
20,70.2283051004376,5,5,1.9046191056623596,1
43,72.13460005040213,7,1,6.236680931827914,0
41,38.46366052745888,10,1,6.949214343222265,0
23,74.75056126933076,11,4,6.16391652603616,1
60,65.50497375136729,13,2,8.067460773654624,1
66,28.31344844303206,12,2,6.963204517933649,0
59,88.48566828547715,12,2,6.34189597458978,1
29,63.17366647237458,6,2,7.076100169805976,1
66,52.07832067841463,14,0,6.983766324898829,0
53,52.44020508029565,4,3,4.3019603395347135,0
19,19.69556189135247,5,8,6.262339641474552,1
28,71.86673199262727,8,3,4.454135426236902,1
56,65.23714414491451,7,1,2.3318246219022307,0
51,56.1183973533381,14,3,8.673417675510953,1
43,85.56970414903344,8,4,3.8931792616726275,1
35,32.32281962008308,10,2,7.190939474080462,0
38,48.064550472647696,9,3,6.06946984608128,1
53,42.99983490479228,7,3,3.208190863787004,0
57,54.42410040456894,6,4,3.448310069928451,0
69,61.34940050514446,13,6,5.794675772828017,1
63,68.6002704762271,10,5,5.798899451235494,1
61,53.06053093789765,8,6,4.247644951333991,0
39,42.452885296902124,10,3,1.8362356749329032,0
47,93.72013899540889,12,1,6.606405230941124,1
67,108.23280383577138,12,2,1.0,0
60,62.86573343764051,12,4,5.696274056127651,1
47,44.864392659582656,8,2,7.265666131189297,0
25,89.50908262084589,9,2,1.301514000953658,0
51,31.064857873430697,11,0,5.31994972482147,0
64,53.30453350590345,9,2,4.232421224481022,0
26,46.077658973073966,6,3,5.389938325446317,0
68,36.809288990990225,8,3,6.955777039302417,0
37,54.39951534156461,9,3,2.307157505773128,0
57,42.7165584165207,11,1,4.553384551542638,0
42,60.25308928297309,7,0,4.671038708266339,0
36,60.54354335344928,10,3,1.1025258852234603,0
22,47.57336552956041,7,3,6.14720194318389,1
28,52.58973286812261,6,2,8.257178988349391,1
32,55.38302064192579,8,1,6.3411731109482625,0
25,76.19692122238854,10,1,5.259702874955083,1
36,57.031411978716285,17,5,6.771856085154792,1
40,76.49403481572195,10,4,3.8100595933858328,1
44,71.71625967109311,10,3,3.237028784083574,0
57,71.43061393801484,7,3,6.027282124647122,0
49,87.75691940691947,12,6,5.45787829436453,1
43,37.6121824050818,10,6,5.627783038185129,1
44,50.536337873857725,10,4,3.28225895179399,0
36,95.26597600599138,15,2,1.9900209190409148,1
67,54.85366998821465,6,0,2.9217195680054058,0
59,15.0,11,4,3.294430916770125,0
46,55.94063313704229,9,8,1.0,1
56,62.698790603264996,13,1,5.950357210790107,0
58,15.0,19,2,2.4213130433565304,0
50,86.67871279775896,9,1,2.3107765586948728,0
36,45.72575072268796,10,0,4.476156635679723,0
54,66.57126230375032,9,7,3.1878451190072097,1
36,55.48036909311875,10,1,1.8443731816466253,0
50,34.23297161591917,9,3,2.065448478752206,0
64,38.5898373072916,10,2,6.0710906374891165,0
33,41.298343271449056,7,4,4.327153468965131,0
40,81.71343818367276,10,5,1.9727706358431245,1
24,57.049236237996965,10,2,7.911881167601991,1
43,49.562689668965064,7,2,3.5774287348689304,0
49,41.30782174819537,2,4,6.059693431392802,0
29,83.92300443052252,6,2,4.783835609410654,0
25,89.28402545047174,8,1,5.195813854382861,1
22,83.69487797413362,8,1,5.041457876680954,1
59,69.84874678308333,12,2,2.2423762449771636,0
45,65.79660083741423,16,4,9.488150314940725,1
22,35.681243640481966,10,4,3.478913531191428,1
66,55.08361746577885,14,1,6.650797993597949,0
43,46.32279593307127,7,2,3.4185447127744943,0
22,23.489757820305805,8,1,2.7890087684245004,0
39,81.14086838330732,6,6,7.738510324616707,1
32,46.083401072154494,12,3,8.113467624707472,1
30,83.91883814870614,11,1,5.907353957875111,1
45,77.63492801520024,8,1,6.614147600735703,0
50,71.13435953266838,9,0,2.4917564769733196,0
60,72.25768143526368,7,3,6.318863333564325,0
40,47.69372235852585,13,3,6.298013203085222,1
50,97.1570030258133,4,1,5.877072836129021,0
60,60.86250861906098,12,2,8.293238798806648,1
35,66.03863370237409,12,0,1.0,0
67,47.01847332866722,6,1,4.641599662378401,0
47,41.3766947844608,10,5,7.964225531100066,1
43,69.54592017618846,3,2,2.775235119441519,0
33,64.35026991877571,11,3,6.299040475692248,1
30,44.21295268194845,7,1,4.028332575986122,0
56,31.231465624491918,11,6,5.176883617455919,1
50,34.60153825344906,9,3,2.885253193781962,0
43,83.92267434182214,8,3,9.525820007164029,1
65,47.73492370699857,12,4,2.705680445066802,0
18,53.221829086483325,16,3,4.739642565358901,1
66,89.00680517518124,9,6,4.481178681679159,1
55,37.55698877027171,12,3,7.1486599663820485,1
19,45.46010348565886,11,1,5.139424905678229,0
66,44.624663428786135,12,3,1.8466836215450773,0
23,92.3613696233208,12,3,3.71327868101873,1
63,99.86767001164827,7,2,1.0,0
67,75.03126450804342,7,2,5.145621286116551,0
55,75.6676944830848,12,3,8.562055997772209,1
59,48.39289994294538,13,1,4.601484569437812,0
41,98.94656973808566,10,2,5.6800290535406655,1
35,65.35392508717324,9,2,7.204384383671761,1
44,77.06220528899479,12,1,3.618532466594581,0
58,57.88950122458092,8,3,7.199479429403077,0
25,54.639348253447785,6,0,8.824775470342205,0
45,93.26084519192236,10,1,1.450752033295866,0
27,70.79447359476615,11,2,7.273939733720378,1
34,89.02750922140763,15,1,2.0347805542599064,1
46,65.10656343490089,9,7,3.450474547846271,1
23,43.03266927153818,11,5,7.262831803551377,1
31,48.33314134243024,4,1,5.64432721350432,0
39,62.05930484929221,8,2,4.0823929783224555,0
23,47.46999567913346,9,3,9.467358210707228,1
43,37.85077182744619,9,5,4.340367110697622,0
56,84.02834063574049,8,4,7.192744319912592,1
29,49.102598583529755,7,6,4.388976313697072,1
52,62.76385495582641,9,3,5.915643164137542,0
31,65.9226717977121,9,0,5.984016684044861,0
39,48.23693749358863,7,2,5.160675098295227,0
68,89.01598932617479,13,4,2.162801117621233,1
40,37.657164775907745,5,4,5.554124676801234,0
65,65.23250527161542,5,0,3.8409661896599365,0
24,64.92235412753168,7,6,4.084277965921268,1
57,58.91490794271704,14,3,6.186768910136584,1
67,34.06174773456035,8,7,6.049017781634852,1
42,77.41635103726928,8,2,3.4883508782658463,0
30,74.87021340669193,9,4,5.435028177199678,1
38,46.48862942817567,10,5,5.040694632054514,1
58,74.14974414410723,7,7,3.2763877571575053,1
27,67.49815372601552,6,2,3.39960916698541,0
26,34.38775709277783,13,4,3.4315063370595933,1
32,42.92142170857285,12,2,4.977998907103242,0
69,82.76562889779159,6,4,4.391627877766739,0
19,66.188323702841,10,2,5.418604606427593,1
42,48.713941083787475,11,2,3.240700706054362,0
30,42.830482176547164,14,4,4.653743560507191,1
51,49.692124037691585,14,2,4.80461962872501,0
68,51.11040940244591,10,4,5.652615670024913,0
51,43.08073934741496,9,3,7.939569507413294,1
52,25.164717752333956,12,3,7.148588843942948,0
55,82.80026572801572,14,2,4.851110375922307,1
20,79.41267345222886,9,3,1.810426499573916,1
59,34.53489096386281,11,6,3.974010205892051,0
23,62.72622591127335,10,1,6.841958400034411,1
65,41.95523594570467,10,3,4.889591510242848,0
66,54.76865553546929,17,2,2.4847368612087566,0
36,53.10466840252687,7,2,4.588889440896849,0
20,51.443315685642546,17,1,4.058451989178621,1
35,100.05894168152572,9,3,7.521616626916118,1
56,51.19348630647619,13,4,3.8351126729680565,0
26,43.8347234986615,15,3,5.828479310673254,1
69,44.74837141005904,14,6,6.376537642790083,1
29,80.8755391280351,10,2,2.522784889207547,0
22,26.957953366141304,5,2,3.510668060222181,0
20,44.747541671289596,9,1,4.146109308804385,0
28,88.93645680223068,12,2,5.275486584868931,1
47,64.87972375995294,9,4,3.810277731410762,0
21,63.838440100722266,13,1,2.2487707218840307,0
22,102.64292920287403,16,1,2.985574348699445,1
18,64.92695905896997,11,2,6.880179593294866,1
44,45.83627677280835,11,2,9.14419685139019,1
45,54.35845886247303,8,5,5.610764276853979,1
46,37.291353819388625,9,0,7.157430150725919,0
35,85.11874080031393,8,4,5.7079066366296125,1
29,71.4912343507343,15,4,6.396811178041012,1
30,82.48828299941778,5,7,6.481405401108504,1
58,84.2596785709874,8,5,6.35558772178302,1
19,51.715784381449346,14,2,5.710846881237806,1
54,41.1049429598222,9,0,5.2850060855071055,0
62,58.96573777383908,11,1,4.1885308831645265,0
33,42.544778584229235,9,4,6.05108416799963,1
65,63.29913750818049,11,1,5.620771712727592,0
41,82.64193761669378,11,4,3.185488668720172,1
52,56.637207079016655,12,1,7.37722812993314,0
39,62.99990179815478,11,1,6.9831835011447,1
53,58.123087675532666,6,4,5.386576559388593,0
28,76.05455144875395,8,0,7.355681438216264,1
63,46.6443521142342,13,6,6.454855536599446,1
46,16.071074767138015,8,1,4.119745477690775,0
52,69.41737718750761,13,1,1.3697278775645678,0
65,79.75668842615987,10,3,1.3020416435675117,0
32,68.92748489517072,15,0,7.524668063117334,1
48,47.19539009063972,6,3,4.9434434067710065,0
59,37.29975803627862,11,4,4.259250405109758,0
58,69.88995063560643,14,1,3.6808985058853194,0
60,62.829579058693476,1,4,5.127267268223917,0
33,57.484147446833404,12,5,6.829357567424768,1
27,96.44926685987582,7,6,3.37535499652128,1
66,41.06399811637337,11,3,5.189304708762211,0
49,95.50074042254931,8,2,10.31611278642482,1
68,60.6356780974128,9,6,8.629974490724829,1
19,23.288590462582505,7,5,1.0,0
41,56.415946913617184,20,3,1.370624272286134,1
40,79.18992153198882,5,8,8.611857952402946,1
19,52.698899343900585,9,5,6.791905943043799,1
55,30.5044291752321,10,6,5.102856007743667,1
48,56.7097093640766,11,3,6.056932738689427,1
68,42.856552522165885,12,3,4.367214499158233,0
57,69.83628802175926,13,5,3.668354744845006,1
43,75.46799632135223,8,5,6.460738940382081,1
46,38.87459184503788,11,0,4.806152705250967,0
20,45.88391889768701,15,3,6.729064243178161,1
31,75.13284930213875,11,2,3.902628793140705,1
42,42.823114434020816,6,2,6.425717102315494,0
65,38.3568372834401,13,2,5.623991349938103,0
18,36.4261773640749,20,3,2.3307502215528615,1
20,67.04077225916241,9,4,7.94860537197073,1
43,66.18315439034929,7,3,2.1843859963373737,0
35,46.31907939241917,6,5,7.661951105758174,1
26,60.10170792256468,15,4,5.90984028909193,1
55,90.54264768310262,9,5,6.281325845046518,1
40,40.518796861635565,13,4,4.0141143129225965,1
38,20.965147819791014,14,3,4.262147511968035,0
18,69.1015115144074,12,3,5.007686245258433,1
38,57.79197672196823,7,3,2.422207599605559,0
44,45.79949826369797,13,7,6.1504449033494275,1
59,73.04160474709816,7,4,4.283121720679848,0
23,76.7845028933758,9,4,1.0,1
61,15.834439602398149,9,2,8.774721806991952,0
53,46.94804181337023,13,4,5.530237344173302,1
45,106.3503246239371,14,2,5.651068133236649,1
62,71.66809831596382,8,3,3.617967428293203,0
34,73.522072765943,16,2,5.664668066410539,1
57,83.45788557262956,10,4,6.471486826942472,1
69,60.341376503994525,10,1,2.0920546493046963,0
20,75.9336832018324,13,4,6.207219627421137,1
29,74.36124087674405,8,6,2.8813291951914644,1
56,70.78082993505518,3,6,2.427180692721827,0
29,53.55976058765191,8,6,3.2390115807009314,1
19,63.44117844732518,12,3,9.201204419215973,1
63,48.23276871386444,10,3,6.566728633816507,0
39,60.2562860913299,9,4,4.964674705683624,1
40,36.63018215801466,10,2,8.404682721931454,1
47,44.18752017454095,5,3,3.154814954288134,0
22,54.35375916150141,13,1,2.946590633707124,0
26,41.12589137139848,12,3,3.167115865864225,0
38,49.89965458509647,5,3,8.755941126658156,1
28,56.72148046488968,12,1,6.737255703065552,1
22,68.04524689328755,13,3,3.368487687556947,1
52,78.98514603705819,6,1,3.6165837121611037,0
44,50.72431257243784,7,4,5.566307280280435,0
66,86.70209234537248,6,4,2.732754103682892,0
19,78.77222157250986,14,2,4.643817237989493,1
41,70.08187663887884,5,5,3.0136071620732343,0
48,63.07298258593238,11,2,4.861915530280063,0
50,66.38241683737083,13,4,6.63112900542671,1
56,83.74102301332763,11,4,8.485872384795371,1
47,84.47159319518548,14,4,1.8694102602566254,1
63,86.69893456767286,9,3,6.199926946071179,1
54,60.826536637540066,8,3,6.355608814769927,0
68,71.09934329997226,13,0,4.536619727752819,0
45,86.87093013244103,11,3,3.8148167296098796,1
48,47.52567930167214,13,3,3.8125199769038316,0
28,53.631662925633925,12,3,1.2939737294907925,0
40,60.32073326026957,2,2,6.557897241727852,0
19,77.99197475958813,11,1,3.4713178860316303,1
57,78.30344301437245,11,1,1.6625420531138637,0
58,55.3827177760413,12,2,5.645678800491723,0
44,29.827810912405802,8,3,5.626945180248269,0
52,64.92367888591934,8,0,6.6939456154355295,0
19,41.633677253431976,12,3,8.634971332104842,1
56,30.20127590719555,12,5,5.080469748512749,1
54,34.72256878532567,7,1,4.401322245050183,0
38,66.52762015691121,8,5,4.21857835991551,1
22,87.22074721865614,17,2,4.411385649637283,1
69,60.77789032472488,6,1,3.524468025884088,0
62,64.2276130929193,6,6,4.132162687882665,0
38,83.6578987775585,12,2,3.557196837996403,1
46,29.110901818328916,10,2,2.9223824088335184,0
37,70.40352843200543,7,1,8.473424398324962,1
55,59.76820431362358,16,5,7.771197930093065,1
37,71.32114917664134,13,3,1.274235390374351,0
67,50.33032183192368,13,3,5.635708671243598,0
42,43.64125419147035,7,5,4.870096377630257,0
19,62.81017808571211,13,1,5.289855892286096,1
49,92.98382646668924,3,1,2.0980387555682327,0
43,77.21820209082925,11,3,1.3052281944103248,0
23,49.84614459639817,6,5,4.889718845751294,1
58,33.1805592803744,7,4,4.260493129723557,0
20,26.358654326044288,13,0,3.9011866446107164,0
50,86.32198903700963,10,6,4.586240081205861,1
18,40.89835423728345,9,2,6.199429676948482,1
68,53.48973174010127,9,3,6.762694457592904,0
22,86.42422252155153,9,3,3.0377618985330614,1
30,27.721970890420167,16,4,3.225016137772291,1
36,89.84529018950118,9,2,5.300004905304688,1
29,54.92719092214996,10,3,7.4458880541446115,1
65,37.02833369522523,11,3,4.57239053791975,0
42,55.05298145702174,10,2,5.289779353071723,0
68,45.54806437197045,9,5,2.272937284639508,0
52,68.81639597811431,10,3,1.0,0
29,47.03735132224445,14,7,9.62653845154475,1
47,21.767155781619138,9,6,5.5543697116312085,1
22,55.58874931182021,12,4,2.963687866093985,1
51,32.86909895426922,11,2,1.0,0
39,64.08639767976639,5,0,7.891550364539557,0
56,36.257393354333516,10,2,3.1116538308476773,0
30,50.239743936558284,10,3,3.1093981197160057,0
64,63.651756084286724,6,2,3.5665187914813314,0
20,55.75082549931461,6,0,5.274629074195466,0
37,65.00860566002089,11,0,6.277308984519189,0
48,73.60574331435514,7,1,4.40058793485475,0
22,36.84132600537388,11,0,2.902960242283246,0
41,58.71204918750584,8,3,9.595331264194837,1
57,15.0,7,4,4.016943889743305,0
50,64.94666603365047,12,2,5.021425633772222,0
25,53.98371739250315,11,4,1.9984330215811141,1
41,40.331004730440576,5,2,6.15841664058794,0
67,66.31438844593048,14,6,7.183178612928752,1
37,83.45395154370135,9,7,3.2797146239103303,1
33,50.47964504802114,12,3,1.3193258004078698,0
67,41.1037101951656,10,7,4.23643518615708,1
69,63.300505248774236,11,3,8.792289956944142,1
29,33.28786666707279,11,2,3.7187645696758476,0
30,46.792372589289215,7,1,10.065533179888966,1
62,84.44804323301005,9,4,3.8786029907041053,0
59,61.24358459624575,12,2,1.3506239127139552,0
56,22.410660721076674,10,5,3.980028732696094,0
42,24.060167054411977,7,3,1.2581192361449904,0
63,63.24171385293551,8,3,3.5616388039672815,0
49,77.24781151835376,5,6,5.764325749162897,1
41,27.647570827476997,14,5,4.070196903081441,1
65,68.99425214993016,6,1,7.202210672349397,0
64,86.60687014979437,11,2,3.9279569667648415,0
61,97.75717975917277,4,1,2.0165947651452187,0
26,66.62445519719752,13,3,5.295590423731563,1
57,70.13605189104949,9,3,4.703247498002633,0
67,17.33631144743712,7,2,4.95279348856337,0
40,101.99505095991978,9,2,2.453168559729933,0
67,48.490195738077574,6,6,5.535552474417324,0
30,41.33057683149917,8,7,7.777756846690297,1
49,54.89587731120751,14,2,2.3717795251233413,0
67,90.23346828370862,8,3,1.1793495365231652,0
32,104.16092095087096,7,5,1.9116512289514112,1
53,62.508173589516886,9,2,4.942591418935159,0
66,79.9616834520731,15,1,1.7846325974016346,0
22,60.86408097371008,12,4,5.652943127660514,1
39,39.24409053963632,17,5,5.713236950059814,1
33,89.53487341576582,7,5,5.734795051304266,1
58,47.55745039287222,10,4,10.178044739578082,1
27,90.71061546743765,6,1,1.2687318785804829,0
41,85.97082659538168,5,3,1.5853188976107941,0
35,72.28072527914416,2,3,7.557151351667681,1
66,96.57949512508706,15,4,6.06524189863465,1
35,104.64692066371477,12,1,7.2954129695344285,1
24,56.49513274071377,11,1,1.0,0
21,43.82411763167137,10,2,2.2803337880518066,0
43,22.714603254870553,15,5,6.957417692287453,1
22,104.89364510860511,8,1,4.665769946082965,1
33,51.20635982163101,14,3,7.62837979430458,1
52,82.7007371420348,7,8,4.166172081569079,1
43,45.17489264981034,13,4,4.575959708346007,1
35,90.7653128182407,10,3,9.580736006545287,1
46,45.997648163691736,8,2,2.9188289927387387,0
40,36.16561732765314,12,2,6.481368783191535,0
31,55.82987138092499,11,2,1.865192492970488,0
32,49.364485980767256,13,3,3.267704125807227,1
66,71.92599570922425,9,6,6.474761313178675,1
50,58.97210145614953,5,1,2.1705538981326105,0
42,72.55404789103844,6,2,6.752946435797828,0
38,54.17957053829412,12,5,4.558586353173668,1
34,46.6978525796239,15,1,3.049331362635667,0
40,48.328789042078526,10,3,4.785798586049664,0
60,100.89877596062053,9,4,3.8282832079854225,1
34,64.50341864453871,8,3,3.5769867125321433,0
31,20.32475581093911,5,2,4.010456256568217,0
46,49.59581973091838,9,3,2.2145949270739247,0
37,61.93732064951751,15,4,1.4749872015910723,1
47,96.90799362500758,10,3,1.0,0
36,80.57397431779799,6,2,6.006876768432295,1
56,41.5656432703617,12,0,5.864519791165937,0
30,108.36711507144902,8,4,3.412688819787683,1
35,59.376792703970445,12,0,4.740949616076427,0
40,84.9265962214989,9,2,7.770503386887894,1
63,36.899830052001946,13,3,3.74772955073204,0
50,15.0,7,4,4.4657212012368195,0
56,31.831370192632782,9,5,8.877180903079665,1
57,15.0,13,2,5.7759106162326646,0
35,102.24178654505818,11,1,6.810877503040713,1
26,64.29065837772832,11,0,6.420041492838111,1
50,41.50711963103937,21,5,6.010830509312658,1
49,69.05248059960242,10,1,3.5491171124535645,0
34,63.78668072360332,11,3,3.05338003460403,1
36,72.41866791227983,8,4,6.348670592354258,1
44,84.19062802272538,7,2,6.04678830285419,1
23,54.201576939499695,7,0,5.464015071111446,0
52,42.403213877980264,10,3,5.583657037532543,0
54,76.55550428743835,11,1,3.4554190252823034,0
51,76.04665555768932,8,3,2.6444285647746693,0
37,62.0147161624269,8,2,3.5337047247075004,0
42,103.55108377361546,9,4,4.498461788653565,1
21,51.24355754276696,10,3,3.8102949764964094,1
27,42.00284056729463,9,7,8.135817761993966,1
27,68.36182855013203,8,3,7.951377090873464,1
41,46.501242861730034,6,3,6.705029634896832,0
38,69.91033048289792,9,8,7.441214591160419,1
28,43.339834883211196,13,2,2.412089990366124,0
44,51.99515434136229,12,4,6.435659741234685,1
33,97.81680840078332,6,6,4.928861688686801,1
43,51.888252865046425,6,6,4.078630775549172,1
47,44.02296911965408,15,6,4.434531755149518,1
66,83.41357577413001,10,2,4.459452306291336,0
33,38.979160994266124,8,5,4.2418614189604265,1
24,46.14113539705864,10,6,3.769472472878768,1
33,71.5312224101799,14,5,2.3188066944829053,1
52,78.76822847746584,12,3,1.8556423650447154,0
33,84.4095278216215,11,3,5.80341594901596,1
57,45.05556335559031,11,5,1.0,0
29,71.9201734597224,13,3,8.890805307761083,1
52,50.677836009116405,17,1,3.7566735149652044,0
66,47.886887329787356,6,3,1.4004240007816753,0
38,84.0642556458457,10,1,6.044347601916646,1
67,49.00891208280828,17,2,4.729310824282451,0
60,65.5640919204196,11,2,3.1044486316984843,0
53,63.11158938461278,12,2,3.85166645640812,0
65,38.58491247322995,7,3,4.821818339047613,0
34,79.32185710712642,10,2,7.168373994388816,1
49,71.20561787357907,5,2,1.0,0
58,20.27418776259158,9,3,5.63695054931261,0
23,65.54842222474686,11,0,8.291462468803859,1
41,44.54053131666758,7,1,3.370466895299748,0
44,81.94150612825256,13,5,6.496216462364472,1
37,31.092003264384836,15,6,6.342755341794288,1
42,52.870460627409116,9,3,8.762688662281652,1
19,67.24049101976931,10,1,5.469459584603483,1
26,61.0868058828375,11,2,6.407037085737664,1
45,75.25916513427943,7,2,7.1305808205741315,1
55,29.631560279814217,12,8,6.234506920001367,1
20,93.03828673734756,3,1,3.2141808606679145,0
37,70.50289317576542,8,4,3.5427838010667667,1
23,87.19436426001792,14,2,5.534663194014673,1
56,77.48480338466483,15,1,6.735005192232583,1
50,59.76779771089913,18,4,5.676280824937385,1
18,34.31603578177679,6,5,2.92750688355449,0
54,48.72893637502598,7,2,4.50933419736707,0
23,91.79126665725155,8,3,2.225853387260187,1
62,87.70875563312765,10,6,6.175868566326325,1
51,47.608000397926205,13,4,8.958890680527048,1
64,15.0,12,3,6.053667889289921,0
32,55.746205313897626,7,3,1.0890169292235599,0
62,54.24594223741767,14,4,5.2101173891803585,1
43,55.004547759192334,6,2,4.970825396967634,0
31,70.57078403662803,13,5,3.9390127592776776,1
24,77.52425158643327,16,5,1.0,1
63,79.80599094199049,9,5,5.9571208226765595,1
48,68.91418280270734,10,4,6.895124952412853,1
41,23.984585961547282,10,10,3.232027916241504,1
48,53.17600534613409,11,3,3.212535095932299,0
46,106.0817956709838,9,4,4.365088653587146,1
59,67.48433469604957,10,3,8.485488262195219,1
49,67.3563913688773,7,3,4.4331251876212585,0
34,67.18971879547716,7,7,3.4684016952353742,1
31,68.3075924501198,9,2,4.201171392488972,0
57,15.0,8,3,6.157873804263993,0
53,55.20951366177863,12,2,1.0,0
65,59.24214336410621,12,2,4.536350151185795,0
41,85.62990798506824,13,3,4.304381793617445,1
62,60.95345789244592,6,4,4.783756030952168,0
44,27.069772267961177,15,2,3.6086801649017413,0
42,68.60178312343504,5,3,2.3382601607095292,0
49,43.92350703514509,11,4,6.864547719427528,1
69,35.664287178371644,12,2,1.3232884591557421,0
35,43.31681906566838,6,2,8.129489777557795,0
63,70.8500845932903,10,5,5.695588353626049,1
35,85.17522479520137,12,3,6.36244953400743,1
54,69.65859890355173,11,4,5.126289790071946,1
43,72.64046447234043,10,4,7.356605573694603,1
26,69.46090545676002,8,3,6.0725729461600615,1
52,62.02654353720936,11,1,7.609535741774071,0
25,73.93861269925515,17,4,6.691986997575837,1
37,15.0,9,2,7.235708031368333,0
59,62.221767026096664,11,2,3.5704628848379603,0
39,39.10149930755497,8,1,4.238682596482204,0
36,83.25805145088279,8,1,5.032183025164988,0
47,57.05689389566279,7,0,5.0069246034257855,0
45,60.6189617653566,7,3,6.150575965908695,0
52,29.89856251492393,10,4,3.5006123912411713,0
60,80.33661778025703,11,3,4.9874965799652875,1
28,72.54656240547618,9,4,6.2541604404677384,1
48,71.13895764681007,7,2,1.1691107912531882,0
66,43.73954295662355,8,2,7.113466188866076,0
65,44.5272031012374,10,3,9.089992123324958,1
56,64.47198908891811,13,2,3.1692711364663193,0
53,46.11003179503898,7,4,7.959334377057525,1
47,68.69785925354677,7,1,5.453207977394418,0
40,16.78174794466556,6,1,3.2289783686331566,0
36,50.249108871868145,18,4,6.655490506646894,1
29,95.93506930852982,15,1,8.879297161825802,1
32,68.78971655991529,8,6,4.1938035228119155,1
48,63.33587329061985,8,3,2.8673955184848237,0
60,99.70453071342713,8,2,1.0,0
54,15.0,8,1,4.710598599431733,0
54,43.693777704237846,10,2,5.326493286101721,0
32,51.976536565052214,6,2,8.628513159801493,1
46,77.1670246601078,18,1,8.721002775145603,1
67,77.51312726456473,8,2,3.6737663204113584,0
60,42.67986582034747,8,3,6.615263036723343,0
43,79.95908644285099,15,5,2.6981697791769874,1
61,51.93370465356585,6,0,5.145872725723888,0
19,84.23279251298334,10,2,4.740082284754378,1
37,39.34714603755884,5,1,3.2477324311608626,0
32,57.53376801867679,6,5,4.759325275644386,1
69,50.19665369246879,7,4,6.686232424082686,0
21,81.12060743131428,11,5,7.192778769376552,1
39,49.54437566867658,13,4,4.710096790402949,1
67,59.15102941976488,8,3,4.82587855165051,0
55,70.13622795326098,17,2,1.321281015487442,0
40,70.90516966052239,6,4,5.547725769909977,1
43,77.73905214946343,7,7,4.4690208963999725,1
68,64.22249553689333,6,4,4.819241823142987,0
28,51.63502169440338,7,4,4.037193954786035,0
45,53.00602509282499,6,3,3.1021951104578926,0
19,60.51344630415224,7,3,3.253207512479229,0
25,64.99184952148767,14,2,3.6466308734806923,1
46,57.05656704303127,6,5,2.346487000577713,0
28,60.38406841931094,11,2,5.582853173389834,1
54,29.654922788557894,15,9,6.120926638945198,1
35,73.34710568909357,8,7,4.724499752989903,1
67,63.6222457777886,13,7,5.3534392793162615,1
31,80.03740827082177,13,5,4.540997708777068,1
27,60.0032101481417,10,5,7.284636965036878,1
52,25.232048429564273,8,5,5.108108824561594,0
26,52.8310762138665,6,1,5.555323319932205,0
52,56.001401537631665,7,3,6.607173386868242,0
28,74.85806610867198,9,3,4.952264656110005,1
61,18.5945291097321,6,2,7.786239992550108,0
29,60.8235903389787,8,2,3.670680232171457,0
20,70.27350431586612,10,3,8.452107973283653,1
56,46.77024229436961,8,4,4.606509260925216,0
31,61.492560196336946,12,3,3.6947629461653113,1
45,47.45926981700311,12,1,1.862423085839017,0
28,45.40854133559219,9,5,6.743064518877897,1
56,51.83160299737366,15,2,4.269038001372263,0
42,45.78616015065978,10,2,5.287144874514867,0
38,73.67236623872665,10,4,5.522497294767267,1
27,45.30096246329244,7,2,4.024627032981853,0
60,41.94179985904145,12,3,7.146797804603294,1
32,95.35857333679067,9,1,5.9097570861222515,1
36,79.2148002364807,15,1,3.296644339527587,1
65,22.769732786815993,8,1,2.311723529175666,0
39,44.70463420294933,11,3,6.56249156496884,1
38,64.84925943445421,8,3,4.517841127790931,0
69,66.47510134462986,7,3,6.395810307863401,0
61,30.19014268526213,11,2,4.500747498415657,0
49,83.17130985644644,12,5,5.424293317289372,1
67,76.50448838363252,14,2,6.61084093472107,1
40,69.63803264080677,9,6,1.997575211860664,1
30,87.13456981424243,10,5,8.372198036706415,1
22,69.04579985141837,12,5,5.751259238400395,1
21,68.97161758503694,9,2,1.0,0
45,91.15358543644484,13,1,7.696242353982422,1
31,82.02439161455418,8,3,6.97733242074532,1
25,43.16985082176937,6,4,4.6201971616115864,0
26,72.6639035734383,11,5,7.7915290728776405,1
68,46.714642700828364,7,2,3.7224399692975894,0
52,70.08309101900556,13,0,4.739533676169428,0
54,69.53227014039629,9,0,9.688894864946988,0
38,32.33065375088028,7,2,6.041761766806836,0
35,57.563087773779294,14,4,7.16780051605538,1
50,65.30514047160804,5,3,6.633697965049294,0
25,51.27419618011686,10,3,2.228467373606517,0
68,66.2941988478152,8,2,5.598133135886996,0
66,76.11795554002137,10,3,5.414322251749875,0
34,59.38813871538489,11,4,7.37163914748942,1
60,64.49198953416519,13,1,8.001846814523208,1
48,87.6684815711195,12,4,7.579556526703968,1
51,69.46393166450453,12,1,4.053845186154026,0
23,64.01648579348948,9,4,2.1258340136701452,1
39,40.83841240717278,5,2,5.999447461400718,0
31,73.42052022777698,11,7,4.822646229489583,1
20,66.60299898783877,11,5,2.8964840502346827,1
29,85.67478867402816,8,4,3.6074735271912104,1
53,60.937570866066224,7,3,4.882032293282529,0
29,23.674669997320088,13,7,5.516336800684334,1
62,25.997582623434766,13,4,3.8879725185554657,0
19,74.71361527519467,10,1,4.96820271112968,1
19,48.59612804603694,10,3,4.854130967472891,1
32,68.73535502220994,10,2,5.54969319438034,1
40,62.28465289004712,13,1,3.0482276300922484,0
46,56.66320664612159,10,4,3.603740192908676,0
34,58.072774288235536,10,3,7.697197669927936,1
49,42.69220989909546,13,7,4.481876711612028,1
24,59.684446222006585,13,4,5.952896888524647,1
47,48.31013134411202,13,2,2.563974683966252,0
45,52.554869597485904,8,2,7.375485173619175,0
31,53.52701910581678,14,1,7.30316871508006,1
61,55.46613460202561,9,3,5.59778863372415,0
47,78.44346913014172,8,5,3.772028690021976,1
34,57.40418341590613,8,1,2.1274519875510283,0
49,80.47404673180196,12,2,9.54865054018818,1
63,90.75709902652963,7,3,4.189059347994084,0
23,77.09889302112299,11,2,2.132594790055018,1
68,70.68937070137022,10,2,3.806655439152065,0
41,66.53664418967041,9,5,5.7985918431872205,1
23,77.3071741810014,5,0,2.5051600380237335,0
44,61.78721477192479,17,1,3.819210680468271,1
35,79.69139691914397,11,0,2.11811443080991,0
41,72.28211610579369,5,0,7.886439211399264,0
54,52.80319078439224,16,2,4.8342607784143565,1
41,77.91701760205612,7,2,2.095336803620201,0
55,61.82960011955137,6,4,3.1998238650063513,0
51,57.87735984775368,8,5,3.709659321034602,0
57,50.47601679202026,9,1,5.046075193728515,0
64,63.32037695749145,11,3,3.1768947772886262,0
32,79.92925230825966,10,1,4.269715300306682,0
